file_name,file_hash,s3_path,db_file_size,error
"3rdpartylicenses.txt.br","1e179f840fb7f2ad20294c05a16cdb7f2a80e2c6d4e894f6be6469b92b2e2d24","orgs/938847bd-ad89-4ee4-a8cc-4e62f513379a/apps/com.emberlink.pubqdemo/delta/cfc4e298b75937dd9d06fb806bdd1b96c952b89b860145123d508609347be4dc_3rdpartylicenses.txt.br","9564","NOT_FOUND"
"assets/custom-svg/bcg.svg","88d865157897617fd69401ef5729b41a240506de9086d4b0c7d58f7d7db149e0","orgs/938847bd-ad89-4ee4-a8cc-4e62f513379a/apps/com.emberlink.pubqdemo/delta/ddd2d918e3199fba49ae3e0728b95ba685aa26ffb73e7252100f4401b4a52ff4_assets/custom-svg/bcg.svg","0","NOT_FOUND"
"assets/custom-svg/inverto.svg","586290dcf8545745253a5abb18fb14fcca6edc88a3f7e1e6ab7db99b4cecf2c8","orgs/938847bd-ad89-4ee4-a8cc-4e62f513379a/apps/com.emberlink.pubqdemo/delta/ab61b3b2dd3ab0669bd13fd0b88855f00f58215e2a8e3b4fffe8b3bfec06349a_assets/custom-svg/inverto.svg","0","NOT_FOUND"
"assets/custom-svg/minimarket.svg","7a65b4ae0070f2beac9621edc6d445814d2d173e9107f7e43820db8b26bf82d4","orgs/938847bd-ad89-4ee4-a8cc-4e62f513379a/apps/com.emberlink.pubqdemo/delta/ffaa60f748f9cff79f5f48261484881a8f67d0adbdbf27f2c309f4e80a6dc7cf_assets/custom-svg/minimarket.svg","0","NOT_FOUND"
"assets/fonts/Antonio-Bold.ttf.br","6f5de9bcc78767c330c6df4b6181eed269525797de720f19009f04242f41a010","orgs/938847bd-ad89-4ee4-a8cc-4e62f513379a/apps/com.emberlink.pubqdemo/delta/9ce3543e63ab78bab3b5ef83cbf976309e883f20d2703e818fc0e7e96fa0e633_assets/fonts/Antonio-Bold.ttf.br","19433","NOT_FOUND"
"assets/fonts/Antonio-Regular.ttf.br","546434587d5e8dcb718b1e2827ab80cfa5ae874a64013e15620abe4128bb6d25","orgs/938847bd-ad89-4ee4-a8cc-4e62f513379a/apps/com.emberlink.pubqdemo/delta/4c2d63110c4973d33dba8a92d6330f57b971ee66afadea257cca63361beabd7e_assets/fonts/Antonio-Regular.ttf.br","19230","NOT_FOUND"
"assets/fonts/FreigSanProSem.ttf.br","b8361eea9f9ffa0cf1ce4a8f2ed67dc60a5d8306b290f07646d8ce486334cc16","orgs/938847bd-ad89-4ee4-a8cc-4e62f513379a/apps/com.emberlink.pubqdemo/delta/6540f438d6c4cb16e5da2989b60b06c45dfa44328d7b9cdfd77bb2659e7db7b3_assets/fonts/FreigSanProSem.ttf.br","36278","NOT_FOUND"
"assets/fonts/HelveticaNeueLight.ttf.br","0b61ac5fa644cc23adcf38e519781c9d6665d9ee9279d54e34d6a47be95634f9","orgs/938847bd-ad89-4ee4-a8cc-4e62f513379a/apps/com.emberlink.pubqdemo/delta/ebef47f717bcd00c8599f9b7f84db11614753dcde2b029aa111fe35799c04187_assets/fonts/HelveticaNeueLight.ttf.br","17783","NOT_FOUND"
"assets/fonts/Quicksand-Bold.ttf.br","3905f71bf8291badc368c795607d905c4f023b48142aa7d5446ec9f4d12e0297","orgs/938847bd-ad89-4ee4-a8cc-4e62f513379a/apps/com.emberlink.pubqdemo/delta/f337179edb2b911047c86a4cd5d751b40277bbec7c67a2ef0790f70390b02584_assets/fonts/Quicksand-Bold.ttf.br","32862","NOT_FOUND"
"assets/fonts/Quicksand-Medium.ttf.br","8d8708fa5cdbcfbc3562f6115d6374f71be6eb73c2bc6fb845cf16122b6ae7c7","orgs/938847bd-ad89-4ee4-a8cc-4e62f513379a/apps/com.emberlink.pubqdemo/delta/7859727718249324ca7eb86b83c6bdf9b5343fc28d63417653398ec7b31f3d68_assets/fonts/Quicksand-Medium.ttf.br","34600","NOT_FOUND"
"assets/fonts/inter-regular.ttf.br","3e5f90a0138b38de4cf4d779ad78391974ea1df776b9164842bdcbb60ce383c5","orgs/938847bd-ad89-4ee4-a8cc-4e62f513379a/apps/com.emberlink.pubqdemo/delta/9ed0e9d11d1fe0db6801bb4f582a106e40914b8cdcf068bfd29a304b86097146_assets/fonts/inter-regular.ttf.br","130459","NOT_FOUND"
"assets/fonts/inter-semibold.ttf.br","a8b276e25bb13dfa39cface35cc92aff9a7d5f1b96143f0df8c66351ccfed2a4","orgs/938847bd-ad89-4ee4-a8cc-4e62f513379a/apps/com.emberlink.pubqdemo/delta/99e323ad5537f4127e8f9df3115f821565fdb3bea3e71aba5ca6cff15ebe619a_assets/fonts/inter-semibold.ttf.br","133628","NOT_FOUND"
"assets/icons/applepay.svg","9d9e21b6482d2aa72e81a19ced0d19369ffcf5e34cc3b134e372efa89d791a50","orgs/938847bd-ad89-4ee4-a8cc-4e62f513379a/apps/com.emberlink.pubqdemo/delta/b3e0fde0cd25b6f2c2b8f7bd446f331944d6ba5f8c5d1848b56f2abf38114883_assets/icons/applepay.svg","1196","NOT_FOUND"
"assets/icons/basket.svg","4ee2f16d7c5ae724fe6b9a436ffdb63760f095a62fb6b8ab3840749f2976d1ad","orgs/938847bd-ad89-4ee4-a8cc-4e62f513379a/apps/com.emberlink.pubqdemo/delta/cb0311b4109f3beaa74ecca9d55edc4b2ca73152d7fc5b65f08059fc8165238f_assets/icons/basket.svg","1085","NOT_FOUND"
"assets/icons/bonuspoints_logo.svg.br","23f359264ef3483016a5dd191adf02ddfebc37d82ecbec6f18401cba06261e58","orgs/938847bd-ad89-4ee4-a8cc-4e62f513379a/apps/com.emberlink.pubqdemo/delta/5f9b7d0cf0f7e3ebf2beb15e1299111a18ec8834534dacf7eebef4f252cea053_assets/icons/bonuspoints_logo.svg.br","6449","NOT_FOUND"
"assets/icons/de.svg","e8068a47b59e125684fdc2722bb0a98385840398076251ea2ad921845e8c9278","orgs/938847bd-ad89-4ee4-a8cc-4e62f513379a/apps/com.emberlink.pubqdemo/delta/4e2483201e34f0e09449ea00d3853f764fada5f76113b1e92279a5bc2d5073e3_assets/icons/de.svg","314","NOT_FOUND"
"assets/icons/delivery.svg","0402ebc503da401962c801f0e78b43b4340f4967b841c38a828864f1508905b5","orgs/938847bd-ad89-4ee4-a8cc-4e62f513379a/apps/com.emberlink.pubqdemo/delta/b25410f21beab7cfd61a42eeb66e8f78d548ae43635a92bc6ce7ff9a03659b92_assets/icons/delivery.svg","2038","NOT_FOUND"
"assets/icons/discount_undraw.svg.br","d563889be6cdbd86aed0e156d5a94d5cd62a11168339583c898dee8ce0f67af4","orgs/938847bd-ad89-4ee4-a8cc-4e62f513379a/apps/com.emberlink.pubqdemo/delta/915e9a62e6455c4d6ad61e8185df0a85194487b5324a62538046bb1a26f11ea6_assets/icons/discount_undraw.svg.br","7523","NOT_FOUND"
"assets/icons/dk.svg","b2122c497ed00070131967a1376c9e08f578140699eedc2e6b002529b7f85f08","orgs/938847bd-ad89-4ee4-a8cc-4e62f513379a/apps/com.emberlink.pubqdemo/delta/cf40e622a3c092001d782b837168a9ce5448919cffc295d5b514d4ffcb38ab67_assets/icons/dk.svg","227","NOT_FOUND"
"assets/icons/document-text-outline.svg","e8a7a9e87505efa75512ed4ca33c9c73680ebd211967a685719dfa892d7d4955","orgs/938847bd-ad89-4ee4-a8cc-4e62f513379a/apps/com.emberlink.pubqdemo/delta/f9dde8183b1b3042ab4db331c1395c95bd92748bcc782fb6a6b17ef844564686_assets/icons/document-text-outline.svg","501","NOT_FOUND"
"assets/icons/employee_card.svg","72437a1d10d13e806a477e59b99d866bb88afa5605df07887174cb7b2e2610df","orgs/938847bd-ad89-4ee4-a8cc-4e62f513379a/apps/com.emberlink.pubqdemo/delta/4dd691bb859f243156259929f33bf637d2ac294045862699c8fea608ffc51616_assets/icons/employee_card.svg","1531","NOT_FOUND"
"assets/icons/empty.svg","0654f5024be4bd4b83ac1cc0866336459dc44907aa1ef3f435fb2bcaff42bb92","orgs/938847bd-ad89-4ee4-a8cc-4e62f513379a/apps/com.emberlink.pubqdemo/delta/e875698bd055d2aab1684d2d1096e30097b4e29746df279cd883be3c0487f40f_assets/icons/empty.svg","2505","NOT_FOUND"
"assets/icons/fi.svg","f45a4f93a02f6482020719de60d7e1d2d5940460da6c6f70c23e545f9dd3a344","orgs/938847bd-ad89-4ee4-a8cc-4e62f513379a/apps/com.emberlink.pubqdemo/delta/7520e4599bcbc5ed60086868594b62f6dae86f0a0e5ff96b60f1f45c8b8e3465_assets/icons/fi.svg","238","NOT_FOUND"
"assets/icons/genericcard.svg","259818d527e259de6fe99cad52be94e15ac22ec2e1db586b9891c7a87b2a2245","orgs/938847bd-ad89-4ee4-a8cc-4e62f513379a/apps/com.emberlink.pubqdemo/delta/007b0150b17948c6bc68027285385dcb921cac92b37fc1566b3da2f78da17da7_assets/icons/genericcard.svg","1011","NOT_FOUND"
"assets/icons/googlepay.svg","f9ace8f0d4fd37df388b424a03d71da5e0d7024ec39cec0173916dba5a8f9dc7","orgs/938847bd-ad89-4ee4-a8cc-4e62f513379a/apps/com.emberlink.pubqdemo/delta/56a021141f6875121d3ff91d96e24e41a8e4d33b04940b3329447c1b9bc9afd1_assets/icons/googlepay.svg","0","NOT_FOUND"
"assets/icons/icon-128.webp","b6ea30a34eb2004850a7b5dfacf5f32efb9dfbafc20916b35b808a171b757b3f","orgs/938847bd-ad89-4ee4-a8cc-4e62f513379a/apps/com.emberlink.pubqdemo/delta/f7548fe794ee7b5c3493648e0726735337b5dc358d8563e47163927e77c4273b_assets/icons/icon-128.webp","8699","NOT_FOUND"
"assets/icons/icon-192.webp.br","21be27cec8b26df320a0fbdb688ba8d8845d393387b3d3998db3feadf946c1be","orgs/938847bd-ad89-4ee4-a8cc-4e62f513379a/apps/com.emberlink.pubqdemo/delta/1cc1babce3350004866c07bc5dc1c0993ff1cb8475a4d2d1d30dd7ce56215fb0_assets/icons/icon-192.webp.br","14571","NOT_FOUND"
"assets/icons/icon-256.webp.br","76bfe3e27ec3d77ac1e8ca7bd5f7a9f844f30b2f6ba2e5bc4f890c23e580fba2","orgs/938847bd-ad89-4ee4-a8cc-4e62f513379a/apps/com.emberlink.pubqdemo/delta/09aef50dd113d33b12de9597208e319692b6f79cf7fbf3ddfe52e91193a943a4_assets/icons/icon-256.webp.br","20602","NOT_FOUND"
"assets/icons/icon-48.webp","befdd21354f57886279d2d67b2635b767fb8e5194359c04f31bd597965f36fd1","orgs/938847bd-ad89-4ee4-a8cc-4e62f513379a/apps/com.emberlink.pubqdemo/delta/c003dc0a77d2f170dd0bbf53fcc9ffba754e038181b355b2edf4588ba30218eb_assets/icons/icon-48.webp","2462","NOT_FOUND"
"assets/icons/icon-512.webp.br","ce415e70d90dd5ee03ef0c5b2f9d0b1d1e1d11bebdd87c619a197a900b32342c","orgs/938847bd-ad89-4ee4-a8cc-4e62f513379a/apps/com.emberlink.pubqdemo/delta/85dfd026a897aaefbfd0f58ee8f95048fc4ed93ef2b65b8f2bc5131c4070a9c4_assets/icons/icon-512.webp.br","61138","NOT_FOUND"
"assets/icons/icon-72.webp","271b6462ae489021012effea7edcbf687b81a7406838385554bd817ce5c895ac","orgs/938847bd-ad89-4ee4-a8cc-4e62f513379a/apps/com.emberlink.pubqdemo/delta/acbcb1ae0e2d783109655c905dc663bfdfcc88676ca24f94c35a15a8fd78480f_assets/icons/icon-72.webp","4280","NOT_FOUND"
"assets/icons/icon-96.webp","739666b16bc0aadcfb85acff6fbc95297451b239a1648e0f2c03f4040cd6fd86","orgs/938847bd-ad89-4ee4-a8cc-4e62f513379a/apps/com.emberlink.pubqdemo/delta/b1e986b9ede452312ed6e599f23a65ae3c82f0cda293bd7f0f3b25674faee87b_assets/icons/icon-96.webp","6285","NOT_FOUND"
"assets/icons/inverto.png.br","e5b99ca8c9fd5414bf62cec3d79916c0a8ade5a6bbd3a31b75d3034121ea520f","orgs/938847bd-ad89-4ee4-a8cc-4e62f513379a/apps/com.emberlink.pubqdemo/delta/00e593624ca7b20ba3bb3c2558ba3f8a6cafc12594354c71f9fc1e0692441679_assets/icons/inverto.png.br","18643","NOT_FOUND"
"assets/icons/mastercard.svg","2aada370bed75ef19530ace2380b1ca5c92deeeb95770d6993050f89b6468458","orgs/938847bd-ad89-4ee4-a8cc-4e62f513379a/apps/com.emberlink.pubqdemo/delta/1e2eb06447e60040ab39b15c51803dd170bd053b7685ba8872429304899ebda5_assets/icons/mastercard.svg","1859","NOT_FOUND"
"assets/icons/minus.svg","ec29e10a65004702be3915e42f022e1b02bc0f87cfb6c972f3abaa65f748698f","orgs/938847bd-ad89-4ee4-a8cc-4e62f513379a/apps/com.emberlink.pubqdemo/delta/c62f576f85ecb3899e1cbdb11decd7978b01bda94573d0aa9e8ec1ec5e2e25ba_assets/icons/minus.svg","0","NOT_FOUND"
"assets/icons/mmm/calendar.svg","a35e81e688e7f95fd2bb5419464ac0b24386adf2d505a055993c3019c2b30220","orgs/938847bd-ad89-4ee4-a8cc-4e62f513379a/apps/com.emberlink.pubqdemo/delta/b1e02bd8427d5df71aa06c87656a6de91a80b62111c2848aae5b4a1f20bab5aa_assets/icons/mmm/calendar.svg","2871","NOT_FOUND"
"assets/icons/mmm/champagne-bottle.svg","02ad35aee058d22a16a9168b26558601d2d562096b9b3ad4a5288e20830244c5","orgs/938847bd-ad89-4ee4-a8cc-4e62f513379a/apps/com.emberlink.pubqdemo/delta/420cdf3022a5bbbd6a1ecf527aa0ebc60e09591595151681ef895218e0d60174_assets/icons/mmm/champagne-bottle.svg","3239","NOT_FOUND"
"assets/icons/mmm/champagne-glass-color.svg.br","43e9bc78fac433a68c90906242efb96f738f97e808e86af23a53a7b4ed87d923","orgs/938847bd-ad89-4ee4-a8cc-4e62f513379a/apps/com.emberlink.pubqdemo/delta/5a462e5263c4699f1312ddcbba4b8b28d714b78a636f5a9d23a16649e890fac1_assets/icons/mmm/champagne-glass-color.svg.br","2988","NOT_FOUND"
"assets/icons/mmm/champagne-glass.svg","3b0b39c32c33c7300b263c02eb70cb346689a97b97f596d5d5e8d749c2a9020a","orgs/938847bd-ad89-4ee4-a8cc-4e62f513379a/apps/com.emberlink.pubqdemo/delta/8ac860a1ee2b2f631d0fd64d86f4c6269364ceed2c23e2e11f7f0aea878fea23_assets/icons/mmm/champagne-glass.svg","4996","NOT_FOUND"
"assets/icons/mmm/delivery.svg","0402ebc503da401962c801f0e78b43b4340f4967b841c38a828864f1508905b5","orgs/938847bd-ad89-4ee4-a8cc-4e62f513379a/apps/com.emberlink.pubqdemo/delta/b25410f21beab7cfd61a42eeb66e8f78d548ae43635a92bc6ce7ff9a03659b92_assets/icons/mmm/delivery.svg","2038","NOT_FOUND"
"assets/icons/mmm/eatin.svg","130e4d6aace8a59f45c3cd7b4e1a1705f8c7237fc42d7a9097e2969a8eee6b8c","orgs/938847bd-ad89-4ee4-a8cc-4e62f513379a/apps/com.emberlink.pubqdemo/delta/d019b357602d0aff5c121858ccbba67e85adba06b6b02d546ab23eb8f2b35f23_assets/icons/mmm/eatin.svg","0","NOT_FOUND"
"assets/icons/mmm/facebook.svg","4905ff15dfc062a1e72b85937ee31c66a61264e42096764998942f5e8761551b","orgs/938847bd-ad89-4ee4-a8cc-4e62f513379a/apps/com.emberlink.pubqdemo/delta/0d1b94bea0916ebdb83ddde8ce7835acc66c3251fe7f398fd25664084f7cf1fa_assets/icons/mmm/facebook.svg","537","NOT_FOUND"
"assets/icons/mmm/home_3_1.svg","f8bb68c4b7923677b0825926581ae154081e97664458081d6640fa9437e17c04","orgs/938847bd-ad89-4ee4-a8cc-4e62f513379a/apps/com.emberlink.pubqdemo/delta/e79fdef2fba24540a62fb0a5a606d68ebfaffba6290e857d1c54280b48f5f186_assets/icons/mmm/home_3_1.svg","2891","NOT_FOUND"
"assets/icons/mmm/instagram.svg","a2411b84929e10ddb08da7adeb6e78716320cbfb4c8ef93b75658e5ff4c5e0f4","orgs/938847bd-ad89-4ee4-a8cc-4e62f513379a/apps/com.emberlink.pubqdemo/delta/e04ff0d4fdddbacaaefed5340499524c3a8d3d9a5ff2003053d4841d692212e3_assets/icons/mmm/instagram.svg","1813","NOT_FOUND"
"assets/icons/mmm/kommentar.svg","45f988f9e15ebe9f3573c3a2470f569375243ce34b618a51d7c0689c76377269","orgs/938847bd-ad89-4ee4-a8cc-4e62f513379a/apps/com.emberlink.pubqdemo/delta/682b0c9e287b571654ce9b4bb471f9e1d2bfb2ea48ed38250bd02c00d9798f70_assets/icons/mmm/kommentar.svg","0","NOT_FOUND"
"assets/icons/mmm/menu_2.svg","62fe0644a064b6ba836b4b0dfc6b5dac2e7e7076e2afd6684b9f2fe3753900f6","orgs/938847bd-ad89-4ee4-a8cc-4e62f513379a/apps/com.emberlink.pubqdemo/delta/d7ebf424e48163a10b0a705571316a2073ce7ca297da1501f8d10f6898410f69_assets/icons/mmm/menu_2.svg","3039","NOT_FOUND"
"assets/icons/mmm/message_2_dots.svg","05062c92d19c772f8cd005999ddedb07c61d5a862c9bb67c536e072f707032e1","orgs/938847bd-ad89-4ee4-a8cc-4e62f513379a/apps/com.emberlink.pubqdemo/delta/696591918d4dde60672f2c93c268f053e74ad0d3d4b2a2f0535b6e5e40a729d0_assets/icons/mmm/message_2_dots.svg","3081","NOT_FOUND"
"assets/icons/mmm/message_2_question.svg","2f34beb4d847718c5db3805d91cebbc7febe3e2aa281aea1186d0c547584f243","orgs/938847bd-ad89-4ee4-a8cc-4e62f513379a/apps/com.emberlink.pubqdemo/delta/9d5d0e06c7f8017cf2b47c6b9d4b3d256b06e72545f120f80b31034dae51a4cb_assets/icons/mmm/message_2_question.svg","3069","NOT_FOUND"
"assets/icons/mmm/news.svg","59bcc140d84b594b1e32ea1584be0742436915d8469afee6de66d3f5d00ad4e1","orgs/938847bd-ad89-4ee4-a8cc-4e62f513379a/apps/com.emberlink.pubqdemo/delta/c206c270a94cfcf6af4b41abb846954e016434e006382c520238dd1863637bdd_assets/icons/mmm/news.svg","8154","NOT_FOUND"
"assets/icons/mmm/phone.svg","bcf8afb5e6f8d720d9c33a2488c8e056381599f7654b2382af070e85a1e4ce0a","orgs/938847bd-ad89-4ee4-a8cc-4e62f513379a/apps/com.emberlink.pubqdemo/delta/1c3a4853a64fb1699365c7de63d20adb903d8e402db9bd8e20a4c037c9d5be1c_assets/icons/mmm/phone.svg","3310","NOT_FOUND"
"assets/icons/mmm/profile_badge_1.svg","5bbbf367aae48fead82da00bb5b54966f1a5e318fb3842eeb345026f0170d1d5","orgs/938847bd-ad89-4ee4-a8cc-4e62f513379a/apps/com.emberlink.pubqdemo/delta/b8d68fa1040d520b358707a02adf081d748d864f4a8a1811581eac223f58d10d_assets/icons/mmm/profile_badge_1.svg","3110","NOT_FOUND"
"assets/icons/mmm/profile_close_1.svg","42a2e7e862c37c5074f24b826f3bc06586978c4b22a8a0155b6b3d4e3f5454c6","orgs/938847bd-ad89-4ee4-a8cc-4e62f513379a/apps/com.emberlink.pubqdemo/delta/0ab796da3b76c607d82bef0b15d92a8ba67933c9859da38440360cb72726aa40_assets/icons/mmm/profile_close_1.svg","3154","NOT_FOUND"
"assets/icons/mmm/profiles_2_add.svg","87233c235e7925c3360c1de235fde44cc4bb850d76f49d1c32d83a17de6900f8","orgs/938847bd-ad89-4ee4-a8cc-4e62f513379a/apps/com.emberlink.pubqdemo/delta/fa20875e95a2fd0d862cf341edcb51f1191c5c01a09ce1ce4d1c40cb2df9e659_assets/icons/mmm/profiles_2_add.svg","1800","NOT_FOUND"
"assets/icons/mmm/rabattkod.svg","93b09d39cc2de90b9ee897df8abb3129afaa8e5b393c143d5b8320ae7632676f","orgs/938847bd-ad89-4ee4-a8cc-4e62f513379a/apps/com.emberlink.pubqdemo/delta/7167b1415e96199ce063e0fa31ac0420f11e11858c7b4162516c9091c796aac6_assets/icons/mmm/rabattkod.svg","0","NOT_FOUND"
"assets/icons/mmm/smile.svg","becbdf3425d54f22de81055f81bdf406f907b9d5b38117b023ad6b378973b742","orgs/938847bd-ad89-4ee4-a8cc-4e62f513379a/apps/com.emberlink.pubqdemo/delta/1b163c0bd4cf07f74064aa6ad429f8c6d5241823d450d4639f90b69b8abaf9b3_assets/icons/mmm/smile.svg","0","NOT_FOUND"
"assets/icons/mmm/smile2.svg","395559423872aa109fa5a1771ae0ef5083aa7d409101c44706c7838d47ec1c1e","orgs/938847bd-ad89-4ee4-a8cc-4e62f513379a/apps/com.emberlink.pubqdemo/delta/8621969879a96cbc764683d1b2e6b518a8ce85c5e0862035b6dbb36dcf214c17_assets/icons/mmm/smile2.svg","1658","NOT_FOUND"
"assets/icons/mmm/smile_happy_3.svg","d29e09c848a5843baf679311a60f96fe1555d60aa165eb7826eb1f160576b4aa","orgs/938847bd-ad89-4ee4-a8cc-4e62f513379a/apps/com.emberlink.pubqdemo/delta/54d88a8fb78c62a76d63d2ec9a63b00b386d1cb10f9ef3109d1df5ad5e9cb1ce_assets/icons/mmm/smile_happy_3.svg","2917","NOT_FOUND"
"assets/icons/mmm/table-2.svg.br","83e36cd418ff3312cd2ee7a7649901760271062426cf557d9929d3db1a17e5cd","orgs/938847bd-ad89-4ee4-a8cc-4e62f513379a/apps/com.emberlink.pubqdemo/delta/d000575f0d79b39128dbcfd15d202fe680a3f70132a77446dfd3c7e12cfd2f17_assets/icons/mmm/table-2.svg.br","2790","NOT_FOUND"
"assets/icons/mmm/table.svg","517b181a9d21e850263d899d3d22d96f6a973b71d63006ff76331696791d0f5d","orgs/938847bd-ad89-4ee4-a8cc-4e62f513379a/apps/com.emberlink.pubqdemo/delta/890f63be372fa91e0626293d4b6277b0ca929d23f38cbdc5329ac51bafe95dfb_assets/icons/mmm/table.svg","0","NOT_FOUND"
"assets/icons/mmm/tableserve.svg","73e4b319903b94bbd25c0e0001d05d7234809887ac4a2b9798a1209e3151f3c0","orgs/938847bd-ad89-4ee4-a8cc-4e62f513379a/apps/com.emberlink.pubqdemo/delta/e82b2422d0e3d9b5ac57f6daa1730d8b9607d1a9bba43c41b10a5ec65f38a3b6_assets/icons/mmm/tableserve.svg","0","NOT_FOUND"
"assets/icons/mmm/take_away.svg","d1d6b2fb29693210436e2c960a1c78dce1bda6e0eb8855d9ac3934cde7aa520e","orgs/938847bd-ad89-4ee4-a8cc-4e62f513379a/apps/com.emberlink.pubqdemo/delta/cdf1faf14dd6f15d7f88baafe220e9cf6390332e07d4aeca770fec666a501456_assets/icons/mmm/take_away.svg","0","NOT_FOUND"
"assets/icons/mmm/tapas-2.svg","226133e9b4aa83277bcc75bbf6e4b2bbc0497b823a4cbff538dadd10d141d031","orgs/938847bd-ad89-4ee4-a8cc-4e62f513379a/apps/com.emberlink.pubqdemo/delta/c57c79c255b8aa385de334fdcc9a18cd439fac55702cb03edf2fd16c20a3c3a2_assets/icons/mmm/tapas-2.svg","0","NOT_FOUND"
"assets/icons/mmm/tapas.svg","49308fc9e60dd1265da8239c9a44e3802c49ae97acf8d81a339aa129ed054382","orgs/938847bd-ad89-4ee4-a8cc-4e62f513379a/apps/com.emberlink.pubqdemo/delta/fe788359b1e28c98afb77a7ff14579e981a4e8782d25e5b4b6c79184772d2d14_assets/icons/mmm/tapas.svg","0","NOT_FOUND"
"assets/icons/mmm/tea_1.svg","24fce6a3ca67e78aad415e846719d93957dc8b947efb54a5f080980f859fc57f","orgs/938847bd-ad89-4ee4-a8cc-4e62f513379a/apps/com.emberlink.pubqdemo/delta/5e9b1f5e9cd3ea049ea2eb00ad2abb2040f2f863dd1ed617e17155310c15c39b_assets/icons/mmm/tea_1.svg","3022","NOT_FOUND"
"assets/icons/mmm/tes_3.svg","98a5d51e4611466cece2b52e299796b25892d75eaf505d0ba6a521fdc40ca33d","orgs/938847bd-ad89-4ee4-a8cc-4e62f513379a/apps/com.emberlink.pubqdemo/delta/1686a63c540b1b8b2c74adb8776a4c8e9ac9b1bad4c67ff81faf9ad8691ad22d_assets/icons/mmm/tes_3.svg","3033","NOT_FOUND"
"assets/icons/mmm/thumb.svg","f6e95f508c64d9475b0b215639f875906cca859e1418c9652b64662e13200e68","orgs/938847bd-ad89-4ee4-a8cc-4e62f513379a/apps/com.emberlink.pubqdemo/delta/77bd7371fce34782a19fd07202deb9a038aaf78d41242327b0533f63e5319ae9_assets/icons/mmm/thumb.svg","2951","NOT_FOUND"
"assets/icons/mmm/tiktok.svg","66a030ca3321ba76a8980004d7c5395bda1e44c743cf9a4a79812ab2d82081df","orgs/938847bd-ad89-4ee4-a8cc-4e62f513379a/apps/com.emberlink.pubqdemo/delta/1b29c451f238f07faa430ee2bb6874a59d7202de5fb8fc07d0f3ff6e71bdbc8d_assets/icons/mmm/tiktok.svg","0","NOT_FOUND"
"assets/icons/mmm/time_1.svg","66bfc92089e92ed6d34eee2abf5080b233804349539cafb82c8772785a346d03","orgs/938847bd-ad89-4ee4-a8cc-4e62f513379a/apps/com.emberlink.pubqdemo/delta/b1d8f3cb69800c0610a6b71bc34a6d7c803e1c6286cf89c38ceebc703bb88bbe_assets/icons/mmm/time_1.svg","2828","NOT_FOUND"
"assets/icons/mmm/vine.svg","2d0b366cc313bafb11145f443a722254df8657d43169f0b6e14fd3e03986c680","orgs/938847bd-ad89-4ee4-a8cc-4e62f513379a/apps/com.emberlink.pubqdemo/delta/96cb5721a54b68be6c9c5a2e3e67fede635615f64e17810fc6b2b11a29f635d8_assets/icons/mmm/vine.svg","3862","NOT_FOUND"
"assets/icons/mmm/wallet.svg","2f79ab366276f4f8d219d4f06e1e0573dc7df1304bef43ce15ad4048636bca3c","orgs/938847bd-ad89-4ee4-a8cc-4e62f513379a/apps/com.emberlink.pubqdemo/delta/38d18ee14448c41e0623183c9ea067b2adf325a036e86707d03a22f95127f7fc_assets/icons/mmm/wallet.svg","1993","NOT_FOUND"
"assets/icons/mmm/weeklymenu.svg","1fb93525a033f0f24f5d9802af6c690ed745727ba953a1a988cd2f6e9d38cf77","orgs/938847bd-ad89-4ee4-a8cc-4e62f513379a/apps/com.emberlink.pubqdemo/delta/ebf8e2068cda957885406323da4472fbfc05a85696d9eed1d52f3445c7ac8484_assets/icons/mmm/weeklymenu.svg","0","NOT_FOUND"
"assets/icons/mmm/yammer.svg","5ac8f4d5d35331ea7f6b70aed5d5976a3bfcabd864b2bfd27cb481c76c8e5c44","orgs/938847bd-ad89-4ee4-a8cc-4e62f513379a/apps/com.emberlink.pubqdemo/delta/9896d933a6f24f5ca6f6f131ea6702f06374ec1e4d82a54ee810100408e11cee_assets/icons/mmm/yammer.svg","0","NOT_FOUND"
"assets/icons/mobile_pay.svg","022f00ebd82f60879b2731871296935ed5b575e1ed83046aad06e80c66869d60","orgs/938847bd-ad89-4ee4-a8cc-4e62f513379a/apps/com.emberlink.pubqdemo/delta/a647acca646d42c50b9482db8374fe63d25611f70fb71072484391f3b9e3b26e_assets/icons/mobile_pay.svg","7037","NOT_FOUND"
"assets/icons/mobilepay.svg.br","1abd61b33c0689a75b61a2e49de394867e2a85d23c3d24f0fff9526825a1ef33","orgs/938847bd-ad89-4ee4-a8cc-4e62f513379a/apps/com.emberlink.pubqdemo/delta/152e010a82a52f9d7eede30ecb9925520cb19038bf36a4b869260c7fb1e16f11_assets/icons/mobilepay.svg.br","3904","NOT_FOUND"
"assets/icons/no.svg","b8daefd6d25e5cb9f3aac079faec26b7d8d9eefbea3933293c68d03888c90362","orgs/938847bd-ad89-4ee4-a8cc-4e62f513379a/apps/com.emberlink.pubqdemo/delta/61e96980613273072adde324c2cc6bf22d9503660e63e65e13dc06b3cea0c32a_assets/icons/no.svg","347","NOT_FOUND"
"assets/icons/notification.svg","e19bea419464d4dfd188b04b890cf858e5c6087235f57be4d41088e71a888479","orgs/938847bd-ad89-4ee4-a8cc-4e62f513379a/apps/com.emberlink.pubqdemo/delta/cee31f5ee97b5dbb65c14b584196fda8904002c46fa39cf1af4b55410660d46b_assets/icons/notification.svg","3003","NOT_FOUND"
"assets/icons/party-popper.svg","029b4af24594163e2deaa35e22b32251c732cb246637e881cd8d4abc0be76489","orgs/938847bd-ad89-4ee4-a8cc-4e62f513379a/apps/com.emberlink.pubqdemo/delta/d06aa26dc81d53be23c91efc5f8668a094eff9d27ef2539e76c137a209b5d75f_assets/icons/party-popper.svg","4765","NOT_FOUND"
"assets/icons/plus.svg","3ae78945a96aa09c1e4631b1d9b15e664642085af37163ab0bf438f044fcd5ba","orgs/938847bd-ad89-4ee4-a8cc-4e62f513379a/apps/com.emberlink.pubqdemo/delta/1d9fb6af0bf6d2c685fa7a8d21a4c4a738e1b573d4ec9390459d474c374c8e1d_assets/icons/plus.svg","0","NOT_FOUND"
"assets/icons/relationship.svg","45a248b720a88302d353191d239dbef7ca21a04fe11b527c7f6bc08561007596","orgs/938847bd-ad89-4ee4-a8cc-4e62f513379a/apps/com.emberlink.pubqdemo/delta/c66b34ee2f4bf1a53e4a311ed72e107b3f92388c385739064b5414f7a3b562bf_assets/icons/relationship.svg","0","NOT_FOUND"
"assets/icons/sad.svg","14022c277a0d6cdff8128f674a549ef58e95f6c6ab1bc58b7dd0eea4d2a24aa2","orgs/938847bd-ad89-4ee4-a8cc-4e62f513379a/apps/com.emberlink.pubqdemo/delta/90bc815e398af5404c678115974f5c0510012550b1762ee02849c5f530bb265e_assets/icons/sad.svg","429","NOT_FOUND"
"assets/icons/se.svg","7955e676f09ac0dc1490d624bf9cb465009fa201b8e412a8eebe529e433e3662","orgs/938847bd-ad89-4ee4-a8cc-4e62f513379a/apps/com.emberlink.pubqdemo/delta/b50523922afe9223b56b54a763a3d319490876c908a45d1d0090c2550ea27b54_assets/icons/se.svg","221","NOT_FOUND"
"assets/icons/shopping_cart.svg","edf5edcc6420847fd6ce3928ad6a1cca758687d774cf2442d095ebd29ed82a42","orgs/938847bd-ad89-4ee4-a8cc-4e62f513379a/apps/com.emberlink.pubqdemo/delta/4bc042241dbaf067102662012a37b38256346803d9350b34fb02910c2e8a3d2b_assets/icons/shopping_cart.svg","978","NOT_FOUND"
"assets/icons/shopping_cart2.svg","7875668954b9c73c7612ee6df03b0d0aaedf072c61ecd24b438433821371e1e0","orgs/938847bd-ad89-4ee4-a8cc-4e62f513379a/apps/com.emberlink.pubqdemo/delta/19d1443efa896d025a68d6f1d492b8da6f31ef824cae7f6f3553c972e1bfd6f4_assets/icons/shopping_cart2.svg","0","NOT_FOUND"
"assets/icons/stripe.png.br","72a2bab4a84bfa63dec99cb295c800b130291f8cdbad26e759cb8cd275732d41","orgs/938847bd-ad89-4ee4-a8cc-4e62f513379a/apps/com.emberlink.pubqdemo/delta/35ac9661ce08053a5ae857bebe0be65dfb34629d0d3ae496174d4fee0e790df2_assets/icons/stripe.png.br","9057","NOT_FOUND"
"assets/icons/stripe.svg","63a30d7298cda1c8bb9388fd81de93b9390210bda44030bd9b158a8112a334d8","orgs/938847bd-ad89-4ee4-a8cc-4e62f513379a/apps/com.emberlink.pubqdemo/delta/fa5c1619e0fba08bbb4ddfe6ac7f74e3ed7d42a0018d1cbcd209f9f10f57c301_assets/icons/stripe.svg","0","NOT_FOUND"
"assets/icons/swish.svg.br","e0f136ec47f048fffe470672ad615e575244bd3e59f675c6fa9684817594625f","orgs/938847bd-ad89-4ee4-a8cc-4e62f513379a/apps/com.emberlink.pubqdemo/delta/9b8424c599c653866df1aa19e6af220e320ccbea357e3fda5bb82f1c75b1fdb0_assets/icons/swish.svg.br","5779","NOT_FOUND"
"assets/icons/takeaway.svg","c0a1f76bb61f4b4dc061d31df93b73ca3e8d3e809df51993ee85bf2df668fc5f","orgs/938847bd-ad89-4ee4-a8cc-4e62f513379a/apps/com.emberlink.pubqdemo/delta/9108dcf4d5439ff66c4f845defbf08393076ad17f8beff98e2ac582a3f8998b1_assets/icons/takeaway.svg","6385","NOT_FOUND"
"assets/icons/tap.svg","e81397cb890145a3310475b90ec19ef9c30e9287fd577866258b86f3026342ac","orgs/938847bd-ad89-4ee4-a8cc-4e62f513379a/apps/com.emberlink.pubqdemo/delta/d8acbd095e13a6dda22ce5aa02f3331f8f03310cea2245c37691f26a35cb0b53_assets/icons/tap.svg","0","NOT_FOUND"
"assets/icons/terms.svg","04e4cd2cd278cca997af19d52a48f151e2928959f722d18293013267ecebc490","orgs/938847bd-ad89-4ee4-a8cc-4e62f513379a/apps/com.emberlink.pubqdemo/delta/1bef61c0952042c4eb5e78abcdb582a9252c9b78118965452904022355e28651_assets/icons/terms.svg","0","NOT_FOUND"
"assets/icons/vipps.svg","2dc4dc01be20e5c9f6b1d17f9d27a96b0afe6623ff6fc6b1f7212c0ce1a5df0e","orgs/938847bd-ad89-4ee4-a8cc-4e62f513379a/apps/com.emberlink.pubqdemo/delta/bb6704294fde03af00b53a20244b3d39eb1036e86a12ba1349a8bc092c161f79_assets/icons/vipps.svg","4808","NOT_FOUND"
"assets/icons/vipps2.svg","5b9f6eff635344f1349701fcc6d7db4d132b33f36eedef80de56b0c392d67f06","orgs/938847bd-ad89-4ee4-a8cc-4e62f513379a/apps/com.emberlink.pubqdemo/delta/c599e5e92acd0039279cd9b5b8ff52b5df61c891025b6b78ca2ec9b7d281e8cb_assets/icons/vipps2.svg","0","NOT_FOUND"
"assets/icons/visa-logo.svg","80a8f314531e049a7ec5253756ade648dba1c59d8c97009c899827e7e2284893","orgs/938847bd-ad89-4ee4-a8cc-4e62f513379a/apps/com.emberlink.pubqdemo/delta/ef308f1e47d524ca4309992075de59278ff3c11443754a6b9a7cbe1ca21cc512_assets/icons/visa-logo.svg","0","NOT_FOUND"
"assets/icons/visa.svg","5579392461c1386505fa450d250bbbe6750926c7df92932929ded26c9cc097e0","orgs/938847bd-ad89-4ee4-a8cc-4e62f513379a/apps/com.emberlink.pubqdemo/delta/39c893510632814e7ebafbdcec4a4f57ae04ede1d6d0e5bf0cc43628eed7c529_assets/icons/visa.svg","4812","NOT_FOUND"
"assets/icons/wallet-outline.svg","9cb28ca61a2dfcc7e0eb4208aa5a5fcb49e5fa074b74012798048e3fff12ad2a","orgs/938847bd-ad89-4ee4-a8cc-4e62f513379a/apps/com.emberlink.pubqdemo/delta/eaf19a7f2f635923c2c1e6a16e7fcc1891b78da06205b4010cfa5439e691586e_assets/icons/wallet-outline.svg","453","NOT_FOUND"
"assets/icons/yammer.svg","5ac8f4d5d35331ea7f6b70aed5d5976a3bfcabd864b2bfd27cb481c76c8e5c44","orgs/938847bd-ad89-4ee4-a8cc-4e62f513379a/apps/com.emberlink.pubqdemo/delta/9896d933a6f24f5ca6f6f131ea6702f06374ec1e4d82a54ee810100408e11cee_assets/icons/yammer.svg","0","NOT_FOUND"
"assets/img/card-bg.png.br","fd8562c0c7a6ead781290bb2a03a4a3aad70916d1deae1b8e12ad140f5747e28","orgs/938847bd-ad89-4ee4-a8cc-4e62f513379a/apps/com.emberlink.pubqdemo/delta/99e872dfb9172798ec463ed8259e333a6bbb019ce8d43b5dc23e0cb50de23016_assets/img/card-bg.png.br","539395","NOT_FOUND"
"assets/img/cart-round.png.br","0b70214e11d589031c0df1f7bb405f92483d26407ff1e26b2e2d79352c3e3564","orgs/938847bd-ad89-4ee4-a8cc-4e62f513379a/apps/com.emberlink.pubqdemo/delta/6a2e03ff1d0c03d01fe4f55ac44d4e19d5351a8b13af43582b59b18497cb3bd9_assets/img/cart-round.png.br","48894","NOT_FOUND"
"assets/img/grin-logo.webp","6dffc51b36dfe13d8cb90c59509cd84ec69772faf4e4609e2485e5cc9fa28d68","orgs/938847bd-ad89-4ee4-a8cc-4e62f513379a/apps/com.emberlink.pubqdemo/delta/2b9486a1a166af2bc9fec55934c26c1624b845bcc2ba19d16e321afcafd914c4_assets/img/grin-logo.webp","5838","NOT_FOUND"
"assets/img/logo-unitselection.png","1621b3ba56c26dc1a6829613578d48ab2adf7fe5fb7f683ff93446af440bacec","orgs/938847bd-ad89-4ee4-a8cc-4e62f513379a/apps/com.emberlink.pubqdemo/delta/a5433e63778b00ca8e543f410243d53aa300c4ba949c6655fff41be4a4a33036_assets/img/logo-unitselection.png","7988","NOT_FOUND"
"assets/img/logo.png.br","cd4379c1b2e4237a06cb48c974a241ff30c90ec1ed1388e5e91026fa3845f216","orgs/938847bd-ad89-4ee4-a8cc-4e62f513379a/apps/com.emberlink.pubqdemo/delta/33cfec9526d3a99c22c24d09e3ceeabcae43fc517ae9313577e6c9a6f779c063_assets/img/logo.png.br","7768","NOT_FOUND"
"assets/img/logo_login.png.br","c205c4707d6024cd7325859fa42a921dfca4c60ca878f1e8ab0329f648926154","orgs/938847bd-ad89-4ee4-a8cc-4e62f513379a/apps/com.emberlink.pubqdemo/delta/be0a42d36ef3ef7fea5a78567b857c6bb845671018aab7dfb676ee792b4b2505_assets/img/logo_login.png.br","802","NOT_FOUND"
"assets/img/logo_wide.png.br","003cce3907cc33d2dc3e3ae2d2ee009db95e7decda680b785348af9bc98aa955","orgs/938847bd-ad89-4ee4-a8cc-4e62f513379a/apps/com.emberlink.pubqdemo/delta/30678270431719f4460d96a16fa4d425c1b9dd0a60ca9d5af7880365cfd88a7f_assets/img/logo_wide.png.br","13357","NOT_FOUND"
"assets/img/market-round.png.br","30d42ceea870f38d1475cdebbd50fbe09d72c1968d523175a9bf83c60246e5b4","orgs/938847bd-ad89-4ee4-a8cc-4e62f513379a/apps/com.emberlink.pubqdemo/delta/31c39e03faef7806bbc8af4d1c5edd92c4457d28d83006a586cc67719e4e6ec0_assets/img/market-round.png.br","41063","NOT_FOUND"
"assets/img/minimarket-logo.png.br","f793c1f37614d01a4defd97730bd4eaf34c0f469865b45c231dce5f778481b81","orgs/938847bd-ad89-4ee4-a8cc-4e62f513379a/apps/com.emberlink.pubqdemo/delta/e8c9c13d6bd7e1b43d769572601d1d36d1d37a596dcb45723ff97333a317110d_assets/img/minimarket-logo.png.br","17744","NOT_FOUND"
"assets/img/minmarket-btn.png","c95006f72d12641183056e153d356835e6dbfb52a34caab7951c18fb3e856725","orgs/938847bd-ad89-4ee4-a8cc-4e62f513379a/apps/com.emberlink.pubqdemo/delta/8976639771f3e39835a293db6f255f54c0dfa3e2aeaff1e87baf598e054b7168_assets/img/minmarket-btn.png","4516","NOT_FOUND"
"assets/img/scan-basket.svg.br","11c33bdc1fddc006d63af0adcbf06d3158fa52f7b78e1e1daca73feb3b70fa97","orgs/938847bd-ad89-4ee4-a8cc-4e62f513379a/apps/com.emberlink.pubqdemo/delta/e36e3f60a8c14fd189e0bcd6c1f0b1ed71a0e7e4facbee298732db5de3520bdd_assets/img/scan-basket.svg.br","25683","NOT_FOUND"
"assets/img/scan-bg.svg.br","f9075dcb376b1a4e53099286a8a6b71b4f7b8ff64b32ba88d40979d6947a9ed7","orgs/938847bd-ad89-4ee4-a8cc-4e62f513379a/apps/com.emberlink.pubqdemo/delta/32c41d069d998ae071a82c91c477735b3e92fc3ae3e818c6307848c996f4458a_assets/img/scan-bg.svg.br","3094","NOT_FOUND"
"assets/img/scan-start.svg.br","8980980fc159e0fe1f187216b80e7229e7d5ef2c24546467a510257c49b70314","orgs/938847bd-ad89-4ee4-a8cc-4e62f513379a/apps/com.emberlink.pubqdemo/delta/4aa921eba8711e44d9f89b753be30647a979c80dcd9686d172fd52cc787a0057_assets/img/scan-start.svg.br","3103","NOT_FOUND"
"assets/img/swish.png","121587ae8f168bfe2daa4fa2dd41fe4d80b031fe8d853f8cc7b0a3cb412fcc93","orgs/938847bd-ad89-4ee4-a8cc-4e62f513379a/apps/com.emberlink.pubqdemo/delta/7bf939797f601e21eb60750e08c3497c688b283372004c542fcfbb5925dd9af2_assets/img/swish.png","3712","NOT_FOUND"
"assets/img/tableBookingBg.jpg","cc9c83c70991ab023cf471715c572db7c22f5aebf298a8fb0b6162638b00a6ec","orgs/938847bd-ad89-4ee4-a8cc-4e62f513379a/apps/com.emberlink.pubqdemo/delta/9893d89a2c63f2b161976fbc869f41796c0d08cbb58421789681291c466b0d0d_assets/img/tableBookingBg.jpg","7176","NOT_FOUND"
"assets/img/visa-card.png.br","b7d3595572b7495724b2ff41f6218a373d35c95e85685c8cd2a4f11bf7ac765b","orgs/938847bd-ad89-4ee4-a8cc-4e62f513379a/apps/com.emberlink.pubqdemo/delta/e27614581bfbefd1e0336d42449ec98779f44467f53c9c3dfabc9925899a90ca_assets/img/visa-card.png.br","56012","NOT_FOUND"
"assets/js/surfboard.js.br","f21af4a9c12de8eae7c36331b386956962228caaf4c10bc6721983a759983564","orgs/938847bd-ad89-4ee4-a8cc-4e62f513379a/apps/com.emberlink.pubqdemo/delta/7a5c1c5b78d7246c95520e7340bed28301b8b1e29b0e5bcf45748a2d9483a499_assets/js/surfboard.js.br","52918","NOT_FOUND"
"common.8a3a3383162f3f3a.js.br","487f02f593f1325a63fdefbe36ff5d0b64c3761ef60f5b4c7ed576fcb0eae6d4","orgs/938847bd-ad89-4ee4-a8cc-4e62f513379a/apps/com.emberlink.pubqdemo/delta/481fd66ef24efa7f92f4b1e10b09aa237549d413700be6c9495fc9121abefd7a_common.8a3a3383162f3f3a.js.br","6167","NOT_FOUND"
"common.8a3a3383162f3f3a.js.map.br","7d1b9a761e42921ee0e883774178da5a0e69fdc92894e6d129682f360c7f5893","orgs/938847bd-ad89-4ee4-a8cc-4e62f513379a/apps/com.emberlink.pubqdemo/delta/192b14b2631b11b03fd52d241aa23a17d4ae95b42be5219babdeba8dd9e3f7b4_common.8a3a3383162f3f3a.js.map.br","22191","NOT_FOUND"
"default-src_app_modules_delivery_pages_delivery-place_delivery-place_ts-src_app_modules_deliv-0a23e7.e22982c9b77f7558.js.br","a02e180dae30d12d4b96b250501ea68f5837cacfd8e032ec968ea97c19a53684","orgs/938847bd-ad89-4ee4-a8cc-4e62f513379a/apps/com.emberlink.pubqdemo/delta/baa4eac9a7dbef46d768d456101eeb0d2f45048db40e0f708bf48fef3a3d5fe8_default-src_app_modules_delivery_pages_delivery-place_delivery-place_ts-src_app_modules_deliv-0a23e7.e22982c9b77f7558.js.br","6468","NOT_FOUND"
"default-src_app_modules_delivery_pages_delivery-place_delivery-place_ts-src_app_modules_deliv-0a23e7.e22982c9b77f7558.js.map.br","b81106861d9ab624cd2ab0960b1ebbaba90f627e7f6972e988b5ca65c32f76ba","orgs/938847bd-ad89-4ee4-a8cc-4e62f513379a/apps/com.emberlink.pubqdemo/delta/b72fbeeda62b942deae9d699a5037b048427cadec39d404b0554797e55bdb7c7_default-src_app_modules_delivery_pages_delivery-place_delivery-place_ts-src_app_modules_deliv-0a23e7.e22982c9b77f7558.js.map.br","11908","NOT_FOUND"
"default-src_app_modules_payment_pages_payment_payment_page_ts.6e6527f2b420837e.js.br","5083dc611012ccb3e5ed32f29662b73c27d14b2c75554f782c3efa07867ec673","orgs/938847bd-ad89-4ee4-a8cc-4e62f513379a/apps/com.emberlink.pubqdemo/delta/1623bd8e48bd0ffd29096a2e62b8e19bd8e9e445fd3efe1188807d03723f2ac9_default-src_app_modules_payment_pages_payment_payment_page_ts.6e6527f2b420837e.js.br","23174","NOT_FOUND"
"default-src_app_modules_payment_pages_payment_payment_page_ts.6e6527f2b420837e.js.map.br","48864404dd139724ee006dba055192d6527dc74d17ca7507c7cc09e39177eec5","orgs/938847bd-ad89-4ee4-a8cc-4e62f513379a/apps/com.emberlink.pubqdemo/delta/707eb307563bc29c6ff6870b8ea1f58f74b7fc3a5beaac4cbdde6929f60f682c_default-src_app_modules_payment_pages_payment_payment_page_ts.6e6527f2b420837e.js.map.br","49256","NOT_FOUND"
"index.html.br","633995508eae3ecf5137821dd8d83de96dabf6dee62bd4559ba31676d8c1558f","orgs/938847bd-ad89-4ee4-a8cc-4e62f513379a/apps/com.emberlink.pubqdemo/delta/e5d55d1177826db20a298bb56c8e8b35754634764fde2f96d2750cec87157265_index.html.br","1838","NOT_FOUND"
"inter-regular.a1db723976e507d7.ttf.br","3e5f90a0138b38de4cf4d779ad78391974ea1df776b9164842bdcbb60ce383c5","orgs/938847bd-ad89-4ee4-a8cc-4e62f513379a/apps/com.emberlink.pubqdemo/delta/9ed0e9d11d1fe0db6801bb4f582a106e40914b8cdcf068bfd29a304b86097146_inter-regular.a1db723976e507d7.ttf.br","130459","NOT_FOUND"
"inter-semibold.3558e0041c416c73.ttf.br","a8b276e25bb13dfa39cface35cc92aff9a7d5f1b96143f0df8c66351ccfed2a4","orgs/938847bd-ad89-4ee4-a8cc-4e62f513379a/apps/com.emberlink.pubqdemo/delta/99e323ad5537f4127e8f9df3115f821565fdb3bea3e71aba5ca6cff15ebe619a_inter-semibold.3558e0041c416c73.ttf.br","133628","NOT_FOUND"
"inverto.6e407e1800b2e506.png.br","e5b99ca8c9fd5414bf62cec3d79916c0a8ade5a6bbd3a31b75d3034121ea520f","orgs/938847bd-ad89-4ee4-a8cc-4e62f513379a/apps/com.emberlink.pubqdemo/delta/00e593624ca7b20ba3bb3c2558ba3f8a6cafc12594354c71f9fc1e0692441679_inverto.6e407e1800b2e506.png.br","18643","NOT_FOUND"
"main.3abd2a392e4ea1de.js.br","f1005382c8cea68354370f1f1877b878e4625bbbbac01dd6982d47ca26d846b7","orgs/938847bd-ad89-4ee4-a8cc-4e62f513379a/apps/com.emberlink.pubqdemo/delta/99f7757b93673969d9e216eaf04ae3f2249bb8e4bd5423d76e9e7d2a6e54e3d8_main.3abd2a392e4ea1de.js.br","657245","NOT_FOUND"
"main.3abd2a392e4ea1de.js.map.br","4aadc1e1cb2a2c87be9e5d193b83e4197e518606e19240792904471b3ba64843","orgs/938847bd-ad89-4ee4-a8cc-4e62f513379a/apps/com.emberlink.pubqdemo/delta/69bd89e9448613518ae5c21ed9d47c07c46e25984f6f8ef2abf12184850572d7_main.3abd2a392e4ea1de.js.map.br","2461808","NOT_FOUND"
"polyfills.4feb719e1484c3e6.js.br","3fd46b9344cec38d35dfce29da3f6e88a83111da6ecd361b311605ddb4f4a082","orgs/938847bd-ad89-4ee4-a8cc-4e62f513379a/apps/com.emberlink.pubqdemo/delta/9167c226529470a6a1cc981419d72209ae95d1152b72a80274cc0d0d27aed6f7_polyfills.4feb719e1484c3e6.js.br","84957","NOT_FOUND"
"polyfills.4feb719e1484c3e6.js.map.br","f68339280bad2634c2e1c4ad5958cadda3fb152b76027305a13742d12092ab97","orgs/938847bd-ad89-4ee4-a8cc-4e62f513379a/apps/com.emberlink.pubqdemo/delta/601b66328e1784f87602677a2e5efb5cb03ed875a99ae485a1cbdc73299d2f03_polyfills.4feb719e1484c3e6.js.map.br","261833","NOT_FOUND"
"runtime.1f0acaa38fedd497.js.br","0588b99cee30dfac2fdea81690d8f3efe6c66679bc161d8afe73dc0e4e75a222","orgs/938847bd-ad89-4ee4-a8cc-4e62f513379a/apps/com.emberlink.pubqdemo/delta/6930ec20dac90d024a742ef705d7579af063609315263c42a3b1ecbaafce3801_runtime.1f0acaa38fedd497.js.br","3078","NOT_FOUND"
"runtime.1f0acaa38fedd497.js.map.br","707fdd31b4c38c8bd2daf71c4d05dae14f9eb46dbb00f9337b0594834bd2f377","orgs/938847bd-ad89-4ee4-a8cc-4e62f513379a/apps/com.emberlink.pubqdemo/delta/79d400bcd5260eeb9aeec649d118f2a057166b98c2d677cf886b74126e1f770c_runtime.1f0acaa38fedd497.js.map.br","6613","NOT_FOUND"
"src_app_modules_account_auth_module_ts.080a88ea927de167.js","ef0ae8a6cc12685441a4832b9e5f1a9aa1679cf247be396b2de67908e1c83761","orgs/938847bd-ad89-4ee4-a8cc-4e62f513379a/apps/com.emberlink.pubqdemo/delta/45edb8e9d6b9693260dcba7a06519b49a7a7a881faddb7739fc2e91da611767e_src_app_modules_account_auth_module_ts.080a88ea927de167.js","4970","NOT_FOUND"
"src_app_modules_account_auth_module_ts.080a88ea927de167.js.map.br","1263b64fe25f36b8625acd9380787aed7916fea099a4b436668f6de994f996e2","orgs/938847bd-ad89-4ee4-a8cc-4e62f513379a/apps/com.emberlink.pubqdemo/delta/f9fd1698b3885406c832e2edbcdb3bc008bf1699c09ade1a41c2a54d78a57adc_src_app_modules_account_auth_module_ts.080a88ea927de167.js.map.br","3425","NOT_FOUND"
"src_app_modules_account_pages_verify-otp_verify-otp_component_ts.56abe81a1fedcd03.js.br","1a9ad4bd01745785e04cf033394c47b0b5afe8c0e2f36352a0f7fac75cb19f63","orgs/938847bd-ad89-4ee4-a8cc-4e62f513379a/apps/com.emberlink.pubqdemo/delta/49feb20954e15341266372693e11030b7512b1847c4910e1a4d9e2a5ed53919f_src_app_modules_account_pages_verify-otp_verify-otp_component_ts.56abe81a1fedcd03.js.br","2883","NOT_FOUND"
"src_app_modules_account_pages_verify-otp_verify-otp_component_ts.56abe81a1fedcd03.js.map.br","f7005b4e18f986ac55283f43ffcaf885f7ab92823213ca36ce5851dc1e51153d","orgs/938847bd-ad89-4ee4-a8cc-4e62f513379a/apps/com.emberlink.pubqdemo/delta/0a833dfe6c0674920c3309a30cef109776ef620fb0649e31fafb99c76e4ef986_src_app_modules_account_pages_verify-otp_verify-otp_component_ts.56abe81a1fedcd03.js.map.br","4876","NOT_FOUND"
"src_app_modules_delivery_delivery_module_ts.eadc6f15c6a0360e.js","f8549e289250538b6ce4fa6d34c95618c9cd526f14315de7ba5d89a20ab560d7","orgs/938847bd-ad89-4ee4-a8cc-4e62f513379a/apps/com.emberlink.pubqdemo/delta/d9fbd938c8fd9546105d4b6eedf888bdba6e1fd68f0faa97e94f3505f4bfc08a_src_app_modules_delivery_delivery_module_ts.eadc6f15c6a0360e.js","826","NOT_FOUND"
"src_app_modules_delivery_delivery_module_ts.eadc6f15c6a0360e.js.map","66959cce23a34f14533dc51bfd7fa3ae85a7e77ca44d6c2005188faee2370c0a","orgs/938847bd-ad89-4ee4-a8cc-4e62f513379a/apps/com.emberlink.pubqdemo/delta/8cd2de20a61465e660d1dd43baea2f6f58f0366f3a39cc526b1a3df1a5f5ec0e_src_app_modules_delivery_delivery_module_ts.eadc6f15c6a0360e.js.map","2985","NOT_FOUND"
"src_app_modules_deviation-reporting_mpro5_module_ts.e7bccab0650978f9.js.br","a1ae549410fd26e3ab4caeaa487cbd828184b6f1c13279b99571d85ab9cb6a6f","orgs/938847bd-ad89-4ee4-a8cc-4e62f513379a/apps/com.emberlink.pubqdemo/delta/cfbc88c1f4bb4adcbfc12e8a899b216f8bf5c6cf915c07db0c690dfeaa43d622_src_app_modules_deviation-reporting_mpro5_module_ts.e7bccab0650978f9.js.br","17973","NOT_FOUND"
"src_app_modules_deviation-reporting_mpro5_module_ts.e7bccab0650978f9.js.map.br","45ab5ec58928f18f40173818cf5713d97c729821c062dba6da4642b59ea2c9f9","orgs/938847bd-ad89-4ee4-a8cc-4e62f513379a/apps/com.emberlink.pubqdemo/delta/d4eaa3f1c03f9ed7f53370346fa2cbd4a3c933f1eb8f1c5ef3f4d49a20f19f14_src_app_modules_deviation-reporting_mpro5_module_ts.e7bccab0650978f9.js.map.br","60756","NOT_FOUND"
"src_app_modules_home_home_module_ts.0e58be1957bd5b05.js.br","8afb0010c637305c0e924ae25dedbed393deff104a61ecf5096f0aa1353e7274","orgs/938847bd-ad89-4ee4-a8cc-4e62f513379a/apps/com.emberlink.pubqdemo/delta/fe9144edd254aa78bcf67f4f4f1c311e0ad4f1647d36b69b2839db7e6c7521c5_src_app_modules_home_home_module_ts.0e58be1957bd5b05.js.br","59799","NOT_FOUND"
"src_app_modules_home_home_module_ts.0e58be1957bd5b05.js.map.br","1ba78050300f9bd80e04fd156fade2fda449294caf8205732d6638d35200ef44","orgs/938847bd-ad89-4ee4-a8cc-4e62f513379a/apps/com.emberlink.pubqdemo/delta/ec83774beb6854c2b80830d8fd83e4eba12b8b0b95507a7d4b4582841b7abf87_src_app_modules_home_home_module_ts.0e58be1957bd5b05.js.map.br","135924","NOT_FOUND"
"src_app_modules_units_units_model_ts.1572c5dc01b36708.js.br","701bbe90e1b2ff11083650ad60625a70bda3c7853e107943f5733bdcc2cd7110","orgs/938847bd-ad89-4ee4-a8cc-4e62f513379a/apps/com.emberlink.pubqdemo/delta/b65d3812b0ab8b642e8b119e6c56768815727c53ee6e00c8526fb2dd66c6a3fc_src_app_modules_units_units_model_ts.1572c5dc01b36708.js.br","6528","NOT_FOUND"
"src_app_modules_units_units_model_ts.1572c5dc01b36708.js.map.br","f253fc4d0fcdbf7f2ac12be1e52d6907f906f9199a6c3480eb2247b64b3b3355","orgs/938847bd-ad89-4ee4-a8cc-4e62f513379a/apps/com.emberlink.pubqdemo/delta/6ec2a3d0d1703269e8a967224add4bd2f60a7bd7dbd142f2f21fe749698c5966_src_app_modules_units_units_model_ts.1572c5dc01b36708.js.map.br","12086","NOT_FOUND"
"styles.4a5f86095595e4d6.css.br","e18685b778456b3df69230909385ce5ffb43138d8130ed31a2ca6baec8dcfd27","orgs/938847bd-ad89-4ee4-a8cc-4e62f513379a/apps/com.emberlink.pubqdemo/delta/35752325e0791171e79a6229b71790c04cefa1978d6171133035ef268f6cf869_styles.4a5f86095595e4d6.css.br","15786","NOT_FOUND"
"styles.4a5f86095595e4d6.css.map.br","2ca1e2f7060ca421f9fa6c4755b70898ba90c7123bfd56da4185ebcef81254c0","orgs/938847bd-ad89-4ee4-a8cc-4e62f513379a/apps/com.emberlink.pubqdemo/delta/46acd500815a29ebff3aff99906e6b09699833f573781637685cf532011ef9ac_styles.4a5f86095595e4d6.css.map.br","37322","NOT_FOUND"
"svg/accessibility-outline.svg","02fe346d5b367409f7f143e439e4e6536da0928d1dfc19aa22a77477b23e7b03","orgs/938847bd-ad89-4ee4-a8cc-4e62f513379a/apps/com.emberlink.pubqdemo/delta/ec430b3259017acd959e2c513bdc36f0a957d0bccc3b99ab446da623e8b03d64_svg/accessibility-outline.svg","765","NOT_FOUND"
"svg/accessibility-sharp.svg","332553695aaa9f87a063aff09aa8d3caf4de33ebc09e0c6e91debb9f9a526af2","orgs/938847bd-ad89-4ee4-a8cc-4e62f513379a/apps/com.emberlink.pubqdemo/delta/2a525cda254dfb68779599ae86cb8a6fa0df0b5fc217ae97e05f88499830b2cc_svg/accessibility-sharp.svg","333","NOT_FOUND"
"svg/accessibility.svg","91f1f857d873893c63a9c4b3275c2a47232e446fe35e91d4bc3ea647f8b16222","orgs/938847bd-ad89-4ee4-a8cc-4e62f513379a/apps/com.emberlink.pubqdemo/delta/1b04657aebe3943e3285322fcea2484f4a5ee5f24c309a080b79081aa550c5fd_svg/accessibility.svg","825","NOT_FOUND"
"svg/add-circle-outline.svg","556389b338902f2a462c84c299dc83b0295c1a16da04c5cd9adc4feff6542cad","orgs/938847bd-ad89-4ee4-a8cc-4e62f513379a/apps/com.emberlink.pubqdemo/delta/9b8e0d041b586b49b6fbd0a559339e9230960bed202d8f82282e6cc3b8b55f1b_svg/add-circle-outline.svg","370","NOT_FOUND"
"svg/add-circle-sharp.svg","3c120a19fe0742f026317b0ef5ab2ff1b050da6ee7b9b3ac39ac4b7e051588c5","orgs/938847bd-ad89-4ee4-a8cc-4e62f513379a/apps/com.emberlink.pubqdemo/delta/e82119bd2a1833a7d715a82416a6b00b72b57bb3601eab2477a9d46d49a0cd9f_svg/add-circle-sharp.svg","230","NOT_FOUND"
"svg/add-circle.svg","16fbf531fcc1f8948b19b71573fb400ab2f600c8c5a8cf5483bb74fca70ff927","orgs/938847bd-ad89-4ee4-a8cc-4e62f513379a/apps/com.emberlink.pubqdemo/delta/2754d8c0e9f7de2219666666963d4062d6bdb7d2541959acd23a5d5b3a7feffb_svg/add-circle.svg","286","NOT_FOUND"
"svg/add-outline.svg","61773c1ab9ea99af5bef84fd681c5aa251facf1dbfcb40cd65a61f0e96b5e3ce","orgs/938847bd-ad89-4ee4-a8cc-4e62f513379a/apps/com.emberlink.pubqdemo/delta/af06c47e54b777c1e69e85d80d529100a45113113bf130616f579cf3f4bb7705_svg/add-outline.svg","214","NOT_FOUND"
"svg/add-sharp.svg","001dc4ecde5347c51eaee29438eed22f618fd81d23e943b554e75a3fb6fd6712","orgs/938847bd-ad89-4ee4-a8cc-4e62f513379a/apps/com.emberlink.pubqdemo/delta/d322ffe54d53a236558d53d9551aaa3b4e93570b5f16aa4945e5ef7cfdfed21d_svg/add-sharp.svg","215","NOT_FOUND"
"svg/add.svg","61773c1ab9ea99af5bef84fd681c5aa251facf1dbfcb40cd65a61f0e96b5e3ce","orgs/938847bd-ad89-4ee4-a8cc-4e62f513379a/apps/com.emberlink.pubqdemo/delta/af06c47e54b777c1e69e85d80d529100a45113113bf130616f579cf3f4bb7705_svg/add.svg","214","NOT_FOUND"
"svg/airplane-outline.svg","9a6e267581d4961260cce119dbb9bcb08deef71c887ad4c6ed6d160eaafffb22","orgs/938847bd-ad89-4ee4-a8cc-4e62f513379a/apps/com.emberlink.pubqdemo/delta/76eb4b4a33fceae30a18e664fc7e7f09e4984e3594e48eb7c7a0c604ae9f147f_svg/airplane-outline.svg","732","NOT_FOUND"
"svg/airplane-sharp.svg","f7a1fe7c15479a31bce283ca4e0fb6c03c99f0bdd9a7a93587e81905747393ff","orgs/938847bd-ad89-4ee4-a8cc-4e62f513379a/apps/com.emberlink.pubqdemo/delta/40b74234b7fa0f92db3631cc457c6aa8435dc21f8b2e17c2c89823bd5daea448_svg/airplane-sharp.svg","468","NOT_FOUND"
"svg/airplane.svg","7e8a860744f4d6a43c9fe1c5160ee09a2aa2b0b0a2fa4cdb36f72e4fc09a21d0","orgs/938847bd-ad89-4ee4-a8cc-4e62f513379a/apps/com.emberlink.pubqdemo/delta/eb45ffd2251c9b1e227c6eb85be29ac3d77773c843a9018a79a46745dad2750d_svg/airplane.svg","723","NOT_FOUND"
"svg/alarm-outline.svg","479b75d9d2528f22467d626d3456bea777684e973781ff3340d49147c20378dc","orgs/938847bd-ad89-4ee4-a8cc-4e62f513379a/apps/com.emberlink.pubqdemo/delta/5729063579ee257fc727062bca5768f07ba26e7c079adaa0d6cc83b05af7e282_svg/alarm-outline.svg","830","NOT_FOUND"
"svg/alarm-sharp.svg","559a40962cf4a07053b1d9c16915468cd6f94dd59d07bebe139e04091e12a769","orgs/938847bd-ad89-4ee4-a8cc-4e62f513379a/apps/com.emberlink.pubqdemo/delta/801ca3fddfbb3a0298c706eede8ecd8052f6ff9037535004a05fb6a0155c9845_svg/alarm-sharp.svg","799","NOT_FOUND"
"svg/alarm.svg","d4a31092e32c51bc17d8fd5cdb29d4f92bf3d97182829fccd1c33eed34a893c6","orgs/938847bd-ad89-4ee4-a8cc-4e62f513379a/apps/com.emberlink.pubqdemo/delta/d97f7ffbc11b9e49f4bf49db7735b4bb2bf9433f7f733b978490c33c240ed9a2_svg/alarm.svg","871","NOT_FOUND"
"svg/albums-outline.svg","44697ce6f8df70daeb31593fcf07baaf32554973d0f04645822f92746bc27994","orgs/938847bd-ad89-4ee4-a8cc-4e62f513379a/apps/com.emberlink.pubqdemo/delta/d75a724eac4d97f0ccce15695420ed1389910f8be4c92016a83c5e815b3d288d_svg/albums-outline.svg","334","NOT_FOUND"
"svg/albums-sharp.svg","f33af3c35ce351e1d886af70b8cd19f9702476b152371fc09be271f6530af025","orgs/938847bd-ad89-4ee4-a8cc-4e62f513379a/apps/com.emberlink.pubqdemo/delta/a715d9ecb53cccf41b21ea94930e28b62ff2d20f492248b14f398838012979fa_svg/albums-sharp.svg","153","NOT_FOUND"
"svg/albums.svg","049abddb333b86a1b7d37f7475eb31e6a0d01637131bdea521d97116a7e630e3","orgs/938847bd-ad89-4ee4-a8cc-4e62f513379a/apps/com.emberlink.pubqdemo/delta/019987ff725a28cc9be287385924ceca84dc1cce0940ef612179cef6813889e8_svg/albums.svg","347","NOT_FOUND"
"svg/alert-circle-outline.svg","ccb5463630c40f7c294909ee29b368fece5e74c4106880e82eee9768a2c00af7","orgs/938847bd-ad89-4ee4-a8cc-4e62f513379a/apps/com.emberlink.pubqdemo/delta/8116d65f1041e056313cc574e6c07b7bad0ce3b3c0bf07a33baca8409365fdd3_svg/alert-circle-outline.svg","487","NOT_FOUND"
"svg/alert-circle-sharp.svg","2150d0f65bef0f58aadccb1f0865d543c5e7d1e2792dd4a4d6771386fc2d1591","orgs/938847bd-ad89-4ee4-a8cc-4e62f513379a/apps/com.emberlink.pubqdemo/delta/89969e0a7f8db667c513b83691bebb801579653d5306724725eda76bc49ae9b5_svg/alert-circle-sharp.svg","288","NOT_FOUND"
"svg/alert-circle.svg","ab3ef2b490859a1759a8702779a3d1ba098d39091d542f39a9b8b905d2ce935b","orgs/938847bd-ad89-4ee4-a8cc-4e62f513379a/apps/com.emberlink.pubqdemo/delta/c6c1497861473e0ffc87d3df164b5e44a19c7ef830cbc30f29e9d7922ca25dd6_svg/alert-circle.svg","312","NOT_FOUND"
"svg/alert-outline.svg","09838d9d5d5b0a5d8df55d9c2bb53dd2be07c21611e5d6c06e070b44164d638e","orgs/938847bd-ad89-4ee4-a8cc-4e62f513379a/apps/com.emberlink.pubqdemo/delta/b666150c21c69e817b7cf299522d6d5f9fc426946be41bce2c5c43d221c0f544_svg/alert-outline.svg","415","NOT_FOUND"
"svg/alert-sharp.svg","e7c562733c4f98a5e4608e3bae299bac04ddd040d301a3d7d8304056dac1a214","orgs/938847bd-ad89-4ee4-a8cc-4e62f513379a/apps/com.emberlink.pubqdemo/delta/eedb54ecb075f1670bb31f21ddb33d551dbdfcc081b9e26d2be0e9bc71111cb8_svg/alert-sharp.svg","232","NOT_FOUND"
"svg/alert.svg","09838d9d5d5b0a5d8df55d9c2bb53dd2be07c21611e5d6c06e070b44164d638e","orgs/938847bd-ad89-4ee4-a8cc-4e62f513379a/apps/com.emberlink.pubqdemo/delta/b666150c21c69e817b7cf299522d6d5f9fc426946be41bce2c5c43d221c0f544_svg/alert.svg","415","NOT_FOUND"
"svg/american-football-outline.svg","53513a0b384ca3770505cc27719f500b4b404a3c5e5d2b88a65b0edf4dc66d24","orgs/938847bd-ad89-4ee4-a8cc-4e62f513379a/apps/com.emberlink.pubqdemo/delta/937d847e48a33bd0b8ffb58651453a5b95baa544ed4b24f266e4f7d1cf2b6395_svg/american-football-outline.svg","525","NOT_FOUND"
"svg/american-football-sharp.svg","30d198875c11c3eff2f428f26c229f8696677bdba681f265e8cabcbd33924700","orgs/938847bd-ad89-4ee4-a8cc-4e62f513379a/apps/com.emberlink.pubqdemo/delta/37f5e6ac622fdb42f8d870ab2a8351fd3b283c44ba3e23f753c94727dda471e0_svg/american-football-sharp.svg","888","NOT_FOUND"
"svg/american-football.svg","33cbd923593072935b914d8239d87c4b701bfbe05732d08bde47fa84596eca94","orgs/938847bd-ad89-4ee4-a8cc-4e62f513379a/apps/com.emberlink.pubqdemo/delta/54a5561bf423228091fff53a42c7beca0088cc36b1982e6e260a836cc836605f_svg/american-football.svg","1038","NOT_FOUND"
"svg/analytics-outline.svg","739857c7c91c9f8f725307b7ce1df322ee0d3d575397ffff4440400409eefed1","orgs/938847bd-ad89-4ee4-a8cc-4e62f513379a/apps/com.emberlink.pubqdemo/delta/797d1933ea6796878dcd12344dfbe6a4627d5f5bbb9e8e9e71ea8739071a3cac_svg/analytics-outline.svg","744","NOT_FOUND"
"svg/analytics-sharp.svg","c7a633a5bd10eef4b3e897806b81c48c47c7ecd7c4ada3e3c2bbddb0b688f22c","orgs/938847bd-ad89-4ee4-a8cc-4e62f513379a/apps/com.emberlink.pubqdemo/delta/5da9000d1c79ca89b2b007d19e3ecd112fc89e29e11c019537e4910952711032_svg/analytics-sharp.svg","331","NOT_FOUND"
"svg/analytics.svg","81947ea987d644db6d6f1951dcc79194c829522a33a8c6b762b114666bbaa4b5","orgs/938847bd-ad89-4ee4-a8cc-4e62f513379a/apps/com.emberlink.pubqdemo/delta/48e5343c37846a1d127415b057aba629c6ac2abf942e3f2ddc762ed3a604ffc0_svg/analytics.svg","336","NOT_FOUND"
"svg/aperture-outline.svg","61f75ae204cc80db4e708348dd64b1810fc283df676c58ecf44657257ec7f1f0","orgs/938847bd-ad89-4ee4-a8cc-4e62f513379a/apps/com.emberlink.pubqdemo/delta/e40535738d627de2c12f701a9c24dfa92a6346584dedcfa791d9daef7188cf98_svg/aperture-outline.svg","488","NOT_FOUND"
"svg/aperture-sharp.svg","e9445edc701c5d14120c69c4bcfed8197ac206bc12e6820e75118231d7fb70c6","orgs/938847bd-ad89-4ee4-a8cc-4e62f513379a/apps/com.emberlink.pubqdemo/delta/9ba7c0b04c7424b5aac80964b7a9fc22cab8f109fcd95ddf1b2ad13c539b2c20_svg/aperture-sharp.svg","376","NOT_FOUND"
"svg/aperture.svg","ed380bf382a76d8251f462f3bd63510af86c68ac673b73b3c13e576cb0db6a82","orgs/938847bd-ad89-4ee4-a8cc-4e62f513379a/apps/com.emberlink.pubqdemo/delta/51005df0e3bfb388a80ad9584c689709871526f7b81eb82242252be6e566e8c4_svg/aperture.svg","995","NOT_FOUND"
"svg/apps-outline.svg","0f9904c0dc823de3e158252f7b388bff2cf0d4e797df7197363bf063b16b45ac","orgs/938847bd-ad89-4ee4-a8cc-4e62f513379a/apps/com.emberlink.pubqdemo/delta/74371c6fc338cd34d67c011b616ec90a47d76a7508ae4ca9a840e2b1ce24eed3_svg/apps-outline.svg","1266","NOT_FOUND"
"svg/apps-sharp.svg","b75e50f3012f049441e61dbe2e933427bb71cd9e1590983c5f65754b9c0ff5c7","orgs/938847bd-ad89-4ee4-a8cc-4e62f513379a/apps/com.emberlink.pubqdemo/delta/4834cc05339e74090a634525cf68a9ddceac64838e72f498ea4a5b8ec7537ac9_svg/apps-sharp.svg","636","NOT_FOUND"
"svg/apps.svg","7427785f7b8b589c920bcc9a624bfd6c75daa075b74a54ea3bc7115431ab86ef","orgs/938847bd-ad89-4ee4-a8cc-4e62f513379a/apps/com.emberlink.pubqdemo/delta/9a47aceab58bf71fd7addd55f49a455320c2fe21414551a7a2e94c473b818591_svg/apps.svg","546","NOT_FOUND"
"svg/archive-outline.svg","14760bbe3a7e719f6a61c03b1fcb960f1913a00abc409add9e29021bf3ccf417","orgs/938847bd-ad89-4ee4-a8cc-4e62f513379a/apps/com.emberlink.pubqdemo/delta/862ccddb79ef537af6cb8001286b9867547178f5483173103824194ebdf4b3e2_svg/archive-outline.svg","530","NOT_FOUND"
"svg/archive-sharp.svg","437fcffc1a3195f15d10ff4f16a833192e95b2880916351ffd4a557b8789eade","orgs/938847bd-ad89-4ee4-a8cc-4e62f513379a/apps/com.emberlink.pubqdemo/delta/c737d0faa6c4417dceab423bbbef9cd2762f61c023d1c83a85ad0c0c9d9a0e00_svg/archive-sharp.svg","294","NOT_FOUND"
"svg/archive.svg","b1d839f95dc68c4ecb2c989dcef95cb3c79505a158d68a3c5eef7b63d641cdc2","orgs/938847bd-ad89-4ee4-a8cc-4e62f513379a/apps/com.emberlink.pubqdemo/delta/4ea8d7826e9cd9b440069552fbcec7c489d47933b0546637eac2e51b1a42615f_svg/archive.svg","483","NOT_FOUND"
"svg/arrow-back-circle-outline.svg","faab020d8247f1e5af54563d0cb507c84b3900a11c3940aa98e100b9a829848b","orgs/938847bd-ad89-4ee4-a8cc-4e62f513379a/apps/com.emberlink.pubqdemo/delta/50bb57d9cfc5beb70e737fbeda22d8dc9552bb951ca929d95336b87e8fcaac1c_svg/arrow-back-circle-outline.svg","389","NOT_FOUND"
"svg/arrow-back-circle-sharp.svg","eda9254ceb332591c67ce28219155d6dec41bde96d1b60319a3039b7e5b4d5b1","orgs/938847bd-ad89-4ee4-a8cc-4e62f513379a/apps/com.emberlink.pubqdemo/delta/0b0f4bf13bcde549adada0989b3bc3d58438df0c63595960a96e8840270dd450_svg/arrow-back-circle-sharp.svg","265","NOT_FOUND"
"svg/arrow-back-circle.svg","01748dd195fc41d9a802130e7c0895787a0b6af9a76405667b6d8a9d43c8c9f3","orgs/938847bd-ad89-4ee4-a8cc-4e62f513379a/apps/com.emberlink.pubqdemo/delta/62b276ce49e14eda345432b5a979d760bdb534eed11f8bafdabb70edbf856bed_svg/arrow-back-circle.svg","352","NOT_FOUND"
"svg/arrow-back-outline.svg","3d2b6b855032f7b0137337e10947cb5b67e7c84d4f4121613d485f76c0bac77d","orgs/938847bd-ad89-4ee4-a8cc-4e62f513379a/apps/com.emberlink.pubqdemo/delta/d94adc0d58c6731f967d22b5f75e78daa621c7d6acd5d4cf8968882d24302e80_svg/arrow-back-outline.svg","225","NOT_FOUND"
"svg/arrow-back-sharp.svg","e659b2cd3ec985f7e6f5854fa8b0ab14030b4208559067026797f46f580b5827","orgs/938847bd-ad89-4ee4-a8cc-4e62f513379a/apps/com.emberlink.pubqdemo/delta/845fd7b2eaa115d9ec567af4a478900241f2998159f875b2254a05f1eb9fbd0e_svg/arrow-back-sharp.svg","225","NOT_FOUND"
"svg/arrow-back.svg","3d2b6b855032f7b0137337e10947cb5b67e7c84d4f4121613d485f76c0bac77d","orgs/938847bd-ad89-4ee4-a8cc-4e62f513379a/apps/com.emberlink.pubqdemo/delta/d94adc0d58c6731f967d22b5f75e78daa621c7d6acd5d4cf8968882d24302e80_svg/arrow-back.svg","225","NOT_FOUND"
"svg/arrow-down-circle-outline.svg","771a322bfa2d7947bd71cb9fa57128b01f80af64ab29952401fb309a4425e5a2","orgs/938847bd-ad89-4ee4-a8cc-4e62f513379a/apps/com.emberlink.pubqdemo/delta/3ade4f69a375edf770838aa31465a6fb229aa384bdb709e15207f1620b662a68_svg/arrow-down-circle-outline.svg","388","NOT_FOUND"
"svg/arrow-down-circle-sharp.svg","ca330638bdd36dd3c7d039840c911f2ecbbef7b3d67b18593c8de50f7957e586","orgs/938847bd-ad89-4ee4-a8cc-4e62f513379a/apps/com.emberlink.pubqdemo/delta/7a9acfa6e9ee4e37b1126ddade173ff79eb0507cb35eb27a62b09874c1217e7d_svg/arrow-down-circle-sharp.svg","267","NOT_FOUND"
"svg/arrow-down-circle.svg","77d3ccc96827557d7746d97b0d3458a2525ae6f35926fe364cb3869ef4c9f894","orgs/938847bd-ad89-4ee4-a8cc-4e62f513379a/apps/com.emberlink.pubqdemo/delta/8c20a65fa3b99f99d0621ea78d9a35f3aeab8094d59e2b78283e841a41f33faa_svg/arrow-down-circle.svg","355","NOT_FOUND"
"svg/arrow-down-left-box-outline.svg","b8989497c4d98089b01923422b6473e4fa8016d90ebe1a20a097519eb9b0624e","orgs/938847bd-ad89-4ee4-a8cc-4e62f513379a/apps/com.emberlink.pubqdemo/delta/8f4c36ecec68e46783643de229599382a0d40b3534b488f99dbe2049a6422120_svg/arrow-down-left-box-outline.svg","369","NOT_FOUND"
"svg/arrow-down-left-box-sharp.svg","96732be203029a819c5604e6ece62374c01c444239b52531fdea54a313541f5e","orgs/938847bd-ad89-4ee4-a8cc-4e62f513379a/apps/com.emberlink.pubqdemo/delta/239243c31955258eedc3e5bb5dce465fd4cca36f1819537a786779c877fd8fbd_svg/arrow-down-left-box-sharp.svg","277","NOT_FOUND"
"svg/arrow-down-left-box.svg","e754055847b0fd6f885326a523c1afd54c9827de29da270a8f7e414ff1c1a8fa","orgs/938847bd-ad89-4ee4-a8cc-4e62f513379a/apps/com.emberlink.pubqdemo/delta/9b7dd8c7260fe7202631ec99cefc39abe62d717c95fcf90ac6e4ef4a149536de_svg/arrow-down-left-box.svg","621","NOT_FOUND"
"svg/arrow-down-outline.svg","8173dfff76ecd1d11ec61b37dd6b577616d347fbc7757357691bf734f6632bdb","orgs/938847bd-ad89-4ee4-a8cc-4e62f513379a/apps/com.emberlink.pubqdemo/delta/d14162458430a46804bf70cd1f6874703d3754d8fb75d9d096460008ee2a144c_svg/arrow-down-outline.svg","225","NOT_FOUND"
"svg/arrow-down-right-box-outline.svg","6a2fe480db911af36c4a5c6f98a4370e14aab109468f4fe98678f3f2d40e831f","orgs/938847bd-ad89-4ee4-a8cc-4e62f513379a/apps/com.emberlink.pubqdemo/delta/1a183691808afbba54d4c4e48dae31b3c193f2593c33dcc1efacf36542b72d0d_svg/arrow-down-right-box-outline.svg","370","NOT_FOUND"
"svg/arrow-down-right-box-sharp.svg","07e67ddab45a21b1e3931806c1013d477e58eb26378471808904074dcb329339","orgs/938847bd-ad89-4ee4-a8cc-4e62f513379a/apps/com.emberlink.pubqdemo/delta/5c2869fdd4b65c4daed5611c5393d64dd8f7cab2fd97c120ce7cf0e59d29e154_svg/arrow-down-right-box-sharp.svg","281","NOT_FOUND"
"svg/arrow-down-right-box.svg","2fed20e81092127a1184c4d61876f3a3b0f359743a271665dba325d16ae706ab","orgs/938847bd-ad89-4ee4-a8cc-4e62f513379a/apps/com.emberlink.pubqdemo/delta/4ea856cab374be2ff7793fedd564afe93276516846117830ada2e72ab7d7fc4d_svg/arrow-down-right-box.svg","659","NOT_FOUND"
"svg/arrow-down-sharp.svg","ea1c9d04fe2bae609853c0de5e998263e9ae7b661fbfc86216b1fdc83047b3ce","orgs/938847bd-ad89-4ee4-a8cc-4e62f513379a/apps/com.emberlink.pubqdemo/delta/acdeb6f73dc53189037b166cad347d72f7f8b7a0c29cab3cac234416c75eeda8_svg/arrow-down-sharp.svg","225","NOT_FOUND"
"svg/arrow-down.svg","8173dfff76ecd1d11ec61b37dd6b577616d347fbc7757357691bf734f6632bdb","orgs/938847bd-ad89-4ee4-a8cc-4e62f513379a/apps/com.emberlink.pubqdemo/delta/d14162458430a46804bf70cd1f6874703d3754d8fb75d9d096460008ee2a144c_svg/arrow-down.svg","225","NOT_FOUND"
"svg/arrow-forward-circle-outline.svg","778309801ef25bd2d857c5d9d54972cef0f8f70179a0573b9ca2c7d4bd7b6496","orgs/938847bd-ad89-4ee4-a8cc-4e62f513379a/apps/com.emberlink.pubqdemo/delta/81b83d68c074c467fb4961cca07d5226458f2549fabc30d130c4f9488a074114_svg/arrow-forward-circle-outline.svg","389","NOT_FOUND"
"svg/arrow-forward-circle-sharp.svg","d1ffa2349d44c6c69c819cf8f63e32be41e4ecdeedafaeac54fcd056e6a29c66","orgs/938847bd-ad89-4ee4-a8cc-4e62f513379a/apps/com.emberlink.pubqdemo/delta/331dad2582d368bccf1ab3887cfa8d12e03880f5057bf7e9b394f9f640342a87_svg/arrow-forward-circle-sharp.svg","269","NOT_FOUND"
"svg/arrow-forward-circle.svg","08cb24afc303547601bf53bad7fc55b208eabb86ff593155626425c253f23bd9","orgs/938847bd-ad89-4ee4-a8cc-4e62f513379a/apps/com.emberlink.pubqdemo/delta/db6d2e5ce3dc0de72da924c178858298021951972374bf17969450549b1205a5_svg/arrow-forward-circle.svg","355","NOT_FOUND"
"svg/arrow-forward-outline.svg","b8106fdd295e633232b546e60b0e0f68719700c291f1b81029a86c94e3861259","orgs/938847bd-ad89-4ee4-a8cc-4e62f513379a/apps/com.emberlink.pubqdemo/delta/bbd3a5748a1bb639757d151b2742c9f424b47349d2ae887e3e893cb930e60a79_svg/arrow-forward-outline.svg","225","NOT_FOUND"
"svg/arrow-forward-sharp.svg","751482d2c7ea989e382249e145026d3169c5566ad6295820acb3922bd2b30867","orgs/938847bd-ad89-4ee4-a8cc-4e62f513379a/apps/com.emberlink.pubqdemo/delta/fac9269b709dcdde73b62353bdd909e93dc43e799e031ff3c20fd9ee70c2a1ed_svg/arrow-forward-sharp.svg","225","NOT_FOUND"
"svg/arrow-forward.svg","b8106fdd295e633232b546e60b0e0f68719700c291f1b81029a86c94e3861259","orgs/938847bd-ad89-4ee4-a8cc-4e62f513379a/apps/com.emberlink.pubqdemo/delta/bbd3a5748a1bb639757d151b2742c9f424b47349d2ae887e3e893cb930e60a79_svg/arrow-forward.svg","225","NOT_FOUND"
"svg/arrow-redo-circle-outline.svg","0fac0b1e2483af1957ba5d329b7c53c0c5dc7375bf5d113e355304d4942db366","orgs/938847bd-ad89-4ee4-a8cc-4e62f513379a/apps/com.emberlink.pubqdemo/delta/578d106482bac26173bdeeda02fc99737556900f52a0124f982dd7dd72cc4b2f_svg/arrow-redo-circle-outline.svg","470","NOT_FOUND"
"svg/arrow-redo-circle-sharp.svg","3376e35eef007f71ec39ada0b17519ca37138606cb18a341630200d7828cbc29","orgs/938847bd-ad89-4ee4-a8cc-4e62f513379a/apps/com.emberlink.pubqdemo/delta/8ebb36c01e3b4790653943c61853420f06ee0b4e198d60b78930f7ff93b12098_svg/arrow-redo-circle-sharp.svg","287","NOT_FOUND"
"svg/arrow-redo-circle.svg","c1b72e3bed41374495fd2f8d9150a6fdae6174cdebc6453f20f00d9350ad7e30","orgs/938847bd-ad89-4ee4-a8cc-4e62f513379a/apps/com.emberlink.pubqdemo/delta/d89b39b5d4926cbada61d3d42568ac5722fc259203b514daade90e78395c15fc_svg/arrow-redo-circle.svg","395","NOT_FOUND"
"svg/arrow-redo-outline.svg","fb616ac8545b0a354fc639d43256464fbc3af5c229a1721e15cf3357129f0771","orgs/938847bd-ad89-4ee4-a8cc-4e62f513379a/apps/com.emberlink.pubqdemo/delta/d9eaafc1e034fb5c778498cd2f77f6e280d068431961b35ebd145d43630eae37_svg/arrow-redo-outline.svg","244","NOT_FOUND"
"svg/arrow-redo-sharp.svg","7c908c829721d21ffd775358a8f1fef0437012905d1ab04ba69e1922cc93a63a","orgs/938847bd-ad89-4ee4-a8cc-4e62f513379a/apps/com.emberlink.pubqdemo/delta/1240e4661a4a94a3bbccb3142cb21f2b059ea8211f9b790019ce0042f96e273c_svg/arrow-redo-sharp.svg","280","NOT_FOUND"
"svg/arrow-redo.svg","09eb785c9efb0e0ece09802743f1123b27d3f836977a5e4bfa6fd9bf375891e0","orgs/938847bd-ad89-4ee4-a8cc-4e62f513379a/apps/com.emberlink.pubqdemo/delta/664af54e65a249fbf7219e6e8472beb5ab53d6dd0f97795f9bd4d6929fc7d816_svg/arrow-redo.svg","370","NOT_FOUND"
"svg/arrow-undo-circle-outline.svg","920c8c6986013cd5b4372b377c779dc9dab72da86578696b1cd5b75ffda55458","orgs/938847bd-ad89-4ee4-a8cc-4e62f513379a/apps/com.emberlink.pubqdemo/delta/ef6de6860d15242a5ab3ab86a62956931a3578ff6dc747777a8b38c09487d570_svg/arrow-undo-circle-outline.svg","473","NOT_FOUND"
"svg/arrow-undo-circle-sharp.svg","52dbe48be9e3d56b43448abc365c1d32c85c7c5180efee62559bf2c8802c8435","orgs/938847bd-ad89-4ee4-a8cc-4e62f513379a/apps/com.emberlink.pubqdemo/delta/c81bcf94e847dae27fce848be46fe50ca2ea7ace71c6b5e8984fa6071c6f3df7_svg/arrow-undo-circle-sharp.svg","292","NOT_FOUND"
"svg/arrow-undo-circle.svg","4bca56901f8b74ac0df3bdd88c6388e95d8f306cd8666f5becc19140bb884276","orgs/938847bd-ad89-4ee4-a8cc-4e62f513379a/apps/com.emberlink.pubqdemo/delta/ae6abb0c5375a392011229fae779bef30270f889cad7faeea07c694468e661d0_svg/arrow-undo-circle.svg","401","NOT_FOUND"
"svg/arrow-undo-outline.svg","5ed8ef6ba79c70391ad3fa8adce0cb23e453ce71651eeab8b11b2a15e0908543","orgs/938847bd-ad89-4ee4-a8cc-4e62f513379a/apps/com.emberlink.pubqdemo/delta/5d198a04d32717e94ff425c5db7bf09752562372525c8808f97ba3455d218da0_svg/arrow-undo-outline.svg","245","NOT_FOUND"
"svg/arrow-undo-sharp.svg","d01d00d6f1fc92b7cb8fb5e34da4184b93b0f8fcb513ea94b125a8921014dfd5","orgs/938847bd-ad89-4ee4-a8cc-4e62f513379a/apps/com.emberlink.pubqdemo/delta/4d89c8475c140ff56bde28a5b5e1aa12466339240cadda6a11ee4fed9210839a_svg/arrow-undo-sharp.svg","282","NOT_FOUND"
"svg/arrow-undo.svg","2ea6cfc03b7b7e69509d115043cced89c08996798586fd4b8e2a0f830e45a416","orgs/938847bd-ad89-4ee4-a8cc-4e62f513379a/apps/com.emberlink.pubqdemo/delta/ab425998361e463e15393ddd4793a77f2435720539b44811eb41bc434851ae17_svg/arrow-undo.svg","368","NOT_FOUND"
"svg/arrow-up-circle-outline.svg","4389b1973569d2b29dfeba3c6ff1d3422a14b2d2e5868c2009b056d5a4a53530","orgs/938847bd-ad89-4ee4-a8cc-4e62f513379a/apps/com.emberlink.pubqdemo/delta/adce1889573a6c0cf2b92f78713920f7d352d92997a0dfd21b3d21736d9609d2_svg/arrow-up-circle-outline.svg","389","NOT_FOUND"
"svg/arrow-up-circle-sharp.svg","bb7b84bf0b8f991430a47596e17105d531120764f6fcb163068264962e0f720c","orgs/938847bd-ad89-4ee4-a8cc-4e62f513379a/apps/com.emberlink.pubqdemo/delta/cfaf60f970d665ffe07a735bc7afa0add6c9e912d94d5370196e765a495c369e_svg/arrow-up-circle-sharp.svg","267","NOT_FOUND"
"svg/arrow-up-circle.svg","0ab098556f367c8e5d6ca2b1706c4f5d1486b33cd9ab3115546e5e49ca87148b","orgs/938847bd-ad89-4ee4-a8cc-4e62f513379a/apps/com.emberlink.pubqdemo/delta/595b52e0d2c534acaddbd8dfa5eade92bc9f11b31f4c9129dccfed16c3c1e7e2_svg/arrow-up-circle.svg","352","NOT_FOUND"
"svg/arrow-up-left-box-outline.svg","899bb40cebd888e182bad5f9f69f2eb2028ff579554a45187f9f59e218a3228d","orgs/938847bd-ad89-4ee4-a8cc-4e62f513379a/apps/com.emberlink.pubqdemo/delta/d29606153c39577688152c9b639868e2998577b5a0f0e85678e4a86732ff3332_svg/arrow-up-left-box-outline.svg","370","NOT_FOUND"
"svg/arrow-up-left-box-sharp.svg","4c85cf4bfa064eaf6d9e846d1cfc8fe43cd74cccabc4bf543c5f75b482370093","orgs/938847bd-ad89-4ee4-a8cc-4e62f513379a/apps/com.emberlink.pubqdemo/delta/8e2e13e1d521d9120771778b5a80c53b320af3c34ceccb1907525b5383025f71_svg/arrow-up-left-box-sharp.svg","276","NOT_FOUND"
"svg/arrow-up-left-box.svg","c64c9f3484c4eccdd26bbec87c1a1fe5d021d9d4d218ff9eeedebd6c7221a37f","orgs/938847bd-ad89-4ee4-a8cc-4e62f513379a/apps/com.emberlink.pubqdemo/delta/75c88eb08bc1f3a82d32344fd34bc72417b9ad06070a4d51ba9a248819d13c85_svg/arrow-up-left-box.svg","652","NOT_FOUND"
"svg/arrow-up-outline.svg","2aa28c72b57d3f8171b8a67db7642beaf5b37edc9bea4798fadd5bb35dea2b19","orgs/938847bd-ad89-4ee4-a8cc-4e62f513379a/apps/com.emberlink.pubqdemo/delta/b6cd417cb9b662308fafc1b9cf86bc289bd28b625cfc8d45e4d9395b3edfdb50_svg/arrow-up-outline.svg","225","NOT_FOUND"
"svg/arrow-up-right-box-outline.svg","489661d4f069a752550a82c0a786c8afc7914f94eeef38388530332992419aea","orgs/938847bd-ad89-4ee4-a8cc-4e62f513379a/apps/com.emberlink.pubqdemo/delta/e9e762c03d22665e859fa7eae2070dfbeb13bb2d784a6efb36cab2b646e10717_svg/arrow-up-right-box-outline.svg","371","NOT_FOUND"
"svg/arrow-up-right-box-sharp.svg","14cb4b815b3313d72ef8803d200c50bb17d4935ba1ea49eaf16bd3d189a77426","orgs/938847bd-ad89-4ee4-a8cc-4e62f513379a/apps/com.emberlink.pubqdemo/delta/721d965c9943a239abb1bb2c5faa704cdcfa996a9165cc06feeabdad27da4531_svg/arrow-up-right-box-sharp.svg","280","NOT_FOUND"
"svg/arrow-up-right-box.svg","cbd0bce48e5664b6104012fa642935e1c2425ec6beb234124afd17a6f4eb3a30","orgs/938847bd-ad89-4ee4-a8cc-4e62f513379a/apps/com.emberlink.pubqdemo/delta/3518ab9455bba845adfa524aa6d79947270dc32dd68fb7f9d194ea71485b4f85_svg/arrow-up-right-box.svg","626","NOT_FOUND"
"svg/arrow-up-sharp.svg","6170d95b6cf39d37dd930de2edd2523a8d3488c99d9a0b0f2498be220ded7ee1","orgs/938847bd-ad89-4ee4-a8cc-4e62f513379a/apps/com.emberlink.pubqdemo/delta/0be8180257d8f0e1ac2ce49b42b50a741f4acac2723d42bf8d1e996c98c767fd_svg/arrow-up-sharp.svg","225","NOT_FOUND"
"svg/arrow-up.svg","2aa28c72b57d3f8171b8a67db7642beaf5b37edc9bea4798fadd5bb35dea2b19","orgs/938847bd-ad89-4ee4-a8cc-4e62f513379a/apps/com.emberlink.pubqdemo/delta/b6cd417cb9b662308fafc1b9cf86bc289bd28b625cfc8d45e4d9395b3edfdb50_svg/arrow-up.svg","225","NOT_FOUND"
"svg/at-circle-outline.svg","e17c64f0d77c2036df5739464152b93984e5b13fe68a05780aae9e50e718ab70","orgs/938847bd-ad89-4ee4-a8cc-4e62f513379a/apps/com.emberlink.pubqdemo/delta/ba1589909b0c1011b2cff762292cb760c9da9eef1bf63b34afd488a094dc6582_svg/at-circle-outline.svg","680","NOT_FOUND"
"svg/at-circle-sharp.svg","5bd31f3b59fe13362a537a45881e42604e46ef079c4e0e233fa1e7b69fadc3fe","orgs/938847bd-ad89-4ee4-a8cc-4e62f513379a/apps/com.emberlink.pubqdemo/delta/b4b5047e316ac4c4a5e1acebbcdf3ae5b4ad03a80a453bfa6bedefab68ccfd23_svg/at-circle-sharp.svg","1202","NOT_FOUND"
"svg/at-circle.svg","84194823b6ab53582274c67fe114442370ab537f3d5c041e0714afc1fe3921c2","orgs/938847bd-ad89-4ee4-a8cc-4e62f513379a/apps/com.emberlink.pubqdemo/delta/1dcc2664c3aa214658fd5178ee19cd23973cc3e32a355f78bd8f95a7cde53c76_svg/at-circle.svg","1193","NOT_FOUND"
"svg/at-outline.svg","195aa07c99d7a137825d5a459bb59f169cdfec4fe858fdbb4721c792c0db3b73","orgs/938847bd-ad89-4ee4-a8cc-4e62f513379a/apps/com.emberlink.pubqdemo/delta/fb545f817e6ba8ffdc31269a775ee6a242cf8f65cbea5e94c583595635e542c9_svg/at-outline.svg","595","NOT_FOUND"
"svg/at-sharp.svg","6ac6579a35a6a8fae816144721638703fafe38c715d4384b4a8ecbb53b739f62","orgs/938847bd-ad89-4ee4-a8cc-4e62f513379a/apps/com.emberlink.pubqdemo/delta/c597e8e04ea4b47fb52978e53cc2c2b583f067b1764392d3224b13e221db1789_svg/at-sharp.svg","1198","NOT_FOUND"
"svg/at.svg","195aa07c99d7a137825d5a459bb59f169cdfec4fe858fdbb4721c792c0db3b73","orgs/938847bd-ad89-4ee4-a8cc-4e62f513379a/apps/com.emberlink.pubqdemo/delta/fb545f817e6ba8ffdc31269a775ee6a242cf8f65cbea5e94c583595635e542c9_svg/at.svg","595","NOT_FOUND"
"svg/attach-outline.svg","41bb3cea8545d80ed37049022e6a426d64bcddab7ac306fa613ab2ef181fd127","orgs/938847bd-ad89-4ee4-a8cc-4e62f513379a/apps/com.emberlink.pubqdemo/delta/202a5015ce895cda810d1751e76d2a19add170742f02342a4dbbccb519db6813_svg/attach-outline.svg","309","NOT_FOUND"
"svg/attach-sharp.svg","993a4adf5c8c04ab1edcfc00ab8f9cfe52716076f32712ac0ab73191798d8f04","orgs/938847bd-ad89-4ee4-a8cc-4e62f513379a/apps/com.emberlink.pubqdemo/delta/e479ef2e34128c30211ee9b6a7b7f271f6da8e71b6ee938e0a3fefcf36b4958f_svg/attach-sharp.svg","310","NOT_FOUND"
"svg/attach.svg","41bb3cea8545d80ed37049022e6a426d64bcddab7ac306fa613ab2ef181fd127","orgs/938847bd-ad89-4ee4-a8cc-4e62f513379a/apps/com.emberlink.pubqdemo/delta/202a5015ce895cda810d1751e76d2a19add170742f02342a4dbbccb519db6813_svg/attach.svg","309","NOT_FOUND"
"svg/backspace-outline.svg","f6edb139a672e0bde63a39ecb7daa8201c37aa944f81298bcb159ec41eabee64","orgs/938847bd-ad89-4ee4-a8cc-4e62f513379a/apps/com.emberlink.pubqdemo/delta/f497e772d885a961f9ba7993deebcca730b460aea7eb768e02d0b24cf755e042_svg/backspace-outline.svg","546","NOT_FOUND"
"svg/backspace-sharp.svg","cd03607fd2916a6ea36e53791cf65c2b09bcfb936c2442a68f6466db616f2392","orgs/938847bd-ad89-4ee4-a8cc-4e62f513379a/apps/com.emberlink.pubqdemo/delta/3b4da2fc70c9a8e364451e514a13feee29127a5a5abe21c79c3ea20c93b17e8e_svg/backspace-sharp.svg","229","NOT_FOUND"
"svg/backspace.svg","2b153ec74ce61ab4c8ff363c8c5a6b4df9dc318a1dfc23df4c74639128804aac","orgs/938847bd-ad89-4ee4-a8cc-4e62f513379a/apps/com.emberlink.pubqdemo/delta/4c7d5d0ece8a59edbfb95289930db5681782178cd814019fe6e6a99b170ff9e0_svg/backspace.svg","503","NOT_FOUND"
"svg/bag-add-outline.svg","8e0327832d9a291be71147f257172b797d94d29cca42ad2c3bbf5e11b05a7804","orgs/938847bd-ad89-4ee4-a8cc-4e62f513379a/apps/com.emberlink.pubqdemo/delta/9a2cb2d9029d65641a58a7652a29d54a1f23df2e2c63b22d3acbeef268e5ca60_svg/bag-add-outline.svg","372","NOT_FOUND"
"svg/bag-add-sharp.svg","3172b39a45d02b230c616587a8877e7b532df76fcb66bc04fd07929612472311","orgs/938847bd-ad89-4ee4-a8cc-4e62f513379a/apps/com.emberlink.pubqdemo/delta/414f5348766e3c9f8a6643f9dcfcec4dd6990b124b01a3f6241278f7f410720b_svg/bag-add-sharp.svg","377","NOT_FOUND"
"svg/bag-add.svg","91a9f859c18faa78efd81509959a826cbf0e610c9378d9ec593173294dc096a9","orgs/938847bd-ad89-4ee4-a8cc-4e62f513379a/apps/com.emberlink.pubqdemo/delta/e4359111c88527edae00cedff87869c11f86eeab4b778eeb4aee5bbd297b4730_svg/bag-add.svg","441","NOT_FOUND"
"svg/bag-check-outline.svg","9a4cd30a810939466525d5959584e5bb41482cb99a78f4051fd6f09bbf0f290a","orgs/938847bd-ad89-4ee4-a8cc-4e62f513379a/apps/com.emberlink.pubqdemo/delta/4f57790ab0837bbd6a2ed6359cf6978c90657fd227536dc7271881c306c113a7_svg/bag-check-outline.svg","482","NOT_FOUND"
"svg/bag-check-sharp.svg","6a653913dd8f09d9db2f54725c18a4c7fded65961df83157487298c6dacb5a67","orgs/938847bd-ad89-4ee4-a8cc-4e62f513379a/apps/com.emberlink.pubqdemo/delta/b7bb157605426d5cf8c1798afb38895776ff2241219512d9bbb5ff46848d3526_svg/bag-check-sharp.svg","396","NOT_FOUND"
"svg/bag-check.svg","1e2a2e8a06fcefc32c7ded24ea4b9e002370c870b43de0147949c4a782806459","orgs/938847bd-ad89-4ee4-a8cc-4e62f513379a/apps/com.emberlink.pubqdemo/delta/e21cb8aa83110fe47ef1c8489296f08c20d9bfaa467a0a72c39b206f331332ec_svg/bag-check.svg","482","NOT_FOUND"
"svg/bag-handle-outline.svg","96ada0a314e922c232a16919ff93db72bd88766339820534421763f0a605a46f","orgs/938847bd-ad89-4ee4-a8cc-4e62f513379a/apps/com.emberlink.pubqdemo/delta/a4fcc653eb561fab2c93cf4b38ad5a7eca01a0bf2f7edf0577decfe7f7e3ffda_svg/bag-handle-outline.svg","507","NOT_FOUND"
"svg/bag-handle-sharp.svg","5741b99462764d28f3413714d30dc1f0b199f25e536c3490319a670ea4fe0e3d","orgs/938847bd-ad89-4ee4-a8cc-4e62f513379a/apps/com.emberlink.pubqdemo/delta/8be0f0ea427f4d25d197c28a883b4c6719f7afd573fd9eacb856354ca4f5f541_svg/bag-handle-sharp.svg","392","NOT_FOUND"
"svg/bag-handle.svg","7309d86c5af22537f879e95fadc7b34e2b73c420abc639b6f7007704639b026f","orgs/938847bd-ad89-4ee4-a8cc-4e62f513379a/apps/com.emberlink.pubqdemo/delta/4c907936e8b37800137f22fa87ea610e7f4475badf4705343d1028f9054b47c7_svg/bag-handle.svg","428","NOT_FOUND"
"svg/bag-outline.svg","e710a9ac3865d3cf083032657cab2f5ce6de4c3b85e3ad7bd9ac1e34b4344e04","orgs/938847bd-ad89-4ee4-a8cc-4e62f513379a/apps/com.emberlink.pubqdemo/delta/fe4dff1ca41eb7c9d3a0cba8d1cca85797b50e2725ef02fc37995d0265161e59_svg/bag-outline.svg","348","NOT_FOUND"
"svg/bag-remove-outline.svg","9d6bb8ec2ac991f726548ab569583feabb9353d3df6dd277fefee19886c35652","orgs/938847bd-ad89-4ee4-a8cc-4e62f513379a/apps/com.emberlink.pubqdemo/delta/5dec8f752ba19e651cf7f130c080129bde6dc3042370d043f567ff0847172eba_svg/bag-remove-outline.svg","360","NOT_FOUND"
"svg/bag-remove-sharp.svg","cf08f34e7169e6c1e9043318dce57dfb3dcda90a41e94ca383f542ae7e20e0dd","orgs/938847bd-ad89-4ee4-a8cc-4e62f513379a/apps/com.emberlink.pubqdemo/delta/975387a02303161a0463ca68a99db889a4c265118b467a9601fda7f2c6f40c45_svg/bag-remove-sharp.svg","350","NOT_FOUND"
"svg/bag-remove.svg","f51ecf026da4b268fd31ad65b971151a72e5067a9074e7dc56629f3865ce91c0","orgs/938847bd-ad89-4ee4-a8cc-4e62f513379a/apps/com.emberlink.pubqdemo/delta/7d912b7cfd049f0e1fdf637353b1d53e2c8a8cc89da5e8460274f61a6823b422_svg/bag-remove.svg","387","NOT_FOUND"
"svg/bag-sharp.svg","547297052f2dcfb07b8c998c0f9eef0daae3203ff5c195899fec551fd6101b56","orgs/938847bd-ad89-4ee4-a8cc-4e62f513379a/apps/com.emberlink.pubqdemo/delta/b486501adab994ddc1f5e02d81d532e08a42b8f2308f3629ff247cbd49811567_svg/bag-sharp.svg","325","NOT_FOUND"
"svg/bag.svg","1d0974b14adae74907c302ca22b47206a048325a430aacbacbb7fcb4350f7492","orgs/938847bd-ad89-4ee4-a8cc-4e62f513379a/apps/com.emberlink.pubqdemo/delta/5d492fb71cb887132814e711c9aa1a932dee1ee823a32085c8353802fd32ad7e_svg/bag.svg","337","NOT_FOUND"
"svg/balloon-outline.svg","9891fe0170143e3d04c56b8132bbbfacfdd4fde6549251efd6e633fc89454596","orgs/938847bd-ad89-4ee4-a8cc-4e62f513379a/apps/com.emberlink.pubqdemo/delta/be9027b15e473e0dad16c92b6c89945b0bea1c59949622976737e0f52ab71835_svg/balloon-outline.svg","628","NOT_FOUND"
"svg/balloon-sharp.svg","fb7411339aab233792c2ba5f74e1c57702b96717e87a6d8ad13950aa7f760e81","orgs/938847bd-ad89-4ee4-a8cc-4e62f513379a/apps/com.emberlink.pubqdemo/delta/7be8ddf9043042366a75762d6b98dc967cd9bac38294a5aa4ca3bd08bdc5b152_svg/balloon-sharp.svg","629","NOT_FOUND"
"svg/balloon.svg","8d802758c7bfc5492b996d3b5487501942f41da5e58dc175b262a4a19e17db7d","orgs/938847bd-ad89-4ee4-a8cc-4e62f513379a/apps/com.emberlink.pubqdemo/delta/146cf0d63e43a932fba1ab1bbfe1a4bf968d59eed9dd792e24cf2f1307db2d4e_svg/balloon.svg","818","NOT_FOUND"
"svg/ban-outline.svg","5f0aac37f9454fc3fb8f56fa99d98ce5c9545c3a19f13cc544b12f2479883213","orgs/938847bd-ad89-4ee4-a8cc-4e62f513379a/apps/com.emberlink.pubqdemo/delta/6e75eff33960e06dee708c4762bbf365ce87a5bb828fead4c5d5ffc070b9db1a_svg/ban-outline.svg","299","NOT_FOUND"
"svg/ban-sharp.svg","44e874930811ff47a9fb49014a91cc3b6f56d213697f71338f14e0b1298e4a71","orgs/938847bd-ad89-4ee4-a8cc-4e62f513379a/apps/com.emberlink.pubqdemo/delta/3844c4e6dee39f0e536505204efece66d60270b7c4f7e231cfb6658454706ea8_svg/ban-sharp.svg","362","NOT_FOUND"
"svg/ban.svg","a15b9c415e0b2f719cf3f82f85c1a6006310ee9bd042ab15b8dd5bbcd053d39f","orgs/938847bd-ad89-4ee4-a8cc-4e62f513379a/apps/com.emberlink.pubqdemo/delta/9a2be7248959b338038a6b1bd57ec68b816804f2cc9f1e780e47a5320dfa6698_svg/ban.svg","267","NOT_FOUND"
"svg/bandage-outline.svg","e405ff1cf6b2664be233237bc515d162d54e7192c9ac3fe4f1876e3155c71bed","orgs/938847bd-ad89-4ee4-a8cc-4e62f513379a/apps/com.emberlink.pubqdemo/delta/f74f56fb61ef89d06b5c3e6e8b20fb46d599549cebdfb705a5f2f1968c3147d4_svg/bandage-outline.svg","635","NOT_FOUND"
"svg/bandage-sharp.svg","8948c8521c295beeafb17875f6b0ff2b9290583ffd7d2663d1a8a84713104a0e","orgs/938847bd-ad89-4ee4-a8cc-4e62f513379a/apps/com.emberlink.pubqdemo/delta/20ca09b9f12a674535935ecc3ecbd67fdbac54583c89817178eb3bc7785a178d_svg/bandage-sharp.svg","554","NOT_FOUND"
"svg/bandage.svg","acc47033d30124f7d424ef411d584ef6560b2893237c08923e531678b563e6dc","orgs/938847bd-ad89-4ee4-a8cc-4e62f513379a/apps/com.emberlink.pubqdemo/delta/a0f1a715f46bceaaa97a17e289bf70d97344ab5b3473d6e426234a09d5597db0_svg/bandage.svg","1339","NOT_FOUND"
"svg/bar-chart-outline.svg","fae360a94c602d88f6411755287c7033d19362070b82827931e0481d01aed86e","orgs/938847bd-ad89-4ee4-a8cc-4e62f513379a/apps/com.emberlink.pubqdemo/delta/4dc8d4efaf0ae63f9d6b8f594b6e6b56a7d588280cbd691cd8a07b942e740f29_svg/bar-chart-outline.svg","695","NOT_FOUND"
"svg/bar-chart-sharp.svg","5b555eaf7987133542c7d1bf7ed55a61c2b7b4ba795548909ec19803e9da291d","orgs/938847bd-ad89-4ee4-a8cc-4e62f513379a/apps/com.emberlink.pubqdemo/delta/9e010cfa253dc1c480b36f9b5170d5c0e42d250c4bcd2aa4d0ae391b301e7230_svg/bar-chart-sharp.svg","199","NOT_FOUND"
"svg/bar-chart.svg","971cc546e2c8f5629f4bbaaa4e822007b3b28795bc803c1407e950c3bf40b3cb","orgs/938847bd-ad89-4ee4-a8cc-4e62f513379a/apps/com.emberlink.pubqdemo/delta/20665866dc63c1ee7535167d4a23057533288641819e91149bfd162bdafda2fe_svg/bar-chart.svg","470","NOT_FOUND"
"svg/barbell-outline.svg","50c8cf96a2221ce7b3062ea254297db60796bb2ce21a47c30c56a4588ebd99de","orgs/938847bd-ad89-4ee4-a8cc-4e62f513379a/apps/com.emberlink.pubqdemo/delta/075411efbedfba7d792072ccdbfd7ece1cca01455715c2266a5f1b0fd966e439_svg/barbell-outline.svg","823","NOT_FOUND"
"svg/barbell-sharp.svg","613c8d5921cfe8e42dad2d1daf35a8dd6869602133d9f538e4c7a587e5e8ef2b","orgs/938847bd-ad89-4ee4-a8cc-4e62f513379a/apps/com.emberlink.pubqdemo/delta/6531a3eaaec17b20d34e0ac051a1185aa7d32a3c9f9f9ee244d76058289869ee_svg/barbell-sharp.svg","173","NOT_FOUND"
"svg/barbell.svg","3cbbfb543c14d41dfcf762f1f50e57c05d815ea2b0654ca331047a3fe976d18b","orgs/938847bd-ad89-4ee4-a8cc-4e62f513379a/apps/com.emberlink.pubqdemo/delta/d7aaaaa334952ddf573813fa4f4e59d386c026c71d449f0360ff1b820c41c0ae_svg/barbell.svg","730","NOT_FOUND"
"svg/barcode-outline.svg","b5b68fbc9bfdcd1d78d65c3eb0436a14e8f4ec0b577cb04d5248fb988f750dea","orgs/938847bd-ad89-4ee4-a8cc-4e62f513379a/apps/com.emberlink.pubqdemo/delta/f0290969ccfb5da289451435c4c3b0b0b5f39bdba8d18fcb2c06240b5031886a_svg/barcode-outline.svg","425","NOT_FOUND"
"svg/barcode-sharp.svg","7f99fad0ca13e2b0d1c259ce9fb7ea09687071f1228067a21879d23174b52a0a","orgs/938847bd-ad89-4ee4-a8cc-4e62f513379a/apps/com.emberlink.pubqdemo/delta/bb1403e3e83653a35467a6598c0314cd167210044cadfdd68a35a42d3a2d49e2_svg/barcode-sharp.svg","308","NOT_FOUND"
"svg/barcode.svg","cd022c115f82d00be650e49aded1c27812c0b41acdc28ae8b45f98fa1f63c006","orgs/938847bd-ad89-4ee4-a8cc-4e62f513379a/apps/com.emberlink.pubqdemo/delta/5bd66347883eb5bcbf84a24bb54d2f40c14a65c59b43192219709ddd082f7801_svg/barcode.svg","537","NOT_FOUND"
"svg/baseball-outline.svg","98f56409818831299efe865bdd311b311fca7a65f0451438e504432f31d43479","orgs/938847bd-ad89-4ee4-a8cc-4e62f513379a/apps/com.emberlink.pubqdemo/delta/200cf1ba5b5fbe7b25bd9955e9a507c1689d800b0ec99a207357ad502a1423cc_svg/baseball-outline.svg","705","NOT_FOUND"
"svg/baseball-sharp.svg","b8033f3708017de03820ceb2d089b0807fb7ee87043d9d68037d5fec7e492e49","orgs/938847bd-ad89-4ee4-a8cc-4e62f513379a/apps/com.emberlink.pubqdemo/delta/50c07b87fcb7c4d52129a48020f538c4a6ef82456c4336b187a5cb682d0f18b4_svg/baseball-sharp.svg","1683","NOT_FOUND"
"svg/baseball.svg","b9663bd1cd74a9212bb402d5458a1543e82d79cd248843096f4581f188d44f88","orgs/938847bd-ad89-4ee4-a8cc-4e62f513379a/apps/com.emberlink.pubqdemo/delta/93fbaaa01128a41298468ac996314a0527226ded4bf922fd73424b1a1295bb0b_svg/baseball.svg","2037","NOT_FOUND"
"svg/basket-outline.svg","2bfaa4165013b2b6478dcccad23d03de7a872985a77df413b90a0b6f961e9870","orgs/938847bd-ad89-4ee4-a8cc-4e62f513379a/apps/com.emberlink.pubqdemo/delta/19da1c5044baf664b73c4611d7656f6b22e04cfa5184cb727bec9cbed5cd7c9c_svg/basket-outline.svg","520","NOT_FOUND"
"svg/basket-sharp.svg","071f9b2686871e635ab809470aa06fd1d305b9d8cf68f1dddd2503db494310f7","orgs/938847bd-ad89-4ee4-a8cc-4e62f513379a/apps/com.emberlink.pubqdemo/delta/5fac6066a42f38d23c5c91633e9187e85463f3e0652284c165dc2f4667a96b1a_svg/basket-sharp.svg","352","NOT_FOUND"
"svg/basket.svg","df16a5346aa348f9d38f7459b019eb0a5e709e7534a78004edfca36102410fde","orgs/938847bd-ad89-4ee4-a8cc-4e62f513379a/apps/com.emberlink.pubqdemo/delta/d4b5473dd2547fa3726cbb12add6ebb9db16062befb2e0ba8264c57597016f23_svg/basket.svg","469","NOT_FOUND"
"svg/basketball-outline.svg","0b144ee1779fa45021f3e55dcfa948f1b248ace4b7fb1afbc9307d1383e0e0b5","orgs/938847bd-ad89-4ee4-a8cc-4e62f513379a/apps/com.emberlink.pubqdemo/delta/0c7262a9d97eaa2d66e0ac52ac6f5636d6fff459d4959ad6b431bd08e3ef2628_svg/basketball-outline.svg","454","NOT_FOUND"
"svg/basketball-sharp.svg","40aea402d8661e6ef5522ecae41a2c86b96841df34d2933c6a9effab546f57e2","orgs/938847bd-ad89-4ee4-a8cc-4e62f513379a/apps/com.emberlink.pubqdemo/delta/94725895e84afa499970099d264d42f9bd033fb58d67876391d91fc8e3151b6b_svg/basketball-sharp.svg","946","NOT_FOUND"
"svg/basketball.svg","40aea402d8661e6ef5522ecae41a2c86b96841df34d2933c6a9effab546f57e2","orgs/938847bd-ad89-4ee4-a8cc-4e62f513379a/apps/com.emberlink.pubqdemo/delta/94725895e84afa499970099d264d42f9bd033fb58d67876391d91fc8e3151b6b_svg/basketball.svg","946","NOT_FOUND"
"svg/battery-charging-outline.svg","53fc9a0a2fec50c4a2cf7178fc4e5b4a1b710f80d03d316f75c5b78a0e79f4ca","orgs/938847bd-ad89-4ee4-a8cc-4e62f513379a/apps/com.emberlink.pubqdemo/delta/214879094a4c3d5676df7965a23e9d6447f31083b447bffd0ad013246f612f13_svg/battery-charging-outline.svg","1928","NOT_FOUND"
"svg/battery-charging-sharp.svg","06e01fb310951c9fd9b20f116c094f370a569efe19ed93efa541054712e10531","orgs/938847bd-ad89-4ee4-a8cc-4e62f513379a/apps/com.emberlink.pubqdemo/delta/9b580ab459ec91ba371ec0aac90fee9e7142033a57b5d4d41d2d83a25346ec19_svg/battery-charging-sharp.svg","942","NOT_FOUND"
"svg/battery-charging.svg","53fc9a0a2fec50c4a2cf7178fc4e5b4a1b710f80d03d316f75c5b78a0e79f4ca","orgs/938847bd-ad89-4ee4-a8cc-4e62f513379a/apps/com.emberlink.pubqdemo/delta/214879094a4c3d5676df7965a23e9d6447f31083b447bffd0ad013246f612f13_svg/battery-charging.svg","1928","NOT_FOUND"
"svg/battery-dead-outline.svg","5653b6f19b0c105bb947f17b67460f7f64cfc2a686b337aee677b148e12128ad","orgs/938847bd-ad89-4ee4-a8cc-4e62f513379a/apps/com.emberlink.pubqdemo/delta/e81079d2535b1d01781e91fc4d8382114fe230762cffc90f35c1ec69441e6c10_svg/battery-dead-outline.svg","367","NOT_FOUND"
"svg/battery-dead-sharp.svg","8a9597b1b36c943b00d6bb08f7cde78d262e9506a273fb18262dfcb61adcc105","orgs/938847bd-ad89-4ee4-a8cc-4e62f513379a/apps/com.emberlink.pubqdemo/delta/9033f4723d5e12a6ff0bb067e03d3a2b891678c9e217c8a39b9ee98473296f90_svg/battery-dead-sharp.svg","226","NOT_FOUND"
"svg/battery-dead.svg","5653b6f19b0c105bb947f17b67460f7f64cfc2a686b337aee677b148e12128ad","orgs/938847bd-ad89-4ee4-a8cc-4e62f513379a/apps/com.emberlink.pubqdemo/delta/e81079d2535b1d01781e91fc4d8382114fe230762cffc90f35c1ec69441e6c10_svg/battery-dead.svg","367","NOT_FOUND"
"svg/battery-full-outline.svg","1c6c47099743d8ae03282520e9a9f36ce4b26685e94d79d0b7d597a26b8916cb","orgs/938847bd-ad89-4ee4-a8cc-4e62f513379a/apps/com.emberlink.pubqdemo/delta/30ada909b9177bd891b164b880c1c4af2562196c854df63388da913a3ddba1a8_svg/battery-full-outline.svg","516","NOT_FOUND"
"svg/battery-full-sharp.svg","e48a41c951792b68d312bbe710f078084f826bcee73c138cd643969ae0345c9c","orgs/938847bd-ad89-4ee4-a8cc-4e62f513379a/apps/com.emberlink.pubqdemo/delta/9bc3cf759a27a720bcd99b478c1c7cec122f1831036059eee7b831f0b1b71091_svg/battery-full-sharp.svg","206","NOT_FOUND"
"svg/battery-full.svg","1c6c47099743d8ae03282520e9a9f36ce4b26685e94d79d0b7d597a26b8916cb","orgs/938847bd-ad89-4ee4-a8cc-4e62f513379a/apps/com.emberlink.pubqdemo/delta/30ada909b9177bd891b164b880c1c4af2562196c854df63388da913a3ddba1a8_svg/battery-full.svg","516","NOT_FOUND"
"svg/battery-half-outline.svg","fb174e400cfa91d3adc3ad33bf7f298545cce20d45f292c9c34ec403e382b485","orgs/938847bd-ad89-4ee4-a8cc-4e62f513379a/apps/com.emberlink.pubqdemo/delta/8eb95c23029584fbc200aa5740997f78eb434a091d2bff45cc70316b4ddc8c59_svg/battery-half-outline.svg","516","NOT_FOUND"
"svg/battery-half-sharp.svg","fa729bb7623c0366d0b82c6fabb8964e2d98c9fd7cb06d2a6b9a93e109390a71","orgs/938847bd-ad89-4ee4-a8cc-4e62f513379a/apps/com.emberlink.pubqdemo/delta/0dff7df3016b7d6e71d6031690a7616c3f6ea9fefc951644597312adf8b75ee9_svg/battery-half-sharp.svg","203","NOT_FOUND"
"svg/battery-half.svg","fb174e400cfa91d3adc3ad33bf7f298545cce20d45f292c9c34ec403e382b485","orgs/938847bd-ad89-4ee4-a8cc-4e62f513379a/apps/com.emberlink.pubqdemo/delta/8eb95c23029584fbc200aa5740997f78eb434a091d2bff45cc70316b4ddc8c59_svg/battery-half.svg","516","NOT_FOUND"
"svg/bcg.svg","88d865157897617fd69401ef5729b41a240506de9086d4b0c7d58f7d7db149e0","orgs/938847bd-ad89-4ee4-a8cc-4e62f513379a/apps/com.emberlink.pubqdemo/delta/ddd2d918e3199fba49ae3e0728b95ba685aa26ffb73e7252100f4401b4a52ff4_svg/bcg.svg","0","NOT_FOUND"
"svg/beaker-outline.svg","606598d90ddf4bcc2b786e47b20af49853090671a0f4d6ba9e81d2913c4378d4","orgs/938847bd-ad89-4ee4-a8cc-4e62f513379a/apps/com.emberlink.pubqdemo/delta/9f67c39f50edc8b52049f94c871224244ee5b48df4b68ad7d75f42e130ebfa47_svg/beaker-outline.svg","380","NOT_FOUND"
"svg/beaker-sharp.svg","4af9a965d60b960e6eac04e39d4f3468f5988229dbd3201b06fc3e04cc713317","orgs/938847bd-ad89-4ee4-a8cc-4e62f513379a/apps/com.emberlink.pubqdemo/delta/c1406c0b06c25ea047562c1defb7611680fedd7ea4c9baac4f6aea214a99351c_svg/beaker-sharp.svg","381","NOT_FOUND"
"svg/beaker.svg","195f7bf3a8230999e341535016ad6c178dd8d63ce964eaf20205d983242c1403","orgs/938847bd-ad89-4ee4-a8cc-4e62f513379a/apps/com.emberlink.pubqdemo/delta/b45a3532192679ac638d98fb1455b00d2423140a3332fd2e031f0399a86e5d9e_svg/beaker.svg","500","NOT_FOUND"
"svg/bed-outline.svg","58307205a736f457eeab99593626e9162f00ec20c40b175ff9293a0f6f4d525c","orgs/938847bd-ad89-4ee4-a8cc-4e62f513379a/apps/com.emberlink.pubqdemo/delta/9657dba2f1c40f8f9202efdc2f1ace1ceb747d4a1193abc534c0fe2dfe48d155_svg/bed-outline.svg","631","NOT_FOUND"
"svg/bed-sharp.svg","85ee17e2529846967d62ba7021876c4cc1d2617a103757b383e80ac78da744e4","orgs/938847bd-ad89-4ee4-a8cc-4e62f513379a/apps/com.emberlink.pubqdemo/delta/90457a2abfa0a29966c5be1c0f12ff8a16984e07f1732731a4e100e369ca739e_svg/bed-sharp.svg","319","NOT_FOUND"
"svg/bed.svg","8717b5d624f09040630a805980d8811c3bcfe1ba44b5f7925b78f024d7ee2784","orgs/938847bd-ad89-4ee4-a8cc-4e62f513379a/apps/com.emberlink.pubqdemo/delta/319a4640c92332267ce8b9464f9750aa97aad160c330a1299f410f68bb8af5c9_svg/bed.svg","613","NOT_FOUND"
"svg/beer-outline.svg","4d6b59d0a9991c0d1d144b3a65186d5ba3cc9a0e3fe5ed67ffc029e5c598a22e","orgs/938847bd-ad89-4ee4-a8cc-4e62f513379a/apps/com.emberlink.pubqdemo/delta/a6b9c72de09263557dc9a8ec8645446290e29bc80e979bcaa49bc57898de2142_svg/beer-outline.svg","927","NOT_FOUND"
"svg/beer-sharp.svg","134124164f5b05d20bfe103a99e92dcc19e2f7674ba1913f187ebc6e55f11a7a","orgs/938847bd-ad89-4ee4-a8cc-4e62f513379a/apps/com.emberlink.pubqdemo/delta/0b9c401abfd192e16a1c7748a0d5e773f6d7db1136ec2bb7353d5006bcaa59b7_svg/beer-sharp.svg","1131","NOT_FOUND"
"svg/beer.svg","a19a9025ad80da0cc883c621034be4ee82befbe17e19d354fa4cb8e57eacd9d6","orgs/938847bd-ad89-4ee4-a8cc-4e62f513379a/apps/com.emberlink.pubqdemo/delta/5d0c7955a29026620be7b5fc2c5bd2063540e5a760bfd4ca44eb4f8e595790dd_svg/beer.svg","1149","NOT_FOUND"
"svg/bicycle-outline.svg","05880148b093b0f7d3c3e1a9aa45510e2c669502a0235c022b937ab447fab178","orgs/938847bd-ad89-4ee4-a8cc-4e62f513379a/apps/com.emberlink.pubqdemo/delta/6916bf1b054707ea364c5e4435ccd211d9d52f25908f61037a18ec6b20727e34_svg/bicycle-outline.svg","499","NOT_FOUND"
"svg/bicycle-sharp.svg","447e8792a70228a05afccc5b5b48ee730e845aae04ff9b03f37301df6907b01b","orgs/938847bd-ad89-4ee4-a8cc-4e62f513379a/apps/com.emberlink.pubqdemo/delta/7ae9f0a5ae79da38165bc4869042c746ad9ffeb3e2d9a7ed5e81deb06503e396_svg/bicycle-sharp.svg","600","NOT_FOUND"
"svg/bicycle.svg","d8a335b0877fb404dc821c35d3670e7df4c66060a3752a36532c85ae90f595b2","orgs/938847bd-ad89-4ee4-a8cc-4e62f513379a/apps/com.emberlink.pubqdemo/delta/91e8f521432ce54d2ded546446303fec4761f61ff57a2064f61003bc3d4c9df3_svg/bicycle.svg","791","NOT_FOUND"
"svg/binoculars-outline.svg","0da85072415218bff10a2b9e46e051c551f968c00631650fa5701df0517d33f5","orgs/938847bd-ad89-4ee4-a8cc-4e62f513379a/apps/com.emberlink.pubqdemo/delta/744e35a713308b7c34fbf1303f0b7b9a227f04be5ea91b4c0ece9935601ea9d0_svg/binoculars-outline.svg","626","NOT_FOUND"
"svg/binoculars-sharp.svg","9395db6e35284ba79c837c41351d9651fa6ba86a7bf76ea4981dad534c959c5b","orgs/938847bd-ad89-4ee4-a8cc-4e62f513379a/apps/com.emberlink.pubqdemo/delta/e4cbf66242cc10090d8aad1ed5b79e8ba054926560f459b4f26173ff6a3f923c_svg/binoculars-sharp.svg","916","NOT_FOUND"
"svg/binoculars.svg","2ca05b3b202419f5018b8a16679763362ce3080cca6bd74c65694f026ce66561","orgs/938847bd-ad89-4ee4-a8cc-4e62f513379a/apps/com.emberlink.pubqdemo/delta/252a188fa7d6dc01e1993e23658b780e0cb5eb2da12c7d7fd8c3e86eb813e61d_svg/binoculars.svg","1186","NOT_FOUND"
"svg/bluetooth-outline.svg","1fe7985534f371d85d2a8f78d828907282dc6395a2f0972fd4ebfcacecba459b","orgs/938847bd-ad89-4ee4-a8cc-4e62f513379a/apps/com.emberlink.pubqdemo/delta/b51cc2b185795c7d92e6b6d70626ab054103a7d573b46e8292514b1ddf3c65a4_svg/bluetooth-outline.svg","233","NOT_FOUND"
"svg/bluetooth-sharp.svg","9043522f70865735daa69394e05dc5bfb8504579b664f90cc259f5d1bcbe0748","orgs/938847bd-ad89-4ee4-a8cc-4e62f513379a/apps/com.emberlink.pubqdemo/delta/d3fe51c0b147919db95d65fa2e3a95cce96028b5399041fbfd509d9ba9c43bf4_svg/bluetooth-sharp.svg","288","NOT_FOUND"
"svg/bluetooth.svg","f6a4474e2b9e640f31ae800df3763b86703b1df0068989b59c311262cd390b8c","orgs/938847bd-ad89-4ee4-a8cc-4e62f513379a/apps/com.emberlink.pubqdemo/delta/4266c142d9ef00e80d9b46cbb2f91c57adc5b56ff216159ce4e32da24592986a_svg/bluetooth.svg","412","NOT_FOUND"
"svg/boat-outline.svg","f50cf57c4e9acb246618a56b3a8f0bfb1ff49d8423d1590af8ef6e1ec65ccddb","orgs/938847bd-ad89-4ee4-a8cc-4e62f513379a/apps/com.emberlink.pubqdemo/delta/c14bcff8480b1c879a94ae91143b25265a0f188e95e42fa9ea68c6282e8ff9be_svg/boat-outline.svg","1255","NOT_FOUND"
"svg/boat-sharp.svg","ecabb1d6aef592957b56d52ea26ec3f5c7be88d3571875bd41d0ce6f42b2c2c1","orgs/938847bd-ad89-4ee4-a8cc-4e62f513379a/apps/com.emberlink.pubqdemo/delta/fb88fcc21a53aa8deabf41a4d2066be00d3fd020d52eb5ce5ce385166ceaee4b_svg/boat-sharp.svg","776","NOT_FOUND"
"svg/boat.svg","1fa9c1a564e6edab9930576cffcfd9134ac36da940b31ab24c7ae0c0f3d4dfc3","orgs/938847bd-ad89-4ee4-a8cc-4e62f513379a/apps/com.emberlink.pubqdemo/delta/84b3253c1576b0942d020b791e9da725db5f52fb94f7331ed03f3468a184f348_svg/boat.svg","1143","NOT_FOUND"
"svg/body-outline.svg","2196b085f21649475a698eb9ad5948e7b296802f473943bdb07935aaa4c91215","orgs/938847bd-ad89-4ee4-a8cc-4e62f513379a/apps/com.emberlink.pubqdemo/delta/648207e0297e85ad59c62fb5cd0520e461337fe627fa99378f2bea6cfccb64a0_svg/body-outline.svg","618","NOT_FOUND"
"svg/body-sharp.svg","3885e8b0423d5c11a49a2ea8679e7cf248db29634dc15748adf8711dc2daccc0","orgs/938847bd-ad89-4ee4-a8cc-4e62f513379a/apps/com.emberlink.pubqdemo/delta/76e80120a00440961c14eba565677c947d7136e5af9f83cda6309ff8c3d41d97_svg/body-sharp.svg","211","NOT_FOUND"
"svg/body.svg","44898163d90e348ab4a1bc3abf8aadd290c1602c7ed84b2af87f1cf3b080bdce","orgs/938847bd-ad89-4ee4-a8cc-4e62f513379a/apps/com.emberlink.pubqdemo/delta/d6fe6a2ba7ffca332ca5392783ec7db097502d1531dbc8b36c38c33a88887451_svg/body.svg","551","NOT_FOUND"
"svg/bonfire-outline.svg","07845aa3a8502907c0949a67acf9ef20222aaf6cc673207b67192a51cf4d4957","orgs/938847bd-ad89-4ee4-a8cc-4e62f513379a/apps/com.emberlink.pubqdemo/delta/9319a1de90fbe6447a9a30942228d6cbaa787baee7919248246f7598dcbf7501_svg/bonfire-outline.svg","1609","NOT_FOUND"
"svg/bonfire-sharp.svg","7a8bb379f8737ca351943ccf9a72769a471a57ea95da53e3b7d62a318b903ab6","orgs/938847bd-ad89-4ee4-a8cc-4e62f513379a/apps/com.emberlink.pubqdemo/delta/ddd06bd4188af6929e61ab5e70eece94f71b94b333becc813b8d6052b3e0d115_svg/bonfire-sharp.svg","1485","NOT_FOUND"
"svg/bonfire.svg","6c37e917ee18897d853e2e3b6a7ec5f4c4e447e880069ae88f2bdf2b556c3483","orgs/938847bd-ad89-4ee4-a8cc-4e62f513379a/apps/com.emberlink.pubqdemo/delta/cb20b5e2d969d144b17b3fdd36f49a913cf4aff62934fc9d60c6ce74b5a10618_svg/bonfire.svg","1886","NOT_FOUND"
"svg/book-outline.svg","1a13f5361f1ed703cf153899f8560b8b315879e2035be6182d60b9417e78bfe6","orgs/938847bd-ad89-4ee4-a8cc-4e62f513379a/apps/com.emberlink.pubqdemo/delta/bb393dcee91f7362ce6d62e04ac7f99d9fbe65b7235a88e7789fe479c3ff1835_svg/book-outline.svg","411","NOT_FOUND"
"svg/book-sharp.svg","9c4197560ea93c645e749b691c6f8bb253af32008a8c66e657f1d785d68e5346","orgs/938847bd-ad89-4ee4-a8cc-4e62f513379a/apps/com.emberlink.pubqdemo/delta/602eae6216c3e979402b79262f7e32c066bc2b9ed4027ae1d0ba6d13c8083e86_svg/book-sharp.svg","313","NOT_FOUND"
"svg/book.svg","a54d061e1465b463995b3bd68732307370af4b5713691f1f88be2998bd32a3d2","orgs/938847bd-ad89-4ee4-a8cc-4e62f513379a/apps/com.emberlink.pubqdemo/delta/3a54ad6530525c1e20f8410ff5b0a5c63e6f7bcaf48fd19850e994b360b33f6b_svg/book.svg","567","NOT_FOUND"
"svg/bookmark-outline.svg","0c0392bb6ce7aa9bd0cab1bda0663ae8f9d09bb396fc6bc33b6bba8ace14060e","orgs/938847bd-ad89-4ee4-a8cc-4e62f513379a/apps/com.emberlink.pubqdemo/delta/4ff1e6e16b4ddc8bf04c1e8960dd4f0bb6edbb43a3786bec7df43acc4063a666_svg/bookmark-outline.svg","260","NOT_FOUND"
"svg/bookmark-sharp.svg","db23ad36074204c6dbaaee05e61b4347d947ea24fa9430abefaa1617868a93e4","orgs/938847bd-ad89-4ee4-a8cc-4e62f513379a/apps/com.emberlink.pubqdemo/delta/75e7f6929b9bef906f2bc099d5155078ab4d76b5d5e25630f1c35534959821c5_svg/bookmark-sharp.svg","130","NOT_FOUND"
"svg/bookmark.svg","fb59105f224bea8c6f24446dfbba8f8e7649be6d2a9384ec330dfa9cdc8e8026","orgs/938847bd-ad89-4ee4-a8cc-4e62f513379a/apps/com.emberlink.pubqdemo/delta/2f327764385602d3bb5634418ec45df1ae5c082adbe87c18560d07ac81528beb_svg/bookmark.svg","242","NOT_FOUND"
"svg/bookmarks-outline.svg","6d2167beebda1d9d5b7c43f57543a96062acbb5f1534d93f7a222f26fbeff49e","orgs/938847bd-ad89-4ee4-a8cc-4e62f513379a/apps/com.emberlink.pubqdemo/delta/859df9679344cba81591eedd77070f332e973d1dc2cb9932b94ccbb7c5be6904_svg/bookmarks-outline.svg","407","NOT_FOUND"
"svg/bookmarks-sharp.svg","2cfa6ceb4ce1954e8dea4ab62069461a0665d7f61e4333923ca90d48c8a5979a","orgs/938847bd-ad89-4ee4-a8cc-4e62f513379a/apps/com.emberlink.pubqdemo/delta/89d3a6be03ed838bf936731c4ee664e3b2f5d9f189b31afd93834889220cb16f_svg/bookmarks-sharp.svg","164","NOT_FOUND"
"svg/bookmarks.svg","36d3733358a2ea49af5a100be15f58cae2f0df0e5c9c41fede99ae31fc8b426c","orgs/938847bd-ad89-4ee4-a8cc-4e62f513379a/apps/com.emberlink.pubqdemo/delta/335fc2021e1bd31b08fab2a164eaa9c499fb5b0623703c24a9b8f383cf8c7734_svg/bookmarks.svg","428","NOT_FOUND"
"svg/bowling-ball-outline.svg","43e95e0636dbee2671aff4ce0f31c32b42fbfe183d17ebcb1cc25fabf79fcb5c","orgs/938847bd-ad89-4ee4-a8cc-4e62f513379a/apps/com.emberlink.pubqdemo/delta/ec65fe30f37dd99fb09b4481f47e4564beb86fffe27dae8a11c6d8970fdf49da_svg/bowling-ball-outline.svg","291","NOT_FOUND"
"svg/bowling-ball-sharp.svg","7bb4c381a679abd1edd3209f5101005a688157c2699d460d034628b838a8737b","orgs/938847bd-ad89-4ee4-a8cc-4e62f513379a/apps/com.emberlink.pubqdemo/delta/2ece64fbfd62da0eed477e3dafa96828d3f1d4a3688c591ba84c6b80bd57998b_svg/bowling-ball-sharp.svg","290","NOT_FOUND"
"svg/bowling-ball.svg","3dd69438a46bdf89dd1cd764bc9763a0889642c324cd23ac0c3e4a6cf980f4ad","orgs/938847bd-ad89-4ee4-a8cc-4e62f513379a/apps/com.emberlink.pubqdemo/delta/649d5339b28801c60f8b5b23abb3d05d76647abadd50b08b5a71c4ceb5b8fb97_svg/bowling-ball.svg","290","NOT_FOUND"
"svg/briefcase-outline.svg","e5fb6da65867dd0f79015084c983c8aee89050fda1adf0bc1353a3084a3ec360","orgs/938847bd-ad89-4ee4-a8cc-4e62f513379a/apps/com.emberlink.pubqdemo/delta/db9f5d99bce70a9d8c717b3f180870b6d4b15b2d136e2fae7793b65d215382a6_svg/briefcase-outline.svg","436","NOT_FOUND"
"svg/briefcase-sharp.svg","7a0a7f6d10113aa672e49951c93dc6e26820bbdd7da51cf0c42ec8629e41853a","orgs/938847bd-ad89-4ee4-a8cc-4e62f513379a/apps/com.emberlink.pubqdemo/delta/68377cd80035e476988ab60135ee263b0237cc0bd0a084437cacc3aae96f5b6b_svg/briefcase-sharp.svg","286","NOT_FOUND"
"svg/briefcase.svg","ae67ce2192d6c884fe0c909551093b6ac4d07baee885a0e2d21244ffd1f6d5fa","orgs/938847bd-ad89-4ee4-a8cc-4e62f513379a/apps/com.emberlink.pubqdemo/delta/04194a48e5ffef4dfd982e52341864f934872525cdd57e3cf751b6599cdaf120_svg/briefcase.svg","511","NOT_FOUND"
"svg/browsers-outline.svg","be5a18f86a4186919be5ea0f768e151f51cd5a5e92feabb91a443bd327375b15","orgs/938847bd-ad89-4ee4-a8cc-4e62f513379a/apps/com.emberlink.pubqdemo/delta/1a4236c04db943e9f3e4a559394a1e65efcb4aa355b49c5be4696a4386d5ffcf_svg/browsers-outline.svg","357","NOT_FOUND"
"svg/browsers-sharp.svg","72cbaf06d6381032735f63b91a3448b8a73aa864ccd210a2c7859206b41db84d","orgs/938847bd-ad89-4ee4-a8cc-4e62f513379a/apps/com.emberlink.pubqdemo/delta/2f8450b7ecd53e2f08b8054a3c0502a0de15d439e57851d546d40c21413657ef_svg/browsers-sharp.svg","267","NOT_FOUND"
"svg/browsers.svg","2080a019eb1fa6f258358f931e383931f6a8898cfde4d7522676ea541b54617a","orgs/938847bd-ad89-4ee4-a8cc-4e62f513379a/apps/com.emberlink.pubqdemo/delta/64e1b6a98a3ca3ae19e5ed29ac4a1bd0deeb85091aa64d6928c6d14dfde224d0_svg/browsers.svg","286","NOT_FOUND"
"svg/brush-outline.svg","baae090f75dfaf52ec5b8d875be7ff8057c8e0a8edbbac933e2ffa71284eceb9","orgs/938847bd-ad89-4ee4-a8cc-4e62f513379a/apps/com.emberlink.pubqdemo/delta/de1d5df199fbd45534ed1887eb300bec8b6e93bdaecb4baec5aff2192ac814d1_svg/brush-outline.svg","463","NOT_FOUND"
"svg/brush-sharp.svg","38595bc5e84732fb1a86d48e2dbc2a3f97b8a8b3d7baa231a539503afc817b36","orgs/938847bd-ad89-4ee4-a8cc-4e62f513379a/apps/com.emberlink.pubqdemo/delta/e82532c0e9e04b0367b075143b83583719b37c68fbeeb24168d626707864dba5_svg/brush-sharp.svg","271","NOT_FOUND"
"svg/brush.svg","f4c1a01a72282491706e295dc1269b96871e76b4a969e4aa8f34b4c40153fcfd","orgs/938847bd-ad89-4ee4-a8cc-4e62f513379a/apps/com.emberlink.pubqdemo/delta/a3c1225329a02df46b4b1d59bb1d1c167b278b2242b08068b3c32eba8fc13e6c_svg/brush.svg","499","NOT_FOUND"
"svg/bug-outline.svg","bbcbf45e07176b14da65184eccce36367994a2f2e22c796dcae62cd9238ea55b","orgs/938847bd-ad89-4ee4-a8cc-4e62f513379a/apps/com.emberlink.pubqdemo/delta/7c807c2ade9620712708e83697c91525c41b6a9bc4be06c3da09182b7b44dc1a_svg/bug-outline.svg","817","NOT_FOUND"
"svg/bug-sharp.svg","a249bf9f46f131b8d749953d59892da240671e53f6e73457910b114960f73e3c","orgs/938847bd-ad89-4ee4-a8cc-4e62f513379a/apps/com.emberlink.pubqdemo/delta/efd911307276dc5a32ffb7ff5c01dfcd4a8d8a9885aa01b42978a84526086b53_svg/bug-sharp.svg","761","NOT_FOUND"
"svg/bug.svg","2b6e5ae77d3ddab7c6db0ef957dad811b458127caeffdab6605361d0825f553e","orgs/938847bd-ad89-4ee4-a8cc-4e62f513379a/apps/com.emberlink.pubqdemo/delta/8201cf654e939de24a13f67d7b9d4328e101423152f6c0ca9f53fea00de9a3a5_svg/bug.svg","1261","NOT_FOUND"
"svg/build-outline.svg","97e28f32e392d45388c48681d5b93674e53c5ed5af2cced039516a8167067ca7","orgs/938847bd-ad89-4ee4-a8cc-4e62f513379a/apps/com.emberlink.pubqdemo/delta/9b3297facfa8d06acc49da87f2071ba8f454f42a46e01952a4accdf81ccd75e9_svg/build-outline.svg","581","NOT_FOUND"
"svg/build-sharp.svg","9122654116061f11a19ea73df0d032ae27af52a74c5e144ece2f2929bf9d38f3","orgs/938847bd-ad89-4ee4-a8cc-4e62f513379a/apps/com.emberlink.pubqdemo/delta/74512f047a3b4b76f146341bd86a1f1d6139d4ed0192951c401ffadaea1e07a7_svg/build-sharp.svg","321","NOT_FOUND"
"svg/build.svg","9805b879d292b7c631d8ab5481b40e27bfea236880631baf0a3cff35e727b15b","orgs/938847bd-ad89-4ee4-a8cc-4e62f513379a/apps/com.emberlink.pubqdemo/delta/e3d2121b2d8534d960b53be8263b0025353b86db9ca5a26e4150fa61a7b7291a_svg/build.svg","575","NOT_FOUND"
"svg/bulb-outline.svg","3bb49907e84753b3fdcd448147121dc50651a4acdf347b536678427de3ed8bb5","orgs/938847bd-ad89-4ee4-a8cc-4e62f513379a/apps/com.emberlink.pubqdemo/delta/f3c9d5a6dad080effc31520e69351d4e866f0434b33da806cd8135f6027869a5_svg/bulb-outline.svg","534","NOT_FOUND"
"svg/bulb-sharp.svg","b03d39d1cbe1f1f6ca9657bcffdc32f83e2dade3d64cc3ab3432194b71b3b056","orgs/938847bd-ad89-4ee4-a8cc-4e62f513379a/apps/com.emberlink.pubqdemo/delta/563e417a536ffaabfacc06af896d6eb0eabd4c55df891896fd15b8f51639f78e_svg/bulb-sharp.svg","469","NOT_FOUND"
"svg/bulb.svg","5d634e9cf6d6de0282c83b22f76f32c53bbee86759ef06380a643ca6f7c84fe4","orgs/938847bd-ad89-4ee4-a8cc-4e62f513379a/apps/com.emberlink.pubqdemo/delta/777fab329e42233b7b1c277a79c5233b86f60c9d90caee48b029e578ca3f9ed5_svg/bulb.svg","718","NOT_FOUND"
"svg/bus-outline.svg","8314bffd58dd98880279dfeded6c88ca9b91c58937b4fad94789fa53f5d69e8c","orgs/938847bd-ad89-4ee4-a8cc-4e62f513379a/apps/com.emberlink.pubqdemo/delta/a49834bb2095d3d9788b144c250a6373d5dd97bc9e16f0776c0cb697fb9aaf78_svg/bus-outline.svg","1081","NOT_FOUND"
"svg/bus-sharp.svg","0cf20f75b7b03aff7ec6dbd73c45d4d2e39b0a77486bc9b1901dd443a9f34df1","orgs/938847bd-ad89-4ee4-a8cc-4e62f513379a/apps/com.emberlink.pubqdemo/delta/88f700b1c8276277589f28a39d0157c57421f368b748817a553e025e64e05be0_svg/bus-sharp.svg","507","NOT_FOUND"
"svg/bus.svg","58926680df70e256cfd7cb2ebbe4e12c757dfb8ac7e124da9df80fd62e0e7647","orgs/938847bd-ad89-4ee4-a8cc-4e62f513379a/apps/com.emberlink.pubqdemo/delta/73c04565616c1ddd0c3e5b3a3340550774e6367bac24d3e1c17623f27bffac14_svg/bus.svg","705","NOT_FOUND"
"svg/business-outline.svg","39c733b54302e133c54d7deab491777a75fd84c75026a7a50aa338dc1161eec5","orgs/938847bd-ad89-4ee4-a8cc-4e62f513379a/apps/com.emberlink.pubqdemo/delta/6931860b8f03b34753c543ed91c5ab3d19c00c0b77924e346fd422e4380e714b_svg/business-outline.svg","1515","NOT_FOUND"
"svg/business-sharp.svg","f68466bef2cdcde5367f71e976bce3fe936df6f0799498feeb3c28cf77b211a5","orgs/938847bd-ad89-4ee4-a8cc-4e62f513379a/apps/com.emberlink.pubqdemo/delta/b3c4328ff40ed1bc8a82665304f1343de1f65a9a4f617104bb569308c00ac4eb_svg/business-sharp.svg","512","NOT_FOUND"
"svg/business.svg","d3563813abcf904a03504e2e7717f231ea6b4ecbb7d446474f9f55c72a703e4f","orgs/938847bd-ad89-4ee4-a8cc-4e62f513379a/apps/com.emberlink.pubqdemo/delta/3330a03f29a44ca3dd7d6f76556ffa9c474cbb6b0d8971d7f9ce1419eb4779f2_svg/business.svg","1391","NOT_FOUND"
"svg/cafe-outline.svg","05ed090e1281be163d7fc4179ea0eab8a8e40af8a97006836efd6ee8b76035db","orgs/938847bd-ad89-4ee4-a8cc-4e62f513379a/apps/com.emberlink.pubqdemo/delta/0e383d7fe44accc2fe62f751f1c508bfd31c11c1c5bfa5b9af9395322679ce2b_svg/cafe-outline.svg","309","NOT_FOUND"
"svg/cafe-sharp.svg","32a233f060d878a27a27c987869da2d9af3ebebd9a584f1978b9a7a10a5bc505","orgs/938847bd-ad89-4ee4-a8cc-4e62f513379a/apps/com.emberlink.pubqdemo/delta/3ae28337e089f9e5da0f9835b8676ab4ba5c417bc75bf45581cd9f38ff0f2169_svg/cafe-sharp.svg","387","NOT_FOUND"
"svg/cafe.svg","53733ddd95edb0fab44078711554051cc7ad12a7038d5f5df574ec54ee69bbf7","orgs/938847bd-ad89-4ee4-a8cc-4e62f513379a/apps/com.emberlink.pubqdemo/delta/395414af88dc74dc9a9b0d6979e71bd94c964f0b4064f20f11b740b1020fac20_svg/cafe.svg","315","NOT_FOUND"
"svg/calculator-outline.svg","cf2aa067a38884e273375f4e8b32dd0e5744f4f73e3ace8b80c7fb1e2c83317d","orgs/938847bd-ad89-4ee4-a8cc-4e62f513379a/apps/com.emberlink.pubqdemo/delta/919a51accc7b39c6b3c674996802690664a66a134d1c5ccc8801bc5d74d1ab6c_svg/calculator-outline.svg","674","NOT_FOUND"
"svg/calculator-sharp.svg","683964d2b4ddff55e8c97e2400504d6adc5803f43915226ff973b6dceb9eb7c1","orgs/938847bd-ad89-4ee4-a8cc-4e62f513379a/apps/com.emberlink.pubqdemo/delta/86ee3e2327a1506196d9cce44aa372f4edd4b87666ef91ed041c0358da714a69_svg/calculator-sharp.svg","349","NOT_FOUND"
"svg/calculator.svg","1786886de104d9a0a6e4c76b9f0aafa453dbbe9c869921ba2d8ebee0a39ccf21","orgs/938847bd-ad89-4ee4-a8cc-4e62f513379a/apps/com.emberlink.pubqdemo/delta/66be9622692c42ba5e8cef063c3306ec163e2858d02ee84ded9d8056a0c04f12_svg/calculator.svg","678","NOT_FOUND"
"svg/calendar-clear-outline.svg","e92a863fd30a4281fcf8d8bf0dcae47b6589708c573c5d92bb098d36ecce4326","orgs/938847bd-ad89-4ee4-a8cc-4e62f513379a/apps/com.emberlink.pubqdemo/delta/7337a0ba453e92a48ec7465d31344c1ae8e77df950e3fa8ba2defb84b4e1bbae_svg/calendar-clear-outline.svg","346","NOT_FOUND"
"svg/calendar-clear-sharp.svg","368facd8bb5d31e98acb5745e4ccfd487230b122de0d1e3d2cd0946e4536b431","orgs/938847bd-ad89-4ee4-a8cc-4e62f513379a/apps/com.emberlink.pubqdemo/delta/844df5551d07c4211876b565852fc520d2c93edb25362cb158d8a958cc6417a7_svg/calendar-clear-sharp.svg","255","NOT_FOUND"
"svg/calendar-clear.svg","26741b1297abd300f4ed46273e5d226f54dda6b523ee91739cac394196461692","orgs/938847bd-ad89-4ee4-a8cc-4e62f513379a/apps/com.emberlink.pubqdemo/delta/2557086169afa95f2fd536e5ce85bf659ae7ebff8abc1f0547d66a1e699437ed_svg/calendar-clear.svg","380","NOT_FOUND"
"svg/calendar-number-outline.svg","d95872f59cd76fe3787d67ce9b43ccbfb085277421edd73549935b023ff0afeb","orgs/938847bd-ad89-4ee4-a8cc-4e62f513379a/apps/com.emberlink.pubqdemo/delta/b03ec4020ad9f17b5ae860f613e8f145e45d2f259ef36660d43e3216d848d352_svg/calendar-number-outline.svg","645","NOT_FOUND"
"svg/calendar-number-sharp.svg","891c5e40b8a508f50a2ce78ad45ca36a3af60d21bfeb98238d06c0c93af3c692","orgs/938847bd-ad89-4ee4-a8cc-4e62f513379a/apps/com.emberlink.pubqdemo/delta/22337d209ef970551f3b34dca85688bd0e4a011a4f8f420cbef0e3e193d15915_svg/calendar-number-sharp.svg","931","NOT_FOUND"
"svg/calendar-number.svg","3fa060ceaadfbf186ed6d227579eecccc2fd179c6be87ba3beabc01f76f8cc87","orgs/938847bd-ad89-4ee4-a8cc-4e62f513379a/apps/com.emberlink.pubqdemo/delta/30dc500a6c3e07d49a3436a0204e62ccbed043e367b0d2da5a4128813caac2cb_svg/calendar-number.svg","1117","NOT_FOUND"
"svg/calendar-outline.svg","c92cd68095614dd76f77ee3f38ea5480e38673a7c9d59129e5cb9f9ae1772c61","orgs/938847bd-ad89-4ee4-a8cc-4e62f513379a/apps/com.emberlink.pubqdemo/delta/d32fb52cc976d513c8ce6ab2ccd3b81813565c87ee0cd21636f57c621aeb367d_svg/calendar-outline.svg","735","NOT_FOUND"
"svg/calendar-sharp.svg","79c8187fb8af4ca75bde37350e59c5185d9da513880e5abf3c6a07bb8f3d2827","orgs/938847bd-ad89-4ee4-a8cc-4e62f513379a/apps/com.emberlink.pubqdemo/delta/e0c4681491dd019a308083f773e8dd55bb3927ee6d9b2c98418e96930e6f4a53_svg/calendar-sharp.svg","914","NOT_FOUND"
"svg/calendar.svg","f5409344cf061270373f592469544c1faaf0a12b4b6a92995ea4ad705503d221","orgs/938847bd-ad89-4ee4-a8cc-4e62f513379a/apps/com.emberlink.pubqdemo/delta/41fec639f80c7dc8b74193bdd88be737a98ecdc8dbe029293d4df98425bf83b6_svg/calendar.svg","758","NOT_FOUND"
"svg/call-outline.svg","f35773d32828b61b089f505c6042793095a6879815152638f57c4ef082cca8f3","orgs/938847bd-ad89-4ee4-a8cc-4e62f513379a/apps/com.emberlink.pubqdemo/delta/27162140519218e34685b99281de255872479c5a1b56595ec4ce4d406ef5535d_svg/call-outline.svg","654","NOT_FOUND"
"svg/call-sharp.svg","567806a40e86cec55247d19a05fac633a23476e2473039520e1871da9fe35271","orgs/938847bd-ad89-4ee4-a8cc-4e62f513379a/apps/com.emberlink.pubqdemo/delta/9227ffe2f9b173d39da33185ebb499d2752e25f7dc6c368700ca777f61b074ec_svg/call-sharp.svg","800","NOT_FOUND"
"svg/call.svg","e689cb670d97c9ad5e72ad3e225b493ff4e18aca7832013ebbaf29ae7aef220a","orgs/938847bd-ad89-4ee4-a8cc-4e62f513379a/apps/com.emberlink.pubqdemo/delta/1ed56706bbb5e426163d62e8f828322214a92a73d4d5cca28e4d7f410c72637d_svg/call.svg","923","NOT_FOUND"
"svg/camera-outline.svg","2095c6bbe538f3b3c1a46c15f375137384e21a790f9b13708b4da1e547c5fb29","orgs/938847bd-ad89-4ee4-a8cc-4e62f513379a/apps/com.emberlink.pubqdemo/delta/51b51278727a69ded8b4455ebb20df03b69f3bfee85799dc14ff32529efb4378_svg/camera-outline.svg","679","NOT_FOUND"
"svg/camera-reverse-outline.svg","60beec0cd9d62cbe4de2aac3a9c54705954d0fdcc6e9f3d5c37b40bc20e717fa","orgs/938847bd-ad89-4ee4-a8cc-4e62f513379a/apps/com.emberlink.pubqdemo/delta/275f4cfc1512cfbd0d58f574c6b79f8ae71eb1566027961145e9a2795d68c638_svg/camera-reverse-outline.svg","805","NOT_FOUND"
"svg/camera-reverse-sharp.svg","51b4b5f1261d352f052121c12597cb15584065e389a4ac7504cb8e32453f6431","orgs/938847bd-ad89-4ee4-a8cc-4e62f513379a/apps/com.emberlink.pubqdemo/delta/5297a3b65a799688f87a998c73d303f08679128299462400cd40589bcb3c60af_svg/camera-reverse-sharp.svg","626","NOT_FOUND"
"svg/camera-reverse.svg","833537def0b9aac6f8cd2673ad681835d2612f1294564470ff66cc32dd1abd6c","orgs/938847bd-ad89-4ee4-a8cc-4e62f513379a/apps/com.emberlink.pubqdemo/delta/294c7d6ed27222890370c32bc10f3e0451f7821e77664a410618f09ee7254dcd_svg/camera-reverse.svg","795","NOT_FOUND"
"svg/camera-sharp.svg","88ce3c2aa40c017518238bb0074ef270428e6432518c536303ef3009151e7129","orgs/938847bd-ad89-4ee4-a8cc-4e62f513379a/apps/com.emberlink.pubqdemo/delta/c2b318a99673112b3ecaf8e689f959838b6acd8ddeed497aa68c29f84ca8ee07_svg/camera-sharp.svg","451","NOT_FOUND"
"svg/camera.svg","cad5d59e02762756f85f483c05fe128a901c97bc8ea7f989dc4e95319fd541a7","orgs/938847bd-ad89-4ee4-a8cc-4e62f513379a/apps/com.emberlink.pubqdemo/delta/560db25fd57b114cf6b6f3df48314f6f238c10a82aaf841623b15966ec62a7a4_svg/camera.svg","530","NOT_FOUND"
"svg/car-outline.svg","bc0bf5c081ee250218d2c1e19c527622f2fb51e3ebeca1a9b8f5a9e3b160e10a","orgs/938847bd-ad89-4ee4-a8cc-4e62f513379a/apps/com.emberlink.pubqdemo/delta/6566e4efe9624e788555431d52198f556fee2cca22dc058397f37520acbf09fd_svg/car-outline.svg","600","NOT_FOUND"
"svg/car-sharp.svg","e4a9dc06b5f0ae0aab31ddb8ee7746d4ed5df7e6047a32be4a8ca325e235abae","orgs/938847bd-ad89-4ee4-a8cc-4e62f513379a/apps/com.emberlink.pubqdemo/delta/a4494485ac860cb8417ecff9234cfd9384fd0006afb741da3cd73b5cdac8f7a1_svg/car-sharp.svg","458","NOT_FOUND"
"svg/car-sport-outline.svg","acaa156f4e062953b541a93b3b170aa7ef4fcbee71c780a675c8f26547a01412","orgs/938847bd-ad89-4ee4-a8cc-4e62f513379a/apps/com.emberlink.pubqdemo/delta/165295ba562925838f9cc67f90b1740a89760402b4eb42b35a11e70dd77dfe96_svg/car-sport-outline.svg","1346","NOT_FOUND"
"svg/car-sport-sharp.svg","fcb1e0402cbaff1167f8c15246127506c11a89484167f79a859b29f416700af7","orgs/938847bd-ad89-4ee4-a8cc-4e62f513379a/apps/com.emberlink.pubqdemo/delta/fd40b68229714f947f68f1463d2e49d37fbee05a2f72de9d4e20d634df45fdfa_svg/car-sport-sharp.svg","1312","NOT_FOUND"
"svg/car-sport.svg","1784aafd564c793d0d31c8bbc6a19c2cb768c069f3af72a7a221223eb94f04ad","orgs/938847bd-ad89-4ee4-a8cc-4e62f513379a/apps/com.emberlink.pubqdemo/delta/dd842c469970c8a6965424af7bee3aa421cf49b6e94f2f7443b8bfa96acaf9e1_svg/car-sport.svg","1926","NOT_FOUND"
"svg/car.svg","45974acf15ffda87ce2026f13ca094876113652c3feff6574c842dbaa9e9f6be","orgs/938847bd-ad89-4ee4-a8cc-4e62f513379a/apps/com.emberlink.pubqdemo/delta/7fe2a03f4c3b627d102bf1f6864a01274786947f2afc760429da448f460d692d_svg/car.svg","550","NOT_FOUND"
"svg/card-outline.svg","f8e8ddcd9c7b91fd42c730fadc38b533e2a90740e8fe484b85d9fb5f89fd033d","orgs/938847bd-ad89-4ee4-a8cc-4e62f513379a/apps/com.emberlink.pubqdemo/delta/5d57f6818db380c9240d354055f384bc03a107e41f14475666ab8b0bdd05bc30_svg/card-outline.svg","352","NOT_FOUND"
"svg/card-sharp.svg","28d45dc3bc9c07def63470a6c8eff030020bd66a005d85f23d61c79c1e6c187e","orgs/938847bd-ad89-4ee4-a8cc-4e62f513379a/apps/com.emberlink.pubqdemo/delta/822b8bbff06a369295aced2778b78f36c315193a6c9898a61a80bff69e579a35_svg/card-sharp.svg","281","NOT_FOUND"
"svg/card.svg","eb5a9ea992d6f3df95eac4caea22b36681aadf5dc84f07c3f8da25694a8e98b5","orgs/938847bd-ad89-4ee4-a8cc-4e62f513379a/apps/com.emberlink.pubqdemo/delta/34f373a3fb65510bc30a2ea997f7a2ae3d9e5b85af64e0cbc87570fb924828b2_svg/card.svg","297","NOT_FOUND"
"svg/caret-back-circle-outline.svg","d13915d31612da6abdd9e31a07b6839f22618fc247231e357e7726dd04da1271","orgs/938847bd-ad89-4ee4-a8cc-4e62f513379a/apps/com.emberlink.pubqdemo/delta/80dd533e0b95f4c38a0daa4aa3889e1c24c29b8a4241f8fc38efb16a5a09a4f2_svg/caret-back-circle-outline.svg","363","NOT_FOUND"
"svg/caret-back-circle-sharp.svg","6ff9f345b09da4af82c0e366b46dde0a422febc86708a189b291c9a0ba192f0e","orgs/938847bd-ad89-4ee4-a8cc-4e62f513379a/apps/com.emberlink.pubqdemo/delta/ec328bb19f29285a0af4a9faf7c232e704b134a282bac212ee74474cb532085c_svg/caret-back-circle-sharp.svg","216","NOT_FOUND"
"svg/caret-back-circle.svg","cd64df36a5a21b58818e4fd46a19dd06390e47a93ab13c1063118b4d9b28bf6a","orgs/938847bd-ad89-4ee4-a8cc-4e62f513379a/apps/com.emberlink.pubqdemo/delta/4f85f254eda13cc0649ec5473945bd539f3953308a0adc76e1b64c5f6ecc2c49_svg/caret-back-circle.svg","290","NOT_FOUND"
"svg/caret-back-outline.svg","f4cb7d93c2ce91d4ea78f7370d1324a6d0bdf356a28fbbf36577adce3dd0a976","orgs/938847bd-ad89-4ee4-a8cc-4e62f513379a/apps/com.emberlink.pubqdemo/delta/0213a1285553a9fd28263597e418436db974b304c6a66540bceef4ab522d7b89_svg/caret-back-outline.svg","224","NOT_FOUND"
"svg/caret-back-sharp.svg","e4dd0682a5b86b8e70515c5eba265d4ddb43466cbec96aa0ec268efbe4f7df20","orgs/938847bd-ad89-4ee4-a8cc-4e62f513379a/apps/com.emberlink.pubqdemo/delta/39384f3b3d05aeacef77097d4e86904f13c7f67d917bf64abe0b5e4b284993a3_svg/caret-back-sharp.svg","120","NOT_FOUND"
"svg/caret-back.svg","f4cb7d93c2ce91d4ea78f7370d1324a6d0bdf356a28fbbf36577adce3dd0a976","orgs/938847bd-ad89-4ee4-a8cc-4e62f513379a/apps/com.emberlink.pubqdemo/delta/0213a1285553a9fd28263597e418436db974b304c6a66540bceef4ab522d7b89_svg/caret-back.svg","224","NOT_FOUND"
"svg/caret-down-circle-outline.svg","f01737d6ec3ea820c2ba8093e33a7c771b76b21f290e3be96140a76e3ab83a99","orgs/938847bd-ad89-4ee4-a8cc-4e62f513379a/apps/com.emberlink.pubqdemo/delta/d4f1a3593bbcdf7b52bcc9fc8bc6aa1f386604fb7bd8b52334aa236be4d977b1_svg/caret-down-circle-outline.svg","364","NOT_FOUND"
"svg/caret-down-circle-sharp.svg","ec5adf2cf706b65fb842af80e9fd5ba25c03dda55fc4e2d2489cea7bf520f8ab","orgs/938847bd-ad89-4ee4-a8cc-4e62f513379a/apps/com.emberlink.pubqdemo/delta/1a7e07c6de11766a5a186bdf087480280ed4fe2d22a7a7bebdf52294c0589e73_svg/caret-down-circle-sharp.svg","217","NOT_FOUND"
"svg/caret-down-circle.svg","9c531322f6c311c88df6801a5140fd0e4216cfdd36c688bf5f05d67c448289da","orgs/938847bd-ad89-4ee4-a8cc-4e62f513379a/apps/com.emberlink.pubqdemo/delta/d183e684dac7b691ba601471e19382aa4e86268e36fc22b3f0e9b7fa2face68c_svg/caret-down-circle.svg","296","NOT_FOUND"
"svg/caret-down-outline.svg","5fe063ca3dea58455937601ee61744186799e2d0c204f699df0b712cf5a70828","orgs/938847bd-ad89-4ee4-a8cc-4e62f513379a/apps/com.emberlink.pubqdemo/delta/c78b07bcdc46fdf3c80753c08a47ce0b80669cd5b9dfd869451742fe62a68235_svg/caret-down-outline.svg","225","NOT_FOUND"
"svg/caret-down-sharp.svg","1935aaa116d8d61e5d5be94f0dd6b855eef37fba0e9b8276e7abdbaee3aff409","orgs/938847bd-ad89-4ee4-a8cc-4e62f513379a/apps/com.emberlink.pubqdemo/delta/dc2e97c28abea2db8353a430e16ef1109dc4f72831509316229b1835f71110d5_svg/caret-down-sharp.svg","120","NOT_FOUND"
"svg/caret-down.svg","5fe063ca3dea58455937601ee61744186799e2d0c204f699df0b712cf5a70828","orgs/938847bd-ad89-4ee4-a8cc-4e62f513379a/apps/com.emberlink.pubqdemo/delta/c78b07bcdc46fdf3c80753c08a47ce0b80669cd5b9dfd869451742fe62a68235_svg/caret-down.svg","225","NOT_FOUND"
"svg/caret-forward-circle-outline.svg","3c006d4d8b8217b375f0c1046c75bee66a69fe532ca7a9c65e719ff004690429","orgs/938847bd-ad89-4ee4-a8cc-4e62f513379a/apps/com.emberlink.pubqdemo/delta/6feecefdfea8b242bfc09dda1c1c57b0f155211c003951f2ca65f6d2e79c81cd_svg/caret-forward-circle-outline.svg","364","NOT_FOUND"
"svg/caret-forward-circle-sharp.svg","08d81c86cf351a9c20bab48e2b0d547ef51b7e7d27de5f30a7b4b8eb3c87f551","orgs/938847bd-ad89-4ee4-a8cc-4e62f513379a/apps/com.emberlink.pubqdemo/delta/72245560522f94fb2f7bed8fa6203b60e32b57b3843385d159e39a02d6086462_svg/caret-forward-circle-sharp.svg","218","NOT_FOUND"
"svg/caret-forward-circle.svg","ba36a47e2438f5b4f3a2cddd7151f9737795571a9c93e45696866788090b3e96","orgs/938847bd-ad89-4ee4-a8cc-4e62f513379a/apps/com.emberlink.pubqdemo/delta/445ea42fde52824e4d77dbd3ab2aa905d4462dbe1162376864dd98ad66796aca_svg/caret-forward-circle.svg","293","NOT_FOUND"
"svg/caret-forward-outline.svg","4eba2cf8a8b6cf7174372cda5f76181433fd67a9a40e8d1a4f1afdd55ad3fb77","orgs/938847bd-ad89-4ee4-a8cc-4e62f513379a/apps/com.emberlink.pubqdemo/delta/a4099e0dac69e6ecdcda4d64fbf39037bdc788b1591f6641b5beb0994b00bd45_svg/caret-forward-outline.svg","224","NOT_FOUND"
"svg/caret-forward-sharp.svg","837ca25eda8f8c954a32bd1488ff36441a47255e488c87db4516ef434dff68d4","orgs/938847bd-ad89-4ee4-a8cc-4e62f513379a/apps/com.emberlink.pubqdemo/delta/8076491ee3e2bbeb12be8474cc8cd7face1a70d1077368674653a6223221dddc_svg/caret-forward-sharp.svg","120","NOT_FOUND"
"svg/caret-forward.svg","4eba2cf8a8b6cf7174372cda5f76181433fd67a9a40e8d1a4f1afdd55ad3fb77","orgs/938847bd-ad89-4ee4-a8cc-4e62f513379a/apps/com.emberlink.pubqdemo/delta/a4099e0dac69e6ecdcda4d64fbf39037bdc788b1591f6641b5beb0994b00bd45_svg/caret-forward.svg","224","NOT_FOUND"
"svg/caret-up-circle-outline.svg","d926ee0e76d51a50db81dae7af238d55df7b54c7a0cea0d5c2b61f9e29c40f01","orgs/938847bd-ad89-4ee4-a8cc-4e62f513379a/apps/com.emberlink.pubqdemo/delta/50a23604a643edcb84ead2148c3d1904945a85bd87e44ad5297b90f08b19fa20_svg/caret-up-circle-outline.svg","364","NOT_FOUND"
"svg/caret-up-circle-sharp.svg","94923ad6968dba0d6b85c32399f74da6367f811db9c759fcd713d4a37934969d","orgs/938847bd-ad89-4ee4-a8cc-4e62f513379a/apps/com.emberlink.pubqdemo/delta/05faffb74251ef0e1f0af359fed303351a2f019692ef01f61111a95f9496740c_svg/caret-up-circle-sharp.svg","217","NOT_FOUND"
"svg/caret-up-circle.svg","72ca7785351ee5a8f8bc2efea6e75bfd09c675228de3c46f6512b1db05bfa459","orgs/938847bd-ad89-4ee4-a8cc-4e62f513379a/apps/com.emberlink.pubqdemo/delta/c5410024335fd5006c75af2cbdb415ffc0d354d80c82daf8b28348a8bea40bc3_svg/caret-up-circle.svg","290","NOT_FOUND"
"svg/caret-up-outline.svg","775dc7a2d5793c221199a1d6b89f3b51f48e5e6e906b82d1e79b7de07e4402f7","orgs/938847bd-ad89-4ee4-a8cc-4e62f513379a/apps/com.emberlink.pubqdemo/delta/68f5701fa27f946736729ab88ff279f2747ef3fbbe48a865c7b11e9cc97e66c4_svg/caret-up-outline.svg","224","NOT_FOUND"
"svg/caret-up-sharp.svg","5f7ac20e75039914e47f143c38d165ee658c833547256493669fd267875e29cc","orgs/938847bd-ad89-4ee4-a8cc-4e62f513379a/apps/com.emberlink.pubqdemo/delta/89567eb65c7f7c515dc0c9bb625890353b0799e63fdcf7b832281353d782adaf_svg/caret-up-sharp.svg","120","NOT_FOUND"
"svg/caret-up.svg","775dc7a2d5793c221199a1d6b89f3b51f48e5e6e906b82d1e79b7de07e4402f7","orgs/938847bd-ad89-4ee4-a8cc-4e62f513379a/apps/com.emberlink.pubqdemo/delta/68f5701fa27f946736729ab88ff279f2747ef3fbbe48a865c7b11e9cc97e66c4_svg/caret-up.svg","224","NOT_FOUND"
"svg/cart-outline.svg","884f87c8142e586b2a96a74c89979acbff531c3d8c48491683ae00a9bed2fe9f","orgs/938847bd-ad89-4ee4-a8cc-4e62f513379a/apps/com.emberlink.pubqdemo/delta/8dac2b566fd6e42422d3c2bceab5b763bf11545c6a027b47c5ccfd972c1ebce7_svg/cart-outline.svg","640","NOT_FOUND"
"svg/cart-sharp.svg","4a1422a554b3d188888d8f781083951c327db5a61fe75759ad663fadfd979430","orgs/938847bd-ad89-4ee4-a8cc-4e62f513379a/apps/com.emberlink.pubqdemo/delta/a54e298079ddc06e2e5293b4e88987ffc244afd9dcfc854301b5d18da800971d_svg/cart-sharp.svg","242","NOT_FOUND"
"svg/cart.svg","b06194095f6208b35de4a5ffa3362492a075864407ddf3e261f6c0666b8f3c75","orgs/938847bd-ad89-4ee4-a8cc-4e62f513379a/apps/com.emberlink.pubqdemo/delta/cdb10f074ef462d22be42e444e570a954e606ef73ca4b9df86d66fc08bbba12b_svg/cart.svg","405","NOT_FOUND"
"svg/cash-outline.svg","433b562a242d198896b1a35c7834796e1b467132ee8199ccbdc1e445faef8e45","orgs/938847bd-ad89-4ee4-a8cc-4e62f513379a/apps/com.emberlink.pubqdemo/delta/318699b70ac040968e20602d0df7c9d1f96bf6372ede2335e2f9afeff03c990d_svg/cash-outline.svg","719","NOT_FOUND"
"svg/cash-sharp.svg","7cba947cfe63d03e984ded5e7386cbfed38c6d5bc854afe69aa3fa231dd47a57","orgs/938847bd-ad89-4ee4-a8cc-4e62f513379a/apps/com.emberlink.pubqdemo/delta/80c9fd815e76e5180b251656273821b6e6bd16926efd3e0669385bed878d138b_svg/cash-sharp.svg","547","NOT_FOUND"
"svg/cash.svg","a1cd54ef5df685f5419e02f995ea29a53e361e48551b8d8528fe3ef976c5c1ba","orgs/938847bd-ad89-4ee4-a8cc-4e62f513379a/apps/com.emberlink.pubqdemo/delta/c2f052bd14b2ae65db74c9bcf08929836ab92ca66b0022e12bee4480d72c4cb3_svg/cash.svg","696","NOT_FOUND"
"svg/cellular-outline.svg","8d1b3d0a87105fae0b6421261f73f46d7c772b55167c267abf63776a578a46d0","orgs/938847bd-ad89-4ee4-a8cc-4e62f513379a/apps/com.emberlink.pubqdemo/delta/2350eb25bd07a7f66d7d8d5ba8d5ddc2984ac40de6a280afa5e02acc2ba3fea1_svg/cellular-outline.svg","610","NOT_FOUND"
"svg/cellular-sharp.svg","06e79cd626673247c60e5f0fa2e9be138ac87e6cf6d535314a64b5cf81694277","orgs/938847bd-ad89-4ee4-a8cc-4e62f513379a/apps/com.emberlink.pubqdemo/delta/98219d3c3961a19f0c8398e048f67eca3691b17dfc86656eff797bb3fc8d6816_svg/cellular-sharp.svg","174","NOT_FOUND"
"svg/cellular.svg","6fcbaab7c00a97ad1e4b6a9ae67bcae1408309e95ab19cfd9a99148e5b11ae5c","orgs/938847bd-ad89-4ee4-a8cc-4e62f513379a/apps/com.emberlink.pubqdemo/delta/a27385ce40da247888072183a0522cd22c56fa8afdaa1122fbcce0fd347a1dfd_svg/cellular.svg","473","NOT_FOUND"
"svg/chatbox-ellipses-outline.svg","f9d594c34bf33d5651558705cc0fa220916e7cdbf98c4c0bab9f04305c1e2050","orgs/938847bd-ad89-4ee4-a8cc-4e62f513379a/apps/com.emberlink.pubqdemo/delta/9283066f4e12ba12215c3010c293248d46967b6b6f3f0813d3167c91510f68a8_svg/chatbox-ellipses-outline.svg","427","NOT_FOUND"
"svg/chatbox-ellipses-sharp.svg","37dea7ac61204c65bc959f6dc9c0abdc2d721f220024c418f074a6a5497ae26c","orgs/938847bd-ad89-4ee4-a8cc-4e62f513379a/apps/com.emberlink.pubqdemo/delta/5fefcd46ae3f1e6b6fe64d541fdfbc9b0f7f377ca3cdbd955cfe82769af5c958_svg/chatbox-ellipses-sharp.svg","338","NOT_FOUND"
"svg/chatbox-ellipses.svg","f6e97c6c2bda7955648cc9d2c8dc8604093a536536a25cd96c13d52650758ee3","orgs/938847bd-ad89-4ee4-a8cc-4e62f513379a/apps/com.emberlink.pubqdemo/delta/865237f468352a86db9995f707a03fdc7ea3492b6db63852dee07afe8b4aeafb_svg/chatbox-ellipses.svg","382","NOT_FOUND"
"svg/chatbox-outline.svg","969c649dc85fa63149103f07519e818d812074af2a80d8e6cc31b76dce44f0cf","orgs/938847bd-ad89-4ee4-a8cc-4e62f513379a/apps/com.emberlink.pubqdemo/delta/e04d69515c77457f725ed91ff6214020a6cf2b6a0560e74f1bbeacfdd02836cb_svg/chatbox-outline.svg","325","NOT_FOUND"
"svg/chatbox-sharp.svg","e69a44634984ea11683205919c6966be73961e994c629f64ad556ed8970d7002","orgs/938847bd-ad89-4ee4-a8cc-4e62f513379a/apps/com.emberlink.pubqdemo/delta/abfcf287a1e76dba0b923ebb82193753be9e62c751f30483251579aeaf400814_svg/chatbox-sharp.svg","209","NOT_FOUND"
"svg/chatbox.svg","d2e18fa8737e0fecdb5957e035cb2c3958cf218ca11d49261f56deef3728f609","orgs/938847bd-ad89-4ee4-a8cc-4e62f513379a/apps/com.emberlink.pubqdemo/delta/8ee8689b1fd28633e9c3058e6e0b527a58ebb8fb054bf87b4f524c61d5d1615e_svg/chatbox.svg","284","NOT_FOUND"
"svg/chatbubble-ellipses-outline.svg","2ace6f13f862a7ef32ae478eea83d5bdc7f293c02718af5e60eb7d4ed20a1605","orgs/938847bd-ad89-4ee4-a8cc-4e62f513379a/apps/com.emberlink.pubqdemo/delta/18f7f5a2e8382f4f6d717294c600e1913f9e05d54e22f683ccba21964278d157_svg/chatbubble-ellipses-outline.svg","691","NOT_FOUND"
"svg/chatbubble-ellipses-sharp.svg","334e4287917db07dc9f26e704d4fdcc47b2a1e4176d3a8181c350aa55321b72e","orgs/938847bd-ad89-4ee4-a8cc-4e62f513379a/apps/com.emberlink.pubqdemo/delta/73c11751682bad1fafd607b2fe755d7a07496110a4fca0fcfba1a2ec03027e0c_svg/chatbubble-ellipses-sharp.svg","590","NOT_FOUND"
"svg/chatbubble-ellipses.svg","4a2d82a9ac7255b8e8a6ac24f0781e12e5f58ff6e3028dc86d25d9f56e689f77","orgs/938847bd-ad89-4ee4-a8cc-4e62f513379a/apps/com.emberlink.pubqdemo/delta/82449154125f2abb56ff18337034663355a04bdb4caba7b45fdf9ea1a242fb8c_svg/chatbubble-ellipses.svg","781","NOT_FOUND"
"svg/chatbubble-outline.svg","3190ce748eb6e75965e3b9645521e702fe78fb5a4840a13bf04f9bda5684af05","orgs/938847bd-ad89-4ee4-a8cc-4e62f513379a/apps/com.emberlink.pubqdemo/delta/9ba63f45613f99d41d88485f1e888208ebf96734d86096f254fd60e50748ab4c_svg/chatbubble-outline.svg","589","NOT_FOUND"
"svg/chatbubble-sharp.svg","a28b96d8d72977699f901422be2553127beadaed712d9d13702d126da3473e71","orgs/938847bd-ad89-4ee4-a8cc-4e62f513379a/apps/com.emberlink.pubqdemo/delta/9f8bf7df403cce917232909e52e297b9705195c61945d6f02e4739f2ff4ae20c_svg/chatbubble-sharp.svg","464","NOT_FOUND"
"svg/chatbubble.svg","e854cb5aa0cdda25fef9c74a67930b96a38586a0346d49c39d356000a21f8bb7","orgs/938847bd-ad89-4ee4-a8cc-4e62f513379a/apps/com.emberlink.pubqdemo/delta/c3e807e91e5f4c378d4aff8cffff79a32a20bf834f3a8f62678f99a540f6ee00_svg/chatbubble.svg","668","NOT_FOUND"
"svg/chatbubbles-outline.svg","629ab2dbad569972b7a15c0ce745603493e70d480b2412249b1444833369c8d0","orgs/938847bd-ad89-4ee4-a8cc-4e62f513379a/apps/com.emberlink.pubqdemo/delta/4be9fa8405fa4c28a7ff7fc3822477b80a090cf11b4ebbae32e4a93642a66437_svg/chatbubbles-outline.svg","882","NOT_FOUND"
"svg/chatbubbles-sharp.svg","4617ca3ec63d268e89796667c1c7b19914dba785e315324070aaaa199237cf56","orgs/938847bd-ad89-4ee4-a8cc-4e62f513379a/apps/com.emberlink.pubqdemo/delta/ec94449671dd29476c24d43d166ae87598498ffb6adbf38c49ed7d7fb66238e6_svg/chatbubbles-sharp.svg","851","NOT_FOUND"
"svg/chatbubbles.svg","ad90ddc7960df8ab44b6e1c615e0450e34decc432a4f645980d2ff372b9eecae","orgs/938847bd-ad89-4ee4-a8cc-4e62f513379a/apps/com.emberlink.pubqdemo/delta/d23d3f97514a530dbfc9522ce8737d6309f2b65c372d916befbc34656a725e0c_svg/chatbubbles.svg","1202","NOT_FOUND"
"svg/checkbox-outline.svg","2648104e591583992c4e3c23455879de53c1025a7a679768f54282f715cde3ad","orgs/938847bd-ad89-4ee4-a8cc-4e62f513379a/apps/com.emberlink.pubqdemo/delta/6d8267f04e202bdbdcd4ce829c766720e35759e2b03367142509c0960bd071aa_svg/checkbox-outline.svg","349","NOT_FOUND"
"svg/checkbox-sharp.svg","cdf0a52767bd50e14a37f833dc07d9df735d456e7730067cd910b540850d0ede","orgs/938847bd-ad89-4ee4-a8cc-4e62f513379a/apps/com.emberlink.pubqdemo/delta/f48584a1075a1eda43aa0e01b18a8f222b3cf07a9054de6309b87bd9f85b49e4_svg/checkbox-sharp.svg","180","NOT_FOUND"
"svg/checkbox.svg","b476e86a4974715845a811ec21224168b55497d2070d42d0310fdcaed5737123","orgs/938847bd-ad89-4ee4-a8cc-4e62f513379a/apps/com.emberlink.pubqdemo/delta/301cf64830ce92898b9524b1677314c522db6e6f4832647892b75edc3fd7d614_svg/checkbox.svg","367","NOT_FOUND"
"svg/checkmark-circle-outline.svg","009b4e526f6ac31eb965b035bdb0fe7966ea1291509ed10dadacfdb48f50436f","orgs/938847bd-ad89-4ee4-a8cc-4e62f513379a/apps/com.emberlink.pubqdemo/delta/3e7aa95f69c6987c276f0fad2de76eac4957f788740b247312e2272ad400b542_svg/checkmark-circle-outline.svg","372","NOT_FOUND"
"svg/checkmark-circle-sharp.svg","0a299e4360aaa28f5327b7b0c7e8b9e48d6bb08c0bf0144c9db7707cbdd22050","orgs/938847bd-ad89-4ee4-a8cc-4e62f513379a/apps/com.emberlink.pubqdemo/delta/fe69649206d1b7a57b4dad7ada69d662ff49fdf42e65301959c722c8cd1d8b11_svg/checkmark-circle-sharp.svg","249","NOT_FOUND"
"svg/checkmark-circle.svg","1f96c531c2b50695028cc853c02a3328e2b6e47962c094ae9dc8636762bd8a2e","orgs/938847bd-ad89-4ee4-a8cc-4e62f513379a/apps/com.emberlink.pubqdemo/delta/6a8d69c219e174635a9dcde90d97a4e33e4cc42d99e8d7abd19727d4b4998cea_svg/checkmark-circle.svg","335","NOT_FOUND"
"svg/checkmark-done-circle-outline.svg","562fb1be3f9a1424b08b46ed729372ec2ebf71b33e47592980e776c61e149bdf","orgs/938847bd-ad89-4ee4-a8cc-4e62f513379a/apps/com.emberlink.pubqdemo/delta/f437a312723222673608dffc7be9617a31d76e813fc9c4427551340c97eaa10c_svg/checkmark-done-circle-outline.svg","415","NOT_FOUND"
"svg/checkmark-done-circle-sharp.svg","b378525035bf9a77b262fd1c3a8a2c8f51c6a50b898962903d92aa77c16dba6c","orgs/938847bd-ad89-4ee4-a8cc-4e62f513379a/apps/com.emberlink.pubqdemo/delta/a485837ee5441ad3c762c42bd489e7625b65c92ac5ae637d0c280dcc96454ea6_svg/checkmark-done-circle-sharp.svg","346","NOT_FOUND"
"svg/checkmark-done-circle.svg","4260476779142a3a58082bd78259b916c6bea12d470ac92a8a56b5e68f1ea0c7","orgs/938847bd-ad89-4ee4-a8cc-4e62f513379a/apps/com.emberlink.pubqdemo/delta/4867d09449df557b3a2232ba20f123b9363726d639c9bf8e1f816e527b73b660_svg/checkmark-done-circle.svg","595","NOT_FOUND"
"svg/checkmark-done-outline.svg","638053731eb0f6398233d128cde02bcc993f077b2d71a6ff85b70ff3cba202ec","orgs/938847bd-ad89-4ee4-a8cc-4e62f513379a/apps/com.emberlink.pubqdemo/delta/02d2e2aebf9c3a4d66ebadbbf5ba2236811a3f6e39075a0757757feac859a4ef_svg/checkmark-done-outline.svg","244","NOT_FOUND"
"svg/checkmark-done-sharp.svg","adac9c78f822d380aa3833aab35d314c82a50fcb6031a0547f47ab6e86e12556","orgs/938847bd-ad89-4ee4-a8cc-4e62f513379a/apps/com.emberlink.pubqdemo/delta/40570090f8bd15ed34ac090bd7c0c29c8cedf471335cf42ce659968ff4f6ce92_svg/checkmark-done-sharp.svg","243","NOT_FOUND"
"svg/checkmark-done.svg","638053731eb0f6398233d128cde02bcc993f077b2d71a6ff85b70ff3cba202ec","orgs/938847bd-ad89-4ee4-a8cc-4e62f513379a/apps/com.emberlink.pubqdemo/delta/02d2e2aebf9c3a4d66ebadbbf5ba2236811a3f6e39075a0757757feac859a4ef_svg/checkmark-done.svg","244","NOT_FOUND"
"svg/checkmark-outline.svg","183c0433cc1838df09ddb16571d717236374cbc9de62f9de929f8040ffa6c5cf","orgs/938847bd-ad89-4ee4-a8cc-4e62f513379a/apps/com.emberlink.pubqdemo/delta/3b4607177d5a935a1b84efef3f4a211c3344bb284d3003cbf9d770a652594d0b_svg/checkmark-outline.svg","213","NOT_FOUND"
"svg/checkmark-sharp.svg","654558bfc122e2b600de5cf224445fd6415e705b8b87e95c7abba7e975949e5c","orgs/938847bd-ad89-4ee4-a8cc-4e62f513379a/apps/com.emberlink.pubqdemo/delta/9c59223b5a172f43263e2e6985b3f88236523862550431e5723331ef24b0a2aa_svg/checkmark-sharp.svg","212","NOT_FOUND"
"svg/checkmark.svg","183c0433cc1838df09ddb16571d717236374cbc9de62f9de929f8040ffa6c5cf","orgs/938847bd-ad89-4ee4-a8cc-4e62f513379a/apps/com.emberlink.pubqdemo/delta/3b4607177d5a935a1b84efef3f4a211c3344bb284d3003cbf9d770a652594d0b_svg/checkmark.svg","213","NOT_FOUND"
"svg/chevron-back-circle-outline.svg","b3be9ea63db4c51244148f4988b3b8105e0680da664ddab20bdbdb307ee3e3a1","orgs/938847bd-ad89-4ee4-a8cc-4e62f513379a/apps/com.emberlink.pubqdemo/delta/ade76585987a9a8a8543a2c4bcb61796fa928c236ad73531c3cf60ba77612da7_svg/chevron-back-circle-outline.svg","365","NOT_FOUND"
"svg/chevron-back-circle-sharp.svg","3fbf0e04969d52dcbc3c6e46cb62d0aca0d34e582241039b4902a34aa3d3c292","orgs/938847bd-ad89-4ee4-a8cc-4e62f513379a/apps/com.emberlink.pubqdemo/delta/670c95f7d0c1f880d1cc3be62a9239aebc7f1134360b74f621b7da5cafd2cf6f_svg/chevron-back-circle-sharp.svg","245","NOT_FOUND"
"svg/chevron-back-circle.svg","280d6beafcf792b230a041c04fb0fe5f57f214426113c6d994b34ffad97e9938","orgs/938847bd-ad89-4ee4-a8cc-4e62f513379a/apps/com.emberlink.pubqdemo/delta/ad57766b32b69c31e427049f9e06fc5fcaef4a234979e8fc2f22b20bf585a4c9_svg/chevron-back-circle.svg","289","NOT_FOUND"
"svg/chevron-back-outline.svg","1922e1956267575cf63f7ca3f8d06c15a6cb3eb9cb8996ad92b8994a5ddc5307","orgs/938847bd-ad89-4ee4-a8cc-4e62f513379a/apps/com.emberlink.pubqdemo/delta/67329214a440e3d49df8fba071730fb606f0858df0d837ca28184bfc837e92c2_svg/chevron-back-outline.svg","213","NOT_FOUND"
"svg/chevron-back-sharp.svg","c569b8ee624b2007fa88bbb3d14677d096569f8971248d673b4165fd037ae5d4","orgs/938847bd-ad89-4ee4-a8cc-4e62f513379a/apps/com.emberlink.pubqdemo/delta/c42aebb018906e9789aa637b3eeadfca7c122258eed3500ec382a26475613deb_svg/chevron-back-sharp.svg","213","NOT_FOUND"
"svg/chevron-back.svg","1922e1956267575cf63f7ca3f8d06c15a6cb3eb9cb8996ad92b8994a5ddc5307","orgs/938847bd-ad89-4ee4-a8cc-4e62f513379a/apps/com.emberlink.pubqdemo/delta/67329214a440e3d49df8fba071730fb606f0858df0d837ca28184bfc837e92c2_svg/chevron-back.svg","213","NOT_FOUND"
"svg/chevron-collapse-outline.svg","dc4b901cb4c34605a64e5b8aaf0636da7e0b9641994159796f5ddd7bee27438d","orgs/938847bd-ad89-4ee4-a8cc-4e62f513379a/apps/com.emberlink.pubqdemo/delta/92c8e0060c7f3a753f5cf29a15e8de4f2370c63b089d83bec266df0202bb0713_svg/chevron-collapse-outline.svg","238","NOT_FOUND"
"svg/chevron-collapse-sharp.svg","47a9f0a4947f3dde35a267ee79bdf703e7737f690185581dcba674a4dfc36927","orgs/938847bd-ad89-4ee4-a8cc-4e62f513379a/apps/com.emberlink.pubqdemo/delta/b41810dcb7bd46a4f3b9ca1d5e1e73baaa7b2d93a37a1c34c1af29afe328e85a_svg/chevron-collapse-sharp.svg","263","NOT_FOUND"
"svg/chevron-collapse.svg","fdb869c1fde1cb61bdced712f3d70bc130cdeee4b0c9518cc2aaba9a6389c06d","orgs/938847bd-ad89-4ee4-a8cc-4e62f513379a/apps/com.emberlink.pubqdemo/delta/a41e4d3b11361e4faa66b10f2991a6beff3edf1d67c199466baecf58708ff99a_svg/chevron-collapse.svg","566","NOT_FOUND"
"svg/chevron-down-circle-outline.svg","f94690285e7afc4a85771c7da964e145711e6121608bdf40f200ee28fa2b38d0","orgs/938847bd-ad89-4ee4-a8cc-4e62f513379a/apps/com.emberlink.pubqdemo/delta/99266a0dd38604cb6e21cb54c5df974cfda7d368eb40e3b3b5f7285aac0da066_svg/chevron-down-circle-outline.svg","365","NOT_FOUND"
"svg/chevron-down-circle-sharp.svg","2b4faecd63548d5fa49a093eab4a5c935ff263bf6277d25f61b48b8541239d96","orgs/938847bd-ad89-4ee4-a8cc-4e62f513379a/apps/com.emberlink.pubqdemo/delta/cfe14317192b964cd0c5993b6da0d4ae145888c36dea3e3a464d838f312d0975_svg/chevron-down-circle-sharp.svg","240","NOT_FOUND"
"svg/chevron-down-circle.svg","0dd3773ea4fe5916071a84ae1668cecc102e433763a5302bc2e94b48e16f5d0a","orgs/938847bd-ad89-4ee4-a8cc-4e62f513379a/apps/com.emberlink.pubqdemo/delta/ce9ea4ac8a8c5021c6bf96378ce0bd93c94f2be9a59a67851e903bffc9f38867_svg/chevron-down-circle.svg","302","NOT_FOUND"
"svg/chevron-down-outline.svg","e9e75354a37fd533ee6ac11b62b90bd787c0868486b85fcdd36bd45f695b6ecd","orgs/938847bd-ad89-4ee4-a8cc-4e62f513379a/apps/com.emberlink.pubqdemo/delta/2657ee9853328d3729b4ded96085547b8422b204296a28154c734f761960fadc_svg/chevron-down-outline.svg","213","NOT_FOUND"
"svg/chevron-down-sharp.svg","643434626942fad11e5adaa1cc49d74c701223e376ba061ab5446076093eaec7","orgs/938847bd-ad89-4ee4-a8cc-4e62f513379a/apps/com.emberlink.pubqdemo/delta/7ef26dd9a29ce4ed78641149e3fd98b49a3fd431b27c13c2082605154e025d9c_svg/chevron-down-sharp.svg","213","NOT_FOUND"
"svg/chevron-down.svg","e9e75354a37fd533ee6ac11b62b90bd787c0868486b85fcdd36bd45f695b6ecd","orgs/938847bd-ad89-4ee4-a8cc-4e62f513379a/apps/com.emberlink.pubqdemo/delta/2657ee9853328d3729b4ded96085547b8422b204296a28154c734f761960fadc_svg/chevron-down.svg","213","NOT_FOUND"
"svg/chevron-expand-outline.svg","81f992068e2811bb27ccfdcabda3297ad4c303a08f338008f07e9cd201875e45","orgs/938847bd-ad89-4ee4-a8cc-4e62f513379a/apps/com.emberlink.pubqdemo/delta/3a46445d7c408fe8cab38a4c64b038b8cf0f5ad6b1dee9d47c20d8084eddda6d_svg/chevron-expand-outline.svg","238","NOT_FOUND"
"svg/chevron-expand-sharp.svg","0a699424c61bc674875be0f824f4b7f8001ca5da46e4d581e3511345308df97e","orgs/938847bd-ad89-4ee4-a8cc-4e62f513379a/apps/com.emberlink.pubqdemo/delta/554e730ca4f59fb8072febef2343d2180258ee5b53cd5f4738abf76ed314cb58_svg/chevron-expand-sharp.svg","212","NOT_FOUND"
"svg/chevron-expand.svg","e4825edc0398ba7643d9cd6e980fd4407cca7916c87d68511e78e131b499d8a9","orgs/938847bd-ad89-4ee4-a8cc-4e62f513379a/apps/com.emberlink.pubqdemo/delta/a70c79edcd27a6a0e562bac9ab015c0f11c5bd6ff3d23039af38b3c4ca94bbcd_svg/chevron-expand.svg","235","NOT_FOUND"
"svg/chevron-forward-circle-outline.svg","22d3cb62c85ea54de67ca328d6212c9ffa9f791c337c6b123ce6b810fc29279a","orgs/938847bd-ad89-4ee4-a8cc-4e62f513379a/apps/com.emberlink.pubqdemo/delta/655ac6f2bdd7433da1df9602947a6a94608ff62e82b95e66a8fb4ada194301fc_svg/chevron-forward-circle-outline.svg","364","NOT_FOUND"
"svg/chevron-forward-circle-sharp.svg","265cac3014c11374c2cd0b0ee331ca84a9a9f3026042aa012f98033a92c6eaec","orgs/938847bd-ad89-4ee4-a8cc-4e62f513379a/apps/com.emberlink.pubqdemo/delta/f465078b9c5b24bf9be8571cf90b30dfa3b02ca5f6d885264601a7113b2af6c1_svg/chevron-forward-circle-sharp.svg","240","NOT_FOUND"
"svg/chevron-forward-circle.svg","7cf68dd90c01354f5ec45f7f26d498b6a1a55cedd2f5fa729022b3be69398bbb","orgs/938847bd-ad89-4ee4-a8cc-4e62f513379a/apps/com.emberlink.pubqdemo/delta/0d9355ca1a56b7257a04baf2cff955245c4fe0f011b2de52f9859d1001d3fb97_svg/chevron-forward-circle.svg","285","NOT_FOUND"
"svg/chevron-forward-outline.svg","11074e8d9e1249ce76a2adca7e40aefa3f17f30de69937e0a78fa187d3243958","orgs/938847bd-ad89-4ee4-a8cc-4e62f513379a/apps/com.emberlink.pubqdemo/delta/7a485983f6c4dae0b3139d79d634621cfc23acfc8f2d93558354b77887265ff6_svg/chevron-forward-outline.svg","213","NOT_FOUND"
"svg/chevron-forward-sharp.svg","ed7597aeedd677e9110a9c5f69dac7d0445d7e6ec63a495be26a5c067fa4a5d8","orgs/938847bd-ad89-4ee4-a8cc-4e62f513379a/apps/com.emberlink.pubqdemo/delta/6ee1fcdd5d7d460893468f077080e6be0b71b558b344d8e89b973bce8c48801d_svg/chevron-forward-sharp.svg","213","NOT_FOUND"
"svg/chevron-forward.svg","11074e8d9e1249ce76a2adca7e40aefa3f17f30de69937e0a78fa187d3243958","orgs/938847bd-ad89-4ee4-a8cc-4e62f513379a/apps/com.emberlink.pubqdemo/delta/7a485983f6c4dae0b3139d79d634621cfc23acfc8f2d93558354b77887265ff6_svg/chevron-forward.svg","213","NOT_FOUND"
"svg/chevron-up-circle-outline.svg","db24100128d4b4dc8948ab170f5350d162a38fea32c4bbfe28c0a69c6dbbd61d","orgs/938847bd-ad89-4ee4-a8cc-4e62f513379a/apps/com.emberlink.pubqdemo/delta/15e2e2896f31f6c09855e8da68623ef53c0247c783073d514fb1ae5cd015acd7_svg/chevron-up-circle-outline.svg","365","NOT_FOUND"
"svg/chevron-up-circle-sharp.svg","d74e0a23a682b315ac2b3efcbac3afa993899ecc4b638a69e58ee9dc7dd89d0d","orgs/938847bd-ad89-4ee4-a8cc-4e62f513379a/apps/com.emberlink.pubqdemo/delta/341f29f54899710261f2d8249971c9bc38592fd98ba81e601e46147cb7975e07_svg/chevron-up-circle-sharp.svg","239","NOT_FOUND"
"svg/chevron-up-circle.svg","b7d6f3274f907a2c98b5fcf77a6896bc6d63e6bec39265820d66448ad6e061ae","orgs/938847bd-ad89-4ee4-a8cc-4e62f513379a/apps/com.emberlink.pubqdemo/delta/02485a2fda1c53e68627a41de9c111eab565f391c15801d9a6aa47a362aae626_svg/chevron-up-circle.svg","317","NOT_FOUND"
"svg/chevron-up-outline.svg","52140c5b4b1133f0fce5775a0c8f5861830a7329b039222e1260b1f3662eca68","orgs/938847bd-ad89-4ee4-a8cc-4e62f513379a/apps/com.emberlink.pubqdemo/delta/00f39bf5fd820b385364db2a4ca9072254c9b8a846973d444f2a25fe82b97830_svg/chevron-up-outline.svg","213","NOT_FOUND"
"svg/chevron-up-sharp.svg","36ef586c519d2fb3791adf6343144919eba2940a797759cbd79bf360b48e4208","orgs/938847bd-ad89-4ee4-a8cc-4e62f513379a/apps/com.emberlink.pubqdemo/delta/fbfd766e943408a7b715f788f6fe5c9e9beba447f1fd48db0808520247614d0f_svg/chevron-up-sharp.svg","213","NOT_FOUND"
"svg/chevron-up.svg","52140c5b4b1133f0fce5775a0c8f5861830a7329b039222e1260b1f3662eca68","orgs/938847bd-ad89-4ee4-a8cc-4e62f513379a/apps/com.emberlink.pubqdemo/delta/00f39bf5fd820b385364db2a4ca9072254c9b8a846973d444f2a25fe82b97830_svg/chevron-up.svg","213","NOT_FOUND"
"svg/clipboard-outline.svg","a8b1376b1cd861c0af508794d82c693cc46f1ffbe443f19c57be74cc526a1f02","orgs/938847bd-ad89-4ee4-a8cc-4e62f513379a/apps/com.emberlink.pubqdemo/delta/3f4b63dd6b90c68516c68c2618b9da1fca10ad9854c6b68e9f05dd7149d592af_svg/clipboard-outline.svg","403","NOT_FOUND"
"svg/clipboard-sharp.svg","089ef6c079337d2cd174be6cdd7bc45264926dc7df6ceed3cd94c5e237ae5992","orgs/938847bd-ad89-4ee4-a8cc-4e62f513379a/apps/com.emberlink.pubqdemo/delta/ad2fd2caa823a62cdf25d452be255f4d674e04aeea99efb8d88c14e9d23dc9f7_svg/clipboard-sharp.svg","267","NOT_FOUND"
"svg/clipboard.svg","2889bee890de61ba0aa143ff043b3c1e272dcc3899c83c9f1581d408e3387a62","orgs/938847bd-ad89-4ee4-a8cc-4e62f513379a/apps/com.emberlink.pubqdemo/delta/5717d0a9cb1ce6373410d684c4796807fc255bed1d5a3faf50924c9b9fddc71f_svg/clipboard.svg","361","NOT_FOUND"
"svg/close-circle-outline.svg","e6d1a141c6a92b9d586308a75529b0d25b44b1b53bca6f3e6b0a906b1ca9d82a","orgs/938847bd-ad89-4ee4-a8cc-4e62f513379a/apps/com.emberlink.pubqdemo/delta/e2984ce0fef6462c72eac2e01bc305a00e49a240476322d34ffa6532a5af9716_svg/close-circle-outline.svg","378","NOT_FOUND"
"svg/close-circle-sharp.svg","cd413c3f6cb0a365db9f4d1886b41bc5fef31a062821c88caaa071b9dee35ade","orgs/938847bd-ad89-4ee4-a8cc-4e62f513379a/apps/com.emberlink.pubqdemo/delta/eb7de17ccbe5118c80d3b9440d40b4359fdead4fa98b1f46d49df79302e0ff74_svg/close-circle-sharp.svg","282","NOT_FOUND"
"svg/close-circle.svg","d2d3ebcd09875fd85fc30e3d943ad1b773853df7de3a9cb3d3c148632965feb3","orgs/938847bd-ad89-4ee4-a8cc-4e62f513379a/apps/com.emberlink.pubqdemo/delta/94e6d0040729ccd6de12d0afd7a553628543270a92670b721d15283bbc0f611b_svg/close-circle.svg","375","NOT_FOUND"
"svg/close-outline.svg","f9fb2505b1d38269f9cfc3b74949647a797562598b7a0941365163ee65701f39","orgs/938847bd-ad89-4ee4-a8cc-4e62f513379a/apps/com.emberlink.pubqdemo/delta/c1994412a52faf32f29d9e39005592303859a13001888c0d193a142ced8b5f38_svg/close-outline.svg","222","NOT_FOUND"
"svg/close-sharp.svg","b460295eb7f6650faf697636c2489dc0609b77aa616fcbbd7563da8e7559fd65","orgs/938847bd-ad89-4ee4-a8cc-4e62f513379a/apps/com.emberlink.pubqdemo/delta/27714aff9e36b19f7c57d3ab742f51500219352f0a50beafabd496412238d929_svg/close-sharp.svg","229","NOT_FOUND"
"svg/close.svg","b12429d52498523e12803727b099d74e7abf50e5f5ea897c446a97d320916bcd","orgs/938847bd-ad89-4ee4-a8cc-4e62f513379a/apps/com.emberlink.pubqdemo/delta/f28674b98426f9c15968c8be7a869a7ac39cc316542356da735725fa60b6b3e0_svg/close.svg","225","NOT_FOUND"
"svg/cloud-circle-outline.svg","b8043cd581a65af0617e14c91a09c72adbc84251b947e35d44d0fe9317e2b494","orgs/938847bd-ad89-4ee4-a8cc-4e62f513379a/apps/com.emberlink.pubqdemo/delta/5c0ab38d74093c5a551738b7a7a2f5c05cb6c6cb78a271db7fca7073764155ea_svg/cloud-circle-outline.svg","495","NOT_FOUND"
"svg/cloud-circle-sharp.svg","4b1ebeb4e9e6acea6cf1b2ee85cdf59bb9493a4075771cb5c44cc39846fc0b74","orgs/938847bd-ad89-4ee4-a8cc-4e62f513379a/apps/com.emberlink.pubqdemo/delta/4ce7029cbf56fbbb295dbae782c33d60166fff81dd61c9cb14605b0aebc762cc_svg/cloud-circle-sharp.svg","329","NOT_FOUND"
"svg/cloud-circle.svg","bbdc82240449adf83d231d1259d587a8c7739b2d05fa3e9a87b3f1b985056dfa","orgs/938847bd-ad89-4ee4-a8cc-4e62f513379a/apps/com.emberlink.pubqdemo/delta/02a9f56970950a33607d7c6ee9e6ab20bb890080e225458903103db511e9d419_svg/cloud-circle.svg","432","NOT_FOUND"
"svg/cloud-done-outline.svg","ce11615ad1751b5b6bb237c039836fcff889d219a84bccac03b0f6cecbd823d5","orgs/938847bd-ad89-4ee4-a8cc-4e62f513379a/apps/com.emberlink.pubqdemo/delta/d94d70433225a47280a0cc2dadb0aca74f0ab3ac38a6093f83c31d9c12a18ebb_svg/cloud-done-outline.svg","453","NOT_FOUND"
"svg/cloud-done-sharp.svg","777d0543e3b3c1e6b351d30c885a3447a98675d13359718debcf0b1ab741dff9","orgs/938847bd-ad89-4ee4-a8cc-4e62f513379a/apps/com.emberlink.pubqdemo/delta/f85bae48a863875c19f2c26f3bc777a10ce3b59c63c0da23cdaf581c32cf5ada_svg/cloud-done-sharp.svg","532","NOT_FOUND"
"svg/cloud-done.svg","847e4a11e3a7875bfa47fda54d062d25f56ddd57146dd93e2e0a8e707bdf55f3","orgs/938847bd-ad89-4ee4-a8cc-4e62f513379a/apps/com.emberlink.pubqdemo/delta/b5cc9a41c8b89d141937c4728ebdd74e87079577e13edc9e1773803e214515e8_svg/cloud-done.svg","667","NOT_FOUND"
"svg/cloud-download-outline.svg","5cd0ed13340d5991e765b8d2467f97e569a850c224a62514a7f36191cf780d84","orgs/938847bd-ad89-4ee4-a8cc-4e62f513379a/apps/com.emberlink.pubqdemo/delta/d6ab91e7bab13ee383953083f06116c7b72f70a732f84dbdd469f528f1f8a450_svg/cloud-download-outline.svg","383","NOT_FOUND"
"svg/cloud-download-sharp.svg","2383ce5648ad8bf56c138264ff189e052fac5d76c747016352c3c032b7245ce4","orgs/938847bd-ad89-4ee4-a8cc-4e62f513379a/apps/com.emberlink.pubqdemo/delta/5a85f2e470aa8e5f4b8d56ae0bbe957b6ff5d13358c337a3c6dc1d78dc71a292_svg/cloud-download-sharp.svg","500","NOT_FOUND"
"svg/cloud-download.svg","68c2479e72d32e2e6c86a211a9d7e20e58978153ef21df9c8322e5c8ab614579","orgs/938847bd-ad89-4ee4-a8cc-4e62f513379a/apps/com.emberlink.pubqdemo/delta/266e9469a63ea3fdc3705e5ddc893e04dcc207c0d8f0a23770a28acfd955c766_svg/cloud-download.svg","653","NOT_FOUND"
"svg/cloud-offline-outline.svg","5eb9b9ea02dd932154272ddbb1029b3865a02474157da7df4272ff0a77c3ab24","orgs/938847bd-ad89-4ee4-a8cc-4e62f513379a/apps/com.emberlink.pubqdemo/delta/65e96a935fe24829c59072f822ce9c72d032dd4f46ba695b4bf0e613e07b7c53_svg/cloud-offline-outline.svg","503","NOT_FOUND"
"svg/cloud-offline-sharp.svg","31e2a100bafbe65f1b7fc15926711a18d802a391678881918dbc0bcefa880240","orgs/938847bd-ad89-4ee4-a8cc-4e62f513379a/apps/com.emberlink.pubqdemo/delta/69ea612f5447598e2a5f780b66ca7a36fe5dbccd289206cb331229d9781a2c75_svg/cloud-offline-sharp.svg","511","NOT_FOUND"
"svg/cloud-offline.svg","23f6e8c7c3dd1083dae465fe29c887146d22efe823df9aebd62df7ab359185d0","orgs/938847bd-ad89-4ee4-a8cc-4e62f513379a/apps/com.emberlink.pubqdemo/delta/dcc2ee3155d41ba3c25c8169593b22687cd0011df74db2afc0991cd4f392daba_svg/cloud-offline.svg","645","NOT_FOUND"
"svg/cloud-outline.svg","dbe805048636583f918111959e02ac5b357eab54018de0e85cf95aa3123c3769","orgs/938847bd-ad89-4ee4-a8cc-4e62f513379a/apps/com.emberlink.pubqdemo/delta/e0fd04d433b096bf28ef1e294b7ed77c29330f517d3a40e15ee1aae40ea7c665_svg/cloud-outline.svg","319","NOT_FOUND"
"svg/cloud-sharp.svg","f5147c39aefd7971f0bdd0a0ec32e3525c28306f997a5f8a7659ab3d96a62f15","orgs/938847bd-ad89-4ee4-a8cc-4e62f513379a/apps/com.emberlink.pubqdemo/delta/e29c6f8bd7180d2a2ac9bb570e012025907f9320edd3e36fd261cff7e02c76f1_svg/cloud-sharp.svg","460","NOT_FOUND"
"svg/cloud-upload-outline.svg","227bdab81b1a9d30f459d5dffe4f4abdc520f9e891630dbb213498d783945780","orgs/938847bd-ad89-4ee4-a8cc-4e62f513379a/apps/com.emberlink.pubqdemo/delta/1dd7a5abc545b0f9cb8fc9f45c282fae7830b20c7411712af625ad84f721c551_svg/cloud-upload-outline.svg","500","NOT_FOUND"
"svg/cloud-upload-sharp.svg","6212a13d7dac648bbbf610b5e84bd9a3daeba85737f5862af9cd4cf45f3d7d6c","orgs/938847bd-ad89-4ee4-a8cc-4e62f513379a/apps/com.emberlink.pubqdemo/delta/a20ba2454df46493c9d83650b02a307484454ff1664755e90507dc6d6a245377_svg/cloud-upload-sharp.svg","600","NOT_FOUND"
"svg/cloud-upload.svg","2791ee5c52522d9845b52b7b1e82b6a324b1ed9162de6aea7852b335667fd6a1","orgs/938847bd-ad89-4ee4-a8cc-4e62f513379a/apps/com.emberlink.pubqdemo/delta/3b58df13f95a1f3036da5090ac521cfce8334f755617f520d22d45fdd13dd514_svg/cloud-upload.svg","772","NOT_FOUND"
"svg/cloud.svg","6071172506dbc8c85340ca2e8ff2c885dfbf20fa69181d4a3053112a140fe68f","orgs/938847bd-ad89-4ee4-a8cc-4e62f513379a/apps/com.emberlink.pubqdemo/delta/9d914505463fbaccd9eeb8f351a05dafd9bfd37a1fe8f1edf7a70f3beae353f1_svg/cloud.svg","498","NOT_FOUND"
"svg/cloudy-night-outline.svg","7c5bba44342ee975bb3e47768b073fc27334f1623a41d6b1b754de3b5c9d0fa7","orgs/938847bd-ad89-4ee4-a8cc-4e62f513379a/apps/com.emberlink.pubqdemo/delta/0c895821b828941a1346451656506b3c112dcd5b2c42200d19836ee3b1fbcc26_svg/cloudy-night-outline.svg","729","NOT_FOUND"
"svg/cloudy-night-sharp.svg","4809e8ab7b4edc7dc752d45b9530718d4ff02cc3e3d6ead0b75842b78e61e0e7","orgs/938847bd-ad89-4ee4-a8cc-4e62f513379a/apps/com.emberlink.pubqdemo/delta/af55ff10a07a43994cd78db8a013fe1ddd5b28d68131bea120c740cc5859342d_svg/cloudy-night-sharp.svg","767","NOT_FOUND"
"svg/cloudy-night.svg","bcdb87af18f5340a62d733534366122547e1fb83ff88ff4f4d9150dada291d7a","orgs/938847bd-ad89-4ee4-a8cc-4e62f513379a/apps/com.emberlink.pubqdemo/delta/6236ce91a616571a24d8605e22a4ecffe3d9babcf74d899c387b45b8929749d0_svg/cloudy-night.svg","984","NOT_FOUND"
"svg/cloudy-outline.svg","289cfabceafca6cdef4136cd761da781ef51537cbfebf6d462fb5e28314801cb","orgs/938847bd-ad89-4ee4-a8cc-4e62f513379a/apps/com.emberlink.pubqdemo/delta/7d95f1044c34bb0b000078934573bba76ae60cf6c389ff356234b13e1f5335f0_svg/cloudy-outline.svg","415","NOT_FOUND"
"svg/cloudy-sharp.svg","434afaaeb87c70da5de48215affe324578988dd571cf7387c5333df838cdf9a7","orgs/938847bd-ad89-4ee4-a8cc-4e62f513379a/apps/com.emberlink.pubqdemo/delta/464d97fca7c8d4b2145d6926265e575e10b3d22736e21447c39c5bed42523cb2_svg/cloudy-sharp.svg","450","NOT_FOUND"
"svg/cloudy.svg","696e84a4ef0323a3c6981342f2431482480884a06c40b1d4424cdc8c1ec85189","orgs/938847bd-ad89-4ee4-a8cc-4e62f513379a/apps/com.emberlink.pubqdemo/delta/114fc8778f2417feed55bf98fefa9a4bd459fb79a98fbb725860165b1f94288b_svg/cloudy.svg","490","NOT_FOUND"
"svg/code-download-outline.svg","3489bf1b6d81c0ed3c26a2949aafa4aad7bc44431171826d1cd709ebe5c22df8","orgs/938847bd-ad89-4ee4-a8cc-4e62f513379a/apps/com.emberlink.pubqdemo/delta/94a10c9ddbe7b1103f5d102ce6d430327331caec832fc636e828d11c3bf89aed_svg/code-download-outline.svg","278","NOT_FOUND"
"svg/code-download-sharp.svg","6159520dd81d2886d4ac53dd3dabaaf0120d1f6b9bfe726a0844e56086996bb0","orgs/938847bd-ad89-4ee4-a8cc-4e62f513379a/apps/com.emberlink.pubqdemo/delta/f7912da0b47b254f81ccf9b358932536381e6d0e1bfd51e1146cca8d4e12afaa_svg/code-download-sharp.svg","277","NOT_FOUND"
"svg/code-download.svg","f4bc6e55c622680258ab449bff3c0fa8bd7eb06728a4545f6589fe809de0cb29","orgs/938847bd-ad89-4ee4-a8cc-4e62f513379a/apps/com.emberlink.pubqdemo/delta/430a4565fe6e72f47af92110d36dc08c59c3236aa1374abef95aeaeaa78cb9f7_svg/code-download.svg","277","NOT_FOUND"
"svg/code-outline.svg","9b8ecfeff53b16ba07be2939e2ccfad2fe9fe526b4268222bbb7c644b21581ce","orgs/938847bd-ad89-4ee4-a8cc-4e62f513379a/apps/com.emberlink.pubqdemo/delta/2a20ffbebf115f0c768c75fc737ddbebe4b6dfae326dfaea88ac86c6a1874c04_svg/code-outline.svg","237","NOT_FOUND"
"svg/code-sharp.svg","edf1613c4b598589d178899165d7007eccad2948d41e88c561ecc9a37536059e","orgs/938847bd-ad89-4ee4-a8cc-4e62f513379a/apps/com.emberlink.pubqdemo/delta/85e3e88c1138a94d9a218b3a64e3954b5e76a9db5233bcaab85a19ab8eb36ba9_svg/code-sharp.svg","234","NOT_FOUND"
"svg/code-slash-outline.svg","4a157e4e4a76bc58424b604674f2ad7161fbef1ad31949d98a3b9aa2c1335def","orgs/938847bd-ad89-4ee4-a8cc-4e62f513379a/apps/com.emberlink.pubqdemo/delta/a25b96a8b0f88a347d9beda36defb53a07636686e3be7de1f2a5ccef0a2660cf_svg/code-slash-outline.svg","252","NOT_FOUND"
"svg/code-slash-sharp.svg","f1d52e68cf0e20be9596d2c5185fa66fd29efd007a3f4721db67adc51867637d","orgs/938847bd-ad89-4ee4-a8cc-4e62f513379a/apps/com.emberlink.pubqdemo/delta/ccd784f1d31cb98495995a6ddf7dd74f181415a7c612beb4d7e9ebdbe0cd0091_svg/code-slash-sharp.svg","277","NOT_FOUND"
"svg/code-slash.svg","fd47db07037a31ce4f8ba68797e07b6fb7d78f0ee5f45b1f863763e6bd470510","orgs/938847bd-ad89-4ee4-a8cc-4e62f513379a/apps/com.emberlink.pubqdemo/delta/f92bdb59d43d6c86b175a0f3976a5a58faee94b553258f5f962f7b99cf7bfa69_svg/code-slash.svg","459","NOT_FOUND"
"svg/code-working-outline.svg","0732d0fce5d70c937c3bb5efcde7035dfe1486a13c8dc53c733af5984f18a970","orgs/938847bd-ad89-4ee4-a8cc-4e62f513379a/apps/com.emberlink.pubqdemo/delta/06344550dece83f8a5e207f7d5ac981126100bbfde878d200b1ba579acf1968b_svg/code-working-outline.svg","339","NOT_FOUND"
"svg/code-working-sharp.svg","21b6a872dee1bc36c6f95ad96ff4ce0ad8a84bccd80f962daab6ff4e17427fce","orgs/938847bd-ad89-4ee4-a8cc-4e62f513379a/apps/com.emberlink.pubqdemo/delta/0edbcebcb7d86b3f4286a2338da91b01ceeb0bf491f94a8f4f278d921c3e1a37_svg/code-working-sharp.svg","539","NOT_FOUND"
"svg/code-working.svg","12f9a79579937c1fa6fe0b889af3c92cf61b0a25717c9551c363d8ea5121708c","orgs/938847bd-ad89-4ee4-a8cc-4e62f513379a/apps/com.emberlink.pubqdemo/delta/5e383b31c9b1b8501257f95a18d088507c4e812431449adb6ce2e8360061543f_svg/code-working.svg","467","NOT_FOUND"
"svg/code.svg","d37d111b2ac3371b5b22bd3a8842616788bfd9c092346e3113b5170ba3b31a37","orgs/938847bd-ad89-4ee4-a8cc-4e62f513379a/apps/com.emberlink.pubqdemo/delta/379eb1f69d92519c9e56a35bb02b50d1518961959b8bfefab880651233bda130_svg/code.svg","374","NOT_FOUND"
"svg/cog-outline.svg","a91522bc0987ac63fd31099afb866395f245df39bddd3437cb58d79921452178","orgs/938847bd-ad89-4ee4-a8cc-4e62f513379a/apps/com.emberlink.pubqdemo/delta/74b0b74aee709db02e2642bec95239049b97db896a85f272d3dd7877a0a08920_svg/cog-outline.svg","3042","NOT_FOUND"
"svg/cog-sharp.svg","86237d6d0516397f594620b7a6fe11178a64531eea37e05491324f45856991ca","orgs/938847bd-ad89-4ee4-a8cc-4e62f513379a/apps/com.emberlink.pubqdemo/delta/aa2358f6c19347f4137b8dc529ee50ea54333ed3e9853f19a0a46f13e0c43798_svg/cog-sharp.svg","3308","NOT_FOUND"
"svg/cog.svg","a25d60a99ae5395172ef85f5c0e28dc1773e0ab1abbf4aee19447d961bfb2d47","orgs/938847bd-ad89-4ee4-a8cc-4e62f513379a/apps/com.emberlink.pubqdemo/delta/5d268ff67615a006de4d3e8669145e94ea03db74cda6591a82128adb555f96cd_svg/cog.svg","3536","NOT_FOUND"
"svg/color-fill-outline.svg","6055b4ec5157c4ec60f94af791835afc2ab0c5a3b118dbbc4d4c32e63d67424d","orgs/938847bd-ad89-4ee4-a8cc-4e62f513379a/apps/com.emberlink.pubqdemo/delta/4acf1e1dad73238ae55cbc0b4069f34149b6538b421b8bc63878079d10c14031_svg/color-fill-outline.svg","543","NOT_FOUND"
"svg/color-fill-sharp.svg","00827a26e11f9000b7ff8e4407c275e33096f2da811c9b15419f60b348137c86","orgs/938847bd-ad89-4ee4-a8cc-4e62f513379a/apps/com.emberlink.pubqdemo/delta/cfd365664427bfd1fa83674703bc5f89d674a6d18b34b8930b976215c4ab7924_svg/color-fill-sharp.svg","280","NOT_FOUND"
"svg/color-fill.svg","f688b681991a12095421d58b1a9b38aac1dab54b50f99bcd2ec2138fa8384670","orgs/938847bd-ad89-4ee4-a8cc-4e62f513379a/apps/com.emberlink.pubqdemo/delta/a71dfdbf52f62833d3367c816d52187710cbf2dd21a61e02794bf5a3035c9c88_svg/color-fill.svg","716","NOT_FOUND"
"svg/color-filter-outline.svg","ed6874689b1ff6a394c815e660ca9fc55ae1a27b35556ad2f369b01082e8d7b3","orgs/938847bd-ad89-4ee4-a8cc-4e62f513379a/apps/com.emberlink.pubqdemo/delta/0c926c6159bab33bbd173a2782485de30118b92f75b8f7cc20ab491dc55df7af_svg/color-filter-outline.svg","402","NOT_FOUND"
"svg/color-filter-sharp.svg","805de6eebe19b25b91a53422a6c079067b24eeea224cfc2b90619ddb89ef8b60","orgs/938847bd-ad89-4ee4-a8cc-4e62f513379a/apps/com.emberlink.pubqdemo/delta/d4ec35180c23e1583dffaa19bc6dcd63626bd45c5da12febe35cacffa3e0f1e2_svg/color-filter-sharp.svg","905","NOT_FOUND"
"svg/color-filter.svg","8091c79f47dd60bbc99ec6183c4a29d1fad862d185d2199f5796e5d04233dd49","orgs/938847bd-ad89-4ee4-a8cc-4e62f513379a/apps/com.emberlink.pubqdemo/delta/94802b234b4d9f5916884f22b7163af5ef42ebf08665d509dd3b2c7889ec80f1_svg/color-filter.svg","1490","NOT_FOUND"
"svg/color-palette-outline.svg","f16c322d6fbb44d97d230bae3c3fa7824ee2b702c7be21175d327ea2bbd50ac5","orgs/938847bd-ad89-4ee4-a8cc-4e62f513379a/apps/com.emberlink.pubqdemo/delta/be42a51c48cd8c74ba1c3ed348c70ae9f6cb39566d5a348d25cc283f38d0944d_svg/color-palette-outline.svg","636","NOT_FOUND"
"svg/color-palette-sharp.svg","e896322fb09dda4217f95f515471ae84adbb2bd4b04c67e874bebcfc62e0927f","orgs/938847bd-ad89-4ee4-a8cc-4e62f513379a/apps/com.emberlink.pubqdemo/delta/4797ac327aaa7f638992223c41240949dd374cab16fcaf67e6ab6f90f7852b1c_svg/color-palette-sharp.svg","623","NOT_FOUND"
"svg/color-palette.svg","5eb1d8e51419c792ba0a24cf4570f77485d23ee4501eea0748e01e92e70e035e","orgs/938847bd-ad89-4ee4-a8cc-4e62f513379a/apps/com.emberlink.pubqdemo/delta/45466bff03ebfa1c4df69120740419fd5c36a2f686652f8f4354515b3e72bbe9_svg/color-palette.svg","803","NOT_FOUND"
"svg/color-wand-outline.svg","3aad1f9f31df80ffc5f29283e111e9b9553b8a148849f03f6ad88c33b2fd5bf4","orgs/938847bd-ad89-4ee4-a8cc-4e62f513379a/apps/com.emberlink.pubqdemo/delta/b78e3fba5fa3cfc14bbdf74f9e3ff47597a66f5626625ed45f9a570665440026_svg/color-wand-outline.svg","559","NOT_FOUND"
"svg/color-wand-sharp.svg","593fda8ac3f76d7db439ac25470c7b54449241ee0ad0b7beca6c8e46c5fc10ed","orgs/938847bd-ad89-4ee4-a8cc-4e62f513379a/apps/com.emberlink.pubqdemo/delta/c37f516a77d92b8d34336e2ada225828a66142cdb498bb8b22bdb6ca344e9cfb_svg/color-wand-sharp.svg","402","NOT_FOUND"
"svg/color-wand.svg","a8a82a893827bccc1b2133ebd8ef05b4873b37d0fe171a0c01e8474fe17289a4","orgs/938847bd-ad89-4ee4-a8cc-4e62f513379a/apps/com.emberlink.pubqdemo/delta/3ba6aa842e082dbe35a1a4f2feca94dd5f46837e0df0ef8dda525a07dfa0aa40_svg/color-wand.svg","982","NOT_FOUND"
"svg/compass-outline.svg","03d3ca0e4a60f7518d636aebc706bf36941aaba8947cff767fe790787b3b49ca","orgs/938847bd-ad89-4ee4-a8cc-4e62f513379a/apps/com.emberlink.pubqdemo/delta/806b9e9bab6d777036e68ef14f317b348d72f1b61a135ea8ec584bcc4e85e32f_svg/compass-outline.svg","447","NOT_FOUND"
"svg/compass-sharp.svg","1b4de7a52b2d59fd5e41bd055db313f8737ee16fe177d49f389a1e05f2db165c","orgs/938847bd-ad89-4ee4-a8cc-4e62f513379a/apps/com.emberlink.pubqdemo/delta/0c7eefbf2a847043fa7409fc64759ec038db4a1dc1cc2394d10e2e7e5dedc49e_svg/compass-sharp.svg","246","NOT_FOUND"
"svg/compass.svg","b4960259d5a2e75df04f43b1a98dc178c7f67c3a2a49e9e17edbbc5c9b9d52b1","orgs/938847bd-ad89-4ee4-a8cc-4e62f513379a/apps/com.emberlink.pubqdemo/delta/7dde65dd50dbfb13e416ecb9abcb36f7e85010b96aa3203ad90c90620b704a5d_svg/compass.svg","368","NOT_FOUND"
"svg/construct-outline.svg","0b9aa5cb063c4fbc7f8fa639f71d1025e9b1382785c80f18e0de173d0c093a17","orgs/938847bd-ad89-4ee4-a8cc-4e62f513379a/apps/com.emberlink.pubqdemo/delta/f105053219e1696e782c3e15992d1f424676f621ea196f6e4c81ead05f01682d_svg/construct-outline.svg","1857","NOT_FOUND"
"svg/construct-sharp.svg","e53eade28b7f40394c94d59ed44e8148d468355c716b00751693d9e33ab81a9d","orgs/938847bd-ad89-4ee4-a8cc-4e62f513379a/apps/com.emberlink.pubqdemo/delta/6d52cd9c8cbf545fe8d22fe71739455e83bd39cdba9c6b1e9652968c88db07d0_svg/construct-sharp.svg","1227","NOT_FOUND"
"svg/construct.svg","457d05dea4937cf92f206979d57b144ec2e7dcafe35ec43155c31e15a4c8233f","orgs/938847bd-ad89-4ee4-a8cc-4e62f513379a/apps/com.emberlink.pubqdemo/delta/5c039ac87eadb9e8f85717400fd3cc99195d7f9e35170a0e80c8e70788a6868d_svg/construct.svg","1542","NOT_FOUND"
"svg/contract-outline.svg","d744b1c957b1b3c51835dd06de5ec26b2080e8212c559136723db2e6b6cbbe40","orgs/938847bd-ad89-4ee4-a8cc-4e62f513379a/apps/com.emberlink.pubqdemo/delta/381ce6a17e8d7178356d0bd8d95e56ca45dd7c0774195bdeca05c04de08520cb_svg/contract-outline.svg","330","NOT_FOUND"
"svg/contract-sharp.svg","bc0865bc9f1d1c1d84735a50b696da4918b3c65e904ed188f25e833823ac4cf8","orgs/938847bd-ad89-4ee4-a8cc-4e62f513379a/apps/com.emberlink.pubqdemo/delta/bd6e7986fa0015f9713bb1f280f911b8d1e1381d9066122f634397dc49dc468f_svg/contract-sharp.svg","330","NOT_FOUND"
"svg/contract.svg","d744b1c957b1b3c51835dd06de5ec26b2080e8212c559136723db2e6b6cbbe40","orgs/938847bd-ad89-4ee4-a8cc-4e62f513379a/apps/com.emberlink.pubqdemo/delta/381ce6a17e8d7178356d0bd8d95e56ca45dd7c0774195bdeca05c04de08520cb_svg/contract.svg","330","NOT_FOUND"
"svg/contrast-outline.svg","54c1ce5d5fd8583ad036ef99e009aa468b15483b24c6519949bbdbec0a125e1c","orgs/938847bd-ad89-4ee4-a8cc-4e62f513379a/apps/com.emberlink.pubqdemo/delta/28b6e8120f76dd306ca743fd7105677e5b430825bd78aadc6d6b8c8867833e5e_svg/contrast-outline.svg","256","NOT_FOUND"
"svg/contrast-sharp.svg","cae44c4d3b87c2b4d9fbdf44558ce5110912bc516cbf9ece0a44528649cb9a88","orgs/938847bd-ad89-4ee4-a8cc-4e62f513379a/apps/com.emberlink.pubqdemo/delta/95dc3346596c80663bfa797fed909e6c61ee4b2006487c56d34e6fe2bae8d214_svg/contrast-sharp.svg","257","NOT_FOUND"
"svg/contrast.svg","f00cc315f03181688a1739c5b9c0c11d7ab2ec0bee54489de21ea00423737468","orgs/938847bd-ad89-4ee4-a8cc-4e62f513379a/apps/com.emberlink.pubqdemo/delta/ee5b9af5ad9a0d4e570f4272e1bc0e535d3f8853c24ab0fc55eaa649b823c299_svg/contrast.svg","250","NOT_FOUND"
"svg/copy-outline.svg","4c14c667906ee4d41ecb8c6cd84373187cefcc63f3f783626ee28c060c5e6122","orgs/938847bd-ad89-4ee4-a8cc-4e62f513379a/apps/com.emberlink.pubqdemo/delta/3270b9653737773bb5d4fd574940c703838c830e2851f20817883a7c35d4e5ad_svg/copy-outline.svg","424","NOT_FOUND"
"svg/copy-sharp.svg","613d8c4b00bebaa4ac945f30c5f6ca720a703a0fb628d496bc21b28c0f201692","orgs/938847bd-ad89-4ee4-a8cc-4e62f513379a/apps/com.emberlink.pubqdemo/delta/b224aa519117592ff17c9f6e14e1f1c8bd0a1416e7fcb9548513b7a063960d17_svg/copy-sharp.svg","304","NOT_FOUND"
"svg/copy.svg","7862cc3d4d98083fcc607b146f02885bc8730c3f07797c2ff116cde399d5d717","orgs/938847bd-ad89-4ee4-a8cc-4e62f513379a/apps/com.emberlink.pubqdemo/delta/6ca543cf0246541bae81b33fc2c4c1525680b4814116977dfa7be5f7e3f85fcc_svg/copy.svg","318","NOT_FOUND"
"svg/create-outline.svg","261ad20ab83843194d20028768681604d3bb9c0d321812f3a7d263fb047f0c5f","orgs/938847bd-ad89-4ee4-a8cc-4e62f513379a/apps/com.emberlink.pubqdemo/delta/7237aa3f936b862c62cdf0dc8cb0a9a425309fda611d9389978cbb28f4105c4b_svg/create-outline.svg","587","NOT_FOUND"
"svg/create-sharp.svg","f5e0dd0c31881e90fd9ce0cb65f74f64343b2a5d937dc0f716af468b486b3869","orgs/938847bd-ad89-4ee4-a8cc-4e62f513379a/apps/com.emberlink.pubqdemo/delta/436d988961f630eb85cd08041f685386a506db393cfc70e8fa10474e469da235_svg/create-sharp.svg","383","NOT_FOUND"
"svg/create.svg","3d6753934c67a8645eb56aeff34b0a759c760915e8fc5229b653a3d69d89cfa7","orgs/938847bd-ad89-4ee4-a8cc-4e62f513379a/apps/com.emberlink.pubqdemo/delta/2c41fc38a3a5ef047500c26d276725fa221ed346d1a74060e2bc3d268431593d_svg/create.svg","675","NOT_FOUND"
"svg/crop-outline.svg","fca6dcf1a33fd9fe651f822c30c7fd6d85183e924980aec7580e76b5a5278744","orgs/938847bd-ad89-4ee4-a8cc-4e62f513379a/apps/com.emberlink.pubqdemo/delta/053921d9ab9d06175c1a00f79b766fbb7a05d59872aa9110fbbc761353d23580_svg/crop-outline.svg","385","NOT_FOUND"
"svg/crop-sharp.svg","3ce26f0df8538ac8003e462eaa256ecd6c1172f85bb6bd321542fc461037698e","orgs/938847bd-ad89-4ee4-a8cc-4e62f513379a/apps/com.emberlink.pubqdemo/delta/1b2258c26f2243240625706b973b22d379b7a8b3523a22bc8043890d0e95b38f_svg/crop-sharp.svg","188","NOT_FOUND"
"svg/crop.svg","08aa66622ca7c19cd856a8d30ddc94e6637f6dfa5fb69d70310812f260291802","orgs/938847bd-ad89-4ee4-a8cc-4e62f513379a/apps/com.emberlink.pubqdemo/delta/f474ac4e57da5e3d3515c308cc420c25322483212470e2252ee0fd8fb56b8adc_svg/crop.svg","360","NOT_FOUND"
"svg/cube-outline.svg","2478e46e37b9c1e9aa412d4963560c24a8026ddf935d2627c3a9a8ac61e39aee","orgs/938847bd-ad89-4ee4-a8cc-4e62f513379a/apps/com.emberlink.pubqdemo/delta/5a4e7b4edf4d8a76c741416a206c48a576e6a428a8d41a7655191bed6f162a6f_svg/cube-outline.svg","540","NOT_FOUND"
"svg/cube-sharp.svg","cd9358659689ee626e80631d90e90f9bb2668fcf99fb1fc366f4bff21cd406d4","orgs/938847bd-ad89-4ee4-a8cc-4e62f513379a/apps/com.emberlink.pubqdemo/delta/672a177d4112287a3584ca8e84561c2d2c33c7e9f1f4891c400984e933d864d4_svg/cube-sharp.svg","186","NOT_FOUND"
"svg/cube.svg","206cfe27886366db67638a5c9f946877c97c00948e02b425ae14efe212011a7c","orgs/938847bd-ad89-4ee4-a8cc-4e62f513379a/apps/com.emberlink.pubqdemo/delta/25391e915d5188ee6bc6c25df7cdfe2ff0153f25189704a0a10f8c67719a215e_svg/cube.svg","445","NOT_FOUND"
"svg/cut-outline.svg","3a4956a3be472a7c9d6eabcdd1c5c2d5cf1eaab94a569314680d5655f90a8e58","orgs/938847bd-ad89-4ee4-a8cc-4e62f513379a/apps/com.emberlink.pubqdemo/delta/1282fe850f8e61b6bec1d52da8cf30f454f6e1870f666c7eef2f521f2d414862_svg/cut-outline.svg","915","NOT_FOUND"
"svg/cut-sharp.svg","c6efde5953c3c7290a9bbb6c2370133e10a2d9b16de8b1772579e60ed16287d8","orgs/938847bd-ad89-4ee4-a8cc-4e62f513379a/apps/com.emberlink.pubqdemo/delta/5fa78ad07abbe55e33c5c2544cc07fc3257db5b94e1f1402eac39d54b6e08203_svg/cut-sharp.svg","425","NOT_FOUND"
"svg/cut.svg","378c627d600a61df8e4849ca46230958c10830525f296a9c4b23c01adeae4438","orgs/938847bd-ad89-4ee4-a8cc-4e62f513379a/apps/com.emberlink.pubqdemo/delta/edacd83366f11717cbb09c2ab81ef00268a1efcbf09cffb3ec3e4931f991fda5_svg/cut.svg","767","NOT_FOUND"
"svg/desktop-outline.svg","eac4ad170ebe950d0c5cf2343b4429d592dfd7545097ae78e2e65f07cc48cf72","orgs/938847bd-ad89-4ee4-a8cc-4e62f513379a/apps/com.emberlink.pubqdemo/delta/0894d690019f0fdb74e8d519cc0b00a91aa34498164f7161690dbc2aefd1932a_svg/desktop-outline.svg","569","NOT_FOUND"
"svg/desktop-sharp.svg","7058f73bdfb611a34eda40f9de9d65d38b0c71e33c123d5a76042ad2d9161286","orgs/938847bd-ad89-4ee4-a8cc-4e62f513379a/apps/com.emberlink.pubqdemo/delta/5f8e57990425e72325cf788ae7be80523bf2d130533dc018ac677c1009f17428_svg/desktop-sharp.svg","299","NOT_FOUND"
"svg/desktop.svg","8be2eb99282a4f9df930f6fdfe7b16a9c323dba4f27640c0d1df21ce5d5c2a16","orgs/938847bd-ad89-4ee4-a8cc-4e62f513379a/apps/com.emberlink.pubqdemo/delta/a4159906d1f206f030c098698efa0bb8ca38ff27f93332f532af6dc9391f1ed1_svg/desktop.svg","341","NOT_FOUND"
"svg/diamond-outline.svg","8f8c2b83741951a7022641942ef3a6cd42ba3f35ad802b1b43418e383d18598f","orgs/938847bd-ad89-4ee4-a8cc-4e62f513379a/apps/com.emberlink.pubqdemo/delta/09eef46352b82b71917dec58c33a5f789b6ff55a56bfcf8c226a5b85344cccf6_svg/diamond-outline.svg","593","NOT_FOUND"
"svg/diamond-sharp.svg","1a1895cfe2c75ac3d1143deef78d41aca82bfb255ca9cb567b26ece23bb11241","orgs/938847bd-ad89-4ee4-a8cc-4e62f513379a/apps/com.emberlink.pubqdemo/delta/d550d34208520a7ea3a0b9af8f6af6738d3b6f0c6b73540ba49c49b9daf125d8_svg/diamond-sharp.svg","325","NOT_FOUND"
"svg/diamond.svg","05057d52717dd9c7d1924322d3449cf44cd0a0e26cea7423525a77057b079f61","orgs/938847bd-ad89-4ee4-a8cc-4e62f513379a/apps/com.emberlink.pubqdemo/delta/548842c9c49a0736e5ccc19320e3a6e341e60899b8d64849975136932d06117d_svg/diamond.svg","959","NOT_FOUND"
"svg/dice-outline.svg","3ebe3c856f89a5008d5bf6d318ecc35f26db97a278fb4fe6f59e14066f06eed8","orgs/938847bd-ad89-4ee4-a8cc-4e62f513379a/apps/com.emberlink.pubqdemo/delta/29f31997df72818317d2218f1bad0b0569afb95dfe2c5a06f8850a81713d4e65_svg/dice-outline.svg","848","NOT_FOUND"
"svg/dice-sharp.svg","323f92a9d64083badae7538c3b6f8fa969227a1b4e4f2cf4170201095133692d","orgs/938847bd-ad89-4ee4-a8cc-4e62f513379a/apps/com.emberlink.pubqdemo/delta/788aa43c76f79abb5454048e96271ec3d5a9f86509a6de4c70ce433113e314b8_svg/dice-sharp.svg","692","NOT_FOUND"
"svg/dice.svg","31fee919df3917afcc2f72bc868b42ababe41f01893f34c210035029d24f7de1","orgs/938847bd-ad89-4ee4-a8cc-4e62f513379a/apps/com.emberlink.pubqdemo/delta/042dc9843dcf13089e7447454633ccd4d0c026c0fc156d476a98384be8c378fc_svg/dice.svg","983","NOT_FOUND"
"svg/disc-outline.svg","b52acff950567db045eb0bcedf1f4fab987b91514a7e73a5db514d0c2bd9cb5d","orgs/938847bd-ad89-4ee4-a8cc-4e62f513379a/apps/com.emberlink.pubqdemo/delta/a5ac0b63205b3bdc3934f8f96479740fbd9d85a0df4214fcdd917198d09af204_svg/disc-outline.svg","327","NOT_FOUND"
"svg/disc-sharp.svg","c4f71684ae3f8d26e012052003ecb499009ecba8bc2a7dd009bb1e0e7053a80c","orgs/938847bd-ad89-4ee4-a8cc-4e62f513379a/apps/com.emberlink.pubqdemo/delta/501527e5fd744d2bb9ecfa65302b362f153b12d95ac4fc0aa956fd1c4e3a72b8_svg/disc-sharp.svg","247","NOT_FOUND"
"svg/disc.svg","09fdc515df9e55ff57d68c2989b55e341b3fd20e0de7d87dd01e530537d8a47a","orgs/938847bd-ad89-4ee4-a8cc-4e62f513379a/apps/com.emberlink.pubqdemo/delta/c1a971c3cded2d8929da3b1a2b2436073f784b56d72901ce58aa97925d7b777e_svg/disc.svg","325","NOT_FOUND"
"svg/document-attach-outline.svg","1291346b4dfbf59429543774c5d6ea467163ce122da4e65c4cdb84adca0f7a08","orgs/938847bd-ad89-4ee4-a8cc-4e62f513379a/apps/com.emberlink.pubqdemo/delta/a2660ddad159f7551bca472400f389279f02abdf2b48373f8eb014cd1e265f0a_svg/document-attach-outline.svg","708","NOT_FOUND"
"svg/document-attach-sharp.svg","b269d222b7d6a019f9a98d8c0f52e5d066bd24534aba746e59033bcf6a921f3e","orgs/938847bd-ad89-4ee4-a8cc-4e62f513379a/apps/com.emberlink.pubqdemo/delta/cae7aa74ac7068880c216fafcf2324520cfb700b40c5e5803e6f3c5143b52c15_svg/document-attach-sharp.svg","665","NOT_FOUND"
"svg/document-attach.svg","df05e5b98c3ad34b3314e3aba0b383dba7496c1cde59af02c3fb9c349179fac5","orgs/938847bd-ad89-4ee4-a8cc-4e62f513379a/apps/com.emberlink.pubqdemo/delta/831d721f63d118c6061b454fd8aeebeccbb6876aea514e8588b38b8b8ccbf26b_svg/document-attach.svg","731","NOT_FOUND"
"svg/document-lock-outline.svg","b882c548379063222b05a74e339248e3a701737a58c3cc40c14b593f79bd0eb8","orgs/938847bd-ad89-4ee4-a8cc-4e62f513379a/apps/com.emberlink.pubqdemo/delta/23ff04fcbcc5e072b148dc81e7900439dbb981286db7182823ec98c0a538db90_svg/document-lock-outline.svg","721","NOT_FOUND"
"svg/document-lock-sharp.svg","238202cdee89934d0eb34b90472c6c4fdfdf18ab0d6c05bc47dcc1702f18623b","orgs/938847bd-ad89-4ee4-a8cc-4e62f513379a/apps/com.emberlink.pubqdemo/delta/33a01838fc1b42352c82017dbde353cf8b2ab879d623dd519237d7a1f27a73b3_svg/document-lock-sharp.svg","515","NOT_FOUND"
"svg/document-lock.svg","347788a06a348faef85e4f369376ebd28321aaf28703816cd4e01522e536e04c","orgs/938847bd-ad89-4ee4-a8cc-4e62f513379a/apps/com.emberlink.pubqdemo/delta/62af1d3b744329e5f574700983fe00dd50f4c892236da35196f481265442f9cd_svg/document-lock.svg","524","NOT_FOUND"
"svg/document-outline.svg","1a050e2e4454445b88756cfee48b51a41fb4a48ae68931709e842e2bd1560b22","orgs/938847bd-ad89-4ee4-a8cc-4e62f513379a/apps/com.emberlink.pubqdemo/delta/f2cb77c1b6f7c7c6f6934739f3a46d994717321d5cbcfc36442d326663e365dd_svg/document-outline.svg","449","NOT_FOUND"
"svg/document-sharp.svg","39a8a4ca5b02a88fd32d8d3d5665027b295d026623476cb9b934947d9c9ac5ea","orgs/938847bd-ad89-4ee4-a8cc-4e62f513379a/apps/com.emberlink.pubqdemo/delta/e5f730d9063f13a40819958e1b0ebfce68850a942fac095fdf02e3157eff7984_svg/document-sharp.svg","294","NOT_FOUND"
"svg/document-text-outline.svg","eabfdad6b79d3ffb9db00524291f8fb2cfb7f0f98b1c339c5fc2ad64a9cc4c85","orgs/938847bd-ad89-4ee4-a8cc-4e62f513379a/apps/com.emberlink.pubqdemo/delta/43f64871858290be29c78c91b6ba67cac4cc96a96a0cf4d8b0ea1448b660f20d_svg/document-text-outline.svg","473","NOT_FOUND"
"svg/document-text-sharp.svg","0b315beb2e73abc6855c19960d995688b23fed24b93e7142ceff3a15ab8b6d18","orgs/938847bd-ad89-4ee4-a8cc-4e62f513379a/apps/com.emberlink.pubqdemo/delta/6cea2cc3092b1df10afa45df3eb478a7ea93455d688bbcc649a8695de1b48cf6_svg/document-text-sharp.svg","330","NOT_FOUND"
"svg/document-text.svg","a06d135eb037ed46d1db0ce3e7a0b368857cfcd82779a6195f3226391d5ba319","orgs/938847bd-ad89-4ee4-a8cc-4e62f513379a/apps/com.emberlink.pubqdemo/delta/fc25fb263ed8c30dcf2ace2fc53c3f26451ad2fe31f8cd17a0cc391b17d6b898_svg/document-text.svg","432","NOT_FOUND"
"svg/document.svg","c89701ed59787b64621a4713b8816cf0c52b7303faa8d4bbe2bbd2829f759ab8","orgs/938847bd-ad89-4ee4-a8cc-4e62f513379a/apps/com.emberlink.pubqdemo/delta/08a632a2186e1816dcba49b9dc313957012fbed37f9a1d7996c67d3decb691b1_svg/document.svg","335","NOT_FOUND"
"svg/documents-outline.svg","65fe5cd2eb09babaf8d20147abb9952256db1f3676ab98b9347a66cc37a8c56c","orgs/938847bd-ad89-4ee4-a8cc-4e62f513379a/apps/com.emberlink.pubqdemo/delta/701c249bc0e213887283b48751cf2a82f3218c21eeaa54a7c9b1aa60ca009aee_svg/documents-outline.svg","845","NOT_FOUND"
"svg/documents-sharp.svg","c6bc1567f26a457603ddb693a6ecb29d5ca93575269345c9dba5d22d3fc0742f","orgs/938847bd-ad89-4ee4-a8cc-4e62f513379a/apps/com.emberlink.pubqdemo/delta/70585eb5caa78348129574811c78e5d58afd612d178b2847c15952f1c79b7ecf_svg/documents-sharp.svg","460","NOT_FOUND"
"svg/documents.svg","80a277f0f2b54912a63c13e3c60c056ea0ef199a2f674b67fac84333d866050a","orgs/938847bd-ad89-4ee4-a8cc-4e62f513379a/apps/com.emberlink.pubqdemo/delta/ed6eac6d7aa993615d83b985c4d23d0d56163ce057f967513583100d5955b0ad_svg/documents.svg","609","NOT_FOUND"
"svg/download-outline.svg","d10054453c61208026d9e5e930ec6a63306514e09637d129eda39af834a6855f","orgs/938847bd-ad89-4ee4-a8cc-4e62f513379a/apps/com.emberlink.pubqdemo/delta/75b5f12e9680db9b4cdfa1f7d1d8d4f3735a97f8f7789ab39a4024b6e0b49993_svg/download-outline.svg","425","NOT_FOUND"
"svg/download-sharp.svg","6f402b86af20af23ea26dc0ae9f76fc28be3e3b8b1f8581e7892bdf4051cb381","orgs/938847bd-ad89-4ee4-a8cc-4e62f513379a/apps/com.emberlink.pubqdemo/delta/cd05f90c5cf6144c26a7f929e605061db4643ac3702d395e7a3c68ca4605f083_svg/download-sharp.svg","278","NOT_FOUND"
"svg/download.svg","0d4cb7d5c484608938444d1e81099d7855b2cac868ee10da22f7622fe7d4f897","orgs/938847bd-ad89-4ee4-a8cc-4e62f513379a/apps/com.emberlink.pubqdemo/delta/3d72664965eb3ecaf4f9216b89e08df95dd6db701964695b544ad63023455fa7_svg/download.svg","368","NOT_FOUND"
"svg/duplicate-outline.svg","5212264061cb73e26ea7ef3ddebc43fe3c1c96d8cc2c1631e194d33f3194c7ac","orgs/938847bd-ad89-4ee4-a8cc-4e62f513379a/apps/com.emberlink.pubqdemo/delta/6ebe57ba1fcb9c00042bae1102e81eab70d4e846a28e9d1da1d0be7039bfcc42_svg/duplicate-outline.svg","448","NOT_FOUND"
"svg/duplicate-sharp.svg","6eb8437d1236e4ca6ff8fae64d382a44deb68c2e506feacb7a5b2a1719346a09","orgs/938847bd-ad89-4ee4-a8cc-4e62f513379a/apps/com.emberlink.pubqdemo/delta/0a0271e03bf28c2ef783fdc72f9e2f3cf98c26cc1d8899bb28a70b4e9eb3ac61_svg/duplicate-sharp.svg","352","NOT_FOUND"
"svg/duplicate.svg","158ee5e28cf2d940cdbbe7a2374c66f03fd62297fb21f5384dd555c4d5e91bf0","orgs/938847bd-ad89-4ee4-a8cc-4e62f513379a/apps/com.emberlink.pubqdemo/delta/a2a4494d61aed3dbc7ae6bf6a3d855b75c6c05cf292d22fd76f3c61c2dc589c3_svg/duplicate.svg","559","NOT_FOUND"
"svg/ear-outline.svg","b2f2f11ca1aca637f665eba72c651fb5a4f49319affddf6476345b25be8b6a8e","orgs/938847bd-ad89-4ee4-a8cc-4e62f513379a/apps/com.emberlink.pubqdemo/delta/8bc694b3f99c1a0e3be62511aa2803674be3bdce55ce01c1a71211daef7f798d_svg/ear-outline.svg","711","NOT_FOUND"
"svg/ear-sharp.svg","1b1c3d81182cc8d5ec817aea9b19e8b1ef0917678197acd7881ca87a56a3ae6e","orgs/938847bd-ad89-4ee4-a8cc-4e62f513379a/apps/com.emberlink.pubqdemo/delta/b71d48901ffb2f7fbc573381cfad2575f9ad91371cc9bb02fc874b712fe9982c_svg/ear-sharp.svg","693","NOT_FOUND"
"svg/ear.svg","0ac0b06ece97efe39ebc4b60c4d09df4a9a4e9d803c1364f0b3d604d1f308924","orgs/938847bd-ad89-4ee4-a8cc-4e62f513379a/apps/com.emberlink.pubqdemo/delta/11d652605bd2e07c475d528fa458a6d824a2ed697c529d87ec5b7cd0da79b01d_svg/ear.svg","738","NOT_FOUND"
"svg/earth-outline.svg","f6e25e05da60b30674be59b7bf870588728ef564a6810c6c185cb3e1515f1bbd","orgs/938847bd-ad89-4ee4-a8cc-4e62f513379a/apps/com.emberlink.pubqdemo/delta/31a075bd50788413c351b7e5dcc8e7944edf7e6720d9afcc3b31e2bfb98ec234_svg/earth-outline.svg","3492","NOT_FOUND"
"svg/earth-sharp.svg","79614ad17770220278738dd696c3f89d245202c7fbef4f03f19207ec62992154","orgs/938847bd-ad89-4ee4-a8cc-4e62f513379a/apps/com.emberlink.pubqdemo/delta/fba7916d7a39355a4525f3b915a506a838c05f3958a40459347b4ad70de8961b_svg/earth-sharp.svg","2453","NOT_FOUND"
"svg/earth.svg","812ba0159696ac6b594e5b05be928ce69e27fad00022d21c7c90e85d7e81b0d6","orgs/938847bd-ad89-4ee4-a8cc-4e62f513379a/apps/com.emberlink.pubqdemo/delta/0605b3210a12b4b05cf92d22c54a3d3e8a0aa2dc81a912e78f6a98f1b76a427a_svg/earth.svg","2211","NOT_FOUND"
"svg/easel-outline.svg","a0f540bd30f219de2dcd39fcc54b11df4fe29799a9e94dfd74e2a132f99f774e","orgs/938847bd-ad89-4ee4-a8cc-4e62f513379a/apps/com.emberlink.pubqdemo/delta/2cb0a3b084efa58e67dd4bc61ce24de995f1bf1fb990b955a888fc4735355bc9_svg/easel-outline.svg","376","NOT_FOUND"
"svg/easel-sharp.svg","f470f24c1fb47bf3bc9e22ad38d98f25ff9203ba5cada2d9c870aa0f1b031993","orgs/938847bd-ad89-4ee4-a8cc-4e62f513379a/apps/com.emberlink.pubqdemo/delta/6a7dea777140511a54d88669c7113cbdf8eeb87cf3c223edf7584cc26ddfe065_svg/easel-sharp.svg","346","NOT_FOUND"
"svg/easel.svg","054397b96c8dfe9f50c885beee87729042c7dda6ea17a75daf270b94acdbdbe2","orgs/938847bd-ad89-4ee4-a8cc-4e62f513379a/apps/com.emberlink.pubqdemo/delta/e74d1bfc132f43f1f3e146a3766cf4711b4ee8d4f9cc5403c37c6e7f6f719f3f_svg/easel.svg","525","NOT_FOUND"
"svg/egg-outline.svg","5ab4295841db8715976b5c792b0bb91b903c52a47850f84f1974c08fd39c9728","orgs/938847bd-ad89-4ee4-a8cc-4e62f513379a/apps/com.emberlink.pubqdemo/delta/a24ae7c4e55f6768d48017cacd2e34fa1c2e6bb22295d19590a93f419f005547_svg/egg-outline.svg","252","NOT_FOUND"
"svg/egg-sharp.svg","974d0ca08d87bc49ab1920b30ae660455ee6403f8a634739ed97e9c26f65b882","orgs/938847bd-ad89-4ee4-a8cc-4e62f513379a/apps/com.emberlink.pubqdemo/delta/0c436a4228e157bcd985fbecef5d402e3cab1b838e2c93e17288238db65aec11_svg/egg-sharp.svg","532","NOT_FOUND"
"svg/egg.svg","4e5d2554946f06e9acfe623db08d9b577cf091775d7f472d7abf3d393a819fce","orgs/938847bd-ad89-4ee4-a8cc-4e62f513379a/apps/com.emberlink.pubqdemo/delta/27bf80cc2d45a095027e90c2cd4c050439c8cb9d7a198625aa3eeb7e64efff1d_svg/egg.svg","341","NOT_FOUND"
"svg/ellipse-outline.svg","242c17d8bcb6d7f7927ed51e155bf1c86ad46a74345d5d928b169f9353d8ef42","orgs/938847bd-ad89-4ee4-a8cc-4e62f513379a/apps/com.emberlink.pubqdemo/delta/40c55c539349432ed23251da24081e7b0c0b17d4d403a30fedb6372dcd09754c_svg/ellipse-outline.svg","213","NOT_FOUND"
"svg/ellipse-sharp.svg","c6eb4c48f539eb53705b1b5a9fa337760f7dead325429c4524806c529c28fca7","orgs/938847bd-ad89-4ee4-a8cc-4e62f513379a/apps/com.emberlink.pubqdemo/delta/34e0b4162f658da7677e8ca6c1e932b4d1526fc7c2c1c9c7c6cdc036d6ced014_svg/ellipse-sharp.svg","185","NOT_FOUND"
"svg/ellipse.svg","c6eb4c48f539eb53705b1b5a9fa337760f7dead325429c4524806c529c28fca7","orgs/938847bd-ad89-4ee4-a8cc-4e62f513379a/apps/com.emberlink.pubqdemo/delta/34e0b4162f658da7677e8ca6c1e932b4d1526fc7c2c1c9c7c6cdc036d6ced014_svg/ellipse.svg","185","NOT_FOUND"
"svg/ellipsis-horizontal-circle-outline.svg","5a9888a636748feff7b6fc3a3389675266e672b8ee6cff4ee6d4d2f4e3ebc008","orgs/938847bd-ad89-4ee4-a8cc-4e62f513379a/apps/com.emberlink.pubqdemo/delta/34a7a45a02af70af13719a412fc39a5e2732ff0d9fe1991ecde468b7a4be20df_svg/ellipsis-horizontal-circle-outline.svg","342","NOT_FOUND"
"svg/ellipsis-horizontal-circle-sharp.svg","5a2ac3c34529ab200cdaae852016323338cb9a597e6a5ff846f21dd630d6cfb6","orgs/938847bd-ad89-4ee4-a8cc-4e62f513379a/apps/com.emberlink.pubqdemo/delta/69809c725211e471423f8754432fad11275441cfdbb16a70a826d41921c6d41d_svg/ellipsis-horizontal-circle-sharp.svg","309","NOT_FOUND"
"svg/ellipsis-horizontal-circle.svg","5a2ac3c34529ab200cdaae852016323338cb9a597e6a5ff846f21dd630d6cfb6","orgs/938847bd-ad89-4ee4-a8cc-4e62f513379a/apps/com.emberlink.pubqdemo/delta/69809c725211e471423f8754432fad11275441cfdbb16a70a826d41921c6d41d_svg/ellipsis-horizontal-circle.svg","309","NOT_FOUND"
"svg/ellipsis-horizontal-outline.svg","bd1f58e9f2fa8eeb8e094e11162f8ae38a64354cd47747c6474eb0c3609bc925","orgs/938847bd-ad89-4ee4-a8cc-4e62f513379a/apps/com.emberlink.pubqdemo/delta/6261490ed5d2e244068a7160b823eafe2e1566a18cc6b3342e1f77695aa71f3e_svg/ellipsis-horizontal-outline.svg","395","NOT_FOUND"
"svg/ellipsis-horizontal-sharp.svg","7ddc671783b452c8586441de6b78bd3f284266df3c646977054d59bf3eadcdd7","orgs/938847bd-ad89-4ee4-a8cc-4e62f513379a/apps/com.emberlink.pubqdemo/delta/43813f0a940abeecd5f7258b41f9c0ebda81c4e51839f062324c76c543038a98_svg/ellipsis-horizontal-sharp.svg","185","NOT_FOUND"
"svg/ellipsis-horizontal.svg","7ddc671783b452c8586441de6b78bd3f284266df3c646977054d59bf3eadcdd7","orgs/938847bd-ad89-4ee4-a8cc-4e62f513379a/apps/com.emberlink.pubqdemo/delta/43813f0a940abeecd5f7258b41f9c0ebda81c4e51839f062324c76c543038a98_svg/ellipsis-horizontal.svg","185","NOT_FOUND"
"svg/ellipsis-vertical-circle-outline.svg","e9aa96eaa0ad6ebc1637b96431361554d3ca3102f64196d50256256137ed1400","orgs/938847bd-ad89-4ee4-a8cc-4e62f513379a/apps/com.emberlink.pubqdemo/delta/3eb97119be7bb1a4be4a3c1f0dba137aeeeb58f108487dd4c933fa99526c4486_svg/ellipsis-vertical-circle-outline.svg","342","NOT_FOUND"
"svg/ellipsis-vertical-circle-sharp.svg","70ba6c6697397d20c73a3b01c7c1c1da6d08e99b0227c0dccd7a6a2d8e3328bf","orgs/938847bd-ad89-4ee4-a8cc-4e62f513379a/apps/com.emberlink.pubqdemo/delta/530e3dde3fcccb46e310e8138a2cd615730027f8d121235db9a9a4f951b4c2e7_svg/ellipsis-vertical-circle-sharp.svg","310","NOT_FOUND"
"svg/ellipsis-vertical-circle.svg","70ba6c6697397d20c73a3b01c7c1c1da6d08e99b0227c0dccd7a6a2d8e3328bf","orgs/938847bd-ad89-4ee4-a8cc-4e62f513379a/apps/com.emberlink.pubqdemo/delta/530e3dde3fcccb46e310e8138a2cd615730027f8d121235db9a9a4f951b4c2e7_svg/ellipsis-vertical-circle.svg","310","NOT_FOUND"
"svg/ellipsis-vertical-outline.svg","f4466e59d08d45a4ca8e6d64f280a9ee5b8945b0e3d4801bece8464267a67c8b","orgs/938847bd-ad89-4ee4-a8cc-4e62f513379a/apps/com.emberlink.pubqdemo/delta/5f9814dc9c5557b309317fe543ca004b4d5dae8634fe12c3e4510f3056051518_svg/ellipsis-vertical-outline.svg","395","NOT_FOUND"
"svg/ellipsis-vertical-sharp.svg","f523592c100a14d9968bdc74c12f8e7cb63fb1a343d919884165e23e620c5441","orgs/938847bd-ad89-4ee4-a8cc-4e62f513379a/apps/com.emberlink.pubqdemo/delta/68d8fffcc861e01cfb02430676b6a9df91bbeae16af94a4e6449c7cc3669a65a_svg/ellipsis-vertical-sharp.svg","185","NOT_FOUND"
"svg/ellipsis-vertical.svg","f523592c100a14d9968bdc74c12f8e7cb63fb1a343d919884165e23e620c5441","orgs/938847bd-ad89-4ee4-a8cc-4e62f513379a/apps/com.emberlink.pubqdemo/delta/68d8fffcc861e01cfb02430676b6a9df91bbeae16af94a4e6449c7cc3669a65a_svg/ellipsis-vertical.svg","185","NOT_FOUND"
"svg/enter-outline.svg","4b7221683aaa97f2f76baa672058b13f1a019f64a96cef0f0af919d032164513","orgs/938847bd-ad89-4ee4-a8cc-4e62f513379a/apps/com.emberlink.pubqdemo/delta/9991c5723db8952867687fa5230c222c3b966c7b0c151b87a62d552c5ae6528c_svg/enter-outline.svg","427","NOT_FOUND"
"svg/enter-sharp.svg","259b6ebe184cd4e207649fafca6098381926f298dcecc614095d950587cb0747","orgs/938847bd-ad89-4ee4-a8cc-4e62f513379a/apps/com.emberlink.pubqdemo/delta/f9362efdbe48a3557fe20134fd2533222cdec4caf93197d555f12d1102347d11_svg/enter-sharp.svg","278","NOT_FOUND"
"svg/enter.svg","257b764c0505cc9ab34122034d32c10b171110c8e8f206e5f875b6eec540905b","orgs/938847bd-ad89-4ee4-a8cc-4e62f513379a/apps/com.emberlink.pubqdemo/delta/78b4cfc5ca3683191c437dfc222554bec75c1618e601b5aa8db7ca0bc7984f03_svg/enter.svg","369","NOT_FOUND"
"svg/exit-outline.svg","9adf14a2b064bd91aab399cc6434c6c4d4a6f02d827cde4364103619c51c1e1f","orgs/938847bd-ad89-4ee4-a8cc-4e62f513379a/apps/com.emberlink.pubqdemo/delta/4d56c42590bbbcb46aa3076a3a320e6281ae9429973676f3c72db2e39cd69d76_svg/exit-outline.svg","321","NOT_FOUND"
"svg/exit-sharp.svg","fec625f58c997e4e097b7189b227de478e9f5e738541b9f60b8e4672de7e5a1f","orgs/938847bd-ad89-4ee4-a8cc-4e62f513379a/apps/com.emberlink.pubqdemo/delta/226035f4d2c5a119292398eb1648171700a32facb26e9d7918e7402d3f3beaaa_svg/exit-sharp.svg","292","NOT_FOUND"
"svg/exit.svg","1e9e4687239253adf6ea2fc7415f7082c1f1ccd3dd8299166e37964d8228cb82","orgs/938847bd-ad89-4ee4-a8cc-4e62f513379a/apps/com.emberlink.pubqdemo/delta/5efe270a1bdb20caca6bf3c51bbc7490d1352d96c188c82a7c974e3570b79309_svg/exit.svg","368","NOT_FOUND"
"svg/expand-outline.svg","a5bf49bfb3d8dc018cab626b3fca0d4a852d9182647a511ffa3bf958c80c7fc9","orgs/938847bd-ad89-4ee4-a8cc-4e62f513379a/apps/com.emberlink.pubqdemo/delta/265ae5e80b64060905121646ad8af430dc11da329745ff600615b7fcb07fe9e9_svg/expand-outline.svg","330","NOT_FOUND"
"svg/expand-sharp.svg","3de1956dd970900dcfeb8f8468fbc9cbdaf24892a7eb601e4a059e77779a6710","orgs/938847bd-ad89-4ee4-a8cc-4e62f513379a/apps/com.emberlink.pubqdemo/delta/6bfcd6ecb8eb41b8b0bae5e632cd9d8a0514e9ffeb1ad06a303ef41096c78748_svg/expand-sharp.svg","330","NOT_FOUND"
"svg/expand.svg","a5bf49bfb3d8dc018cab626b3fca0d4a852d9182647a511ffa3bf958c80c7fc9","orgs/938847bd-ad89-4ee4-a8cc-4e62f513379a/apps/com.emberlink.pubqdemo/delta/265ae5e80b64060905121646ad8af430dc11da329745ff600615b7fcb07fe9e9_svg/expand.svg","330","NOT_FOUND"
"svg/extension-puzzle-outline.svg","028075c393ef08fb65e58662d81b3ea1820ff03b8f8bd2836bb657f82f453850","orgs/938847bd-ad89-4ee4-a8cc-4e62f513379a/apps/com.emberlink.pubqdemo/delta/69dd450110c218be782b40a6ce10b897328f6577f768f4a9ef608b3244531706_svg/extension-puzzle-outline.svg","747","NOT_FOUND"
"svg/extension-puzzle-sharp.svg","d80a5afbe59b22c3e3067c158ead10cdf54f418ff3588918012283069230607b","orgs/938847bd-ad89-4ee4-a8cc-4e62f513379a/apps/com.emberlink.pubqdemo/delta/2e690e4e6e7f4802a46cbf993bcfed1cadfc75ade0e4430445a0871375ab6459_svg/extension-puzzle-sharp.svg","670","NOT_FOUND"
"svg/extension-puzzle.svg","5e9a5a4f2ab47a90da679177f09a319abbb7623956412ec02068ef14483d02d9","orgs/938847bd-ad89-4ee4-a8cc-4e62f513379a/apps/com.emberlink.pubqdemo/delta/ddf333b460b6d4c7466f1f62a74847bf26e82e33c117c7ede8a5c39133ce2406_svg/extension-puzzle.svg","731","NOT_FOUND"
"svg/eye-off-outline.svg","b01d6304ca6e702736d6d72f1ed9d7ba87031c24fa65f3240ffbc16464a5d6d6","orgs/938847bd-ad89-4ee4-a8cc-4e62f513379a/apps/com.emberlink.pubqdemo/delta/5bb02ada223671dc58d82f93c9e2d480d9a665636ad9ccaec58f3ab3097b2357_svg/eye-off-outline.svg","1169","NOT_FOUND"
"svg/eye-off-sharp.svg","58ce6f47051a0fa67e3d9c9ebb8c2de48d3eb41b4b3524d328bc2abbb9fd2ebf","orgs/938847bd-ad89-4ee4-a8cc-4e62f513379a/apps/com.emberlink.pubqdemo/delta/f56541ab6b2372964a0f7ed1872cc9ba1c48d4749685eb3f7597ab3784862744_svg/eye-off-sharp.svg","699","NOT_FOUND"
"svg/eye-off.svg","b432d6d6187accc44f9a7af71897307f22c649251b4f56b46b75b4434a5fe0e3","orgs/938847bd-ad89-4ee4-a8cc-4e62f513379a/apps/com.emberlink.pubqdemo/delta/2293b3d3d0177eeaba8c64edd9b1362c223900c91e76b03488496e81585834cb_svg/eye-off.svg","989","NOT_FOUND"
"svg/eye-outline.svg","5850f18c65441b7bfd1e5758ffd905f6d01a167ad27e05752fb7687bfa9f570b","orgs/938847bd-ad89-4ee4-a8cc-4e62f513379a/apps/com.emberlink.pubqdemo/delta/1f3c523c1ab522b9f54eec7692276ae960d829ce22ee50986a28365962c3c1d6_svg/eye-outline.svg","492","NOT_FOUND"
"svg/eye-sharp.svg","ae61763680c5e64a9e1d9912f7d4a8a45ddf458b229b312e8fbba151d87ea02c","orgs/938847bd-ad89-4ee4-a8cc-4e62f513379a/apps/com.emberlink.pubqdemo/delta/c59615f007d6071b160c9ae07fa11b3bdf178b6176da9839ce2d3ef4b1d7e333_svg/eye-sharp.svg","457","NOT_FOUND"
"svg/eye.svg","593f99fff8b112d5d17e48f7ce2fbc7a97f5bb7c1603327c20f76cc8520c7ab6","orgs/938847bd-ad89-4ee4-a8cc-4e62f513379a/apps/com.emberlink.pubqdemo/delta/347d3c707d71a2853ff403895aa6222cbc1760ac1e9d4fd66bf9d3854a86a616_svg/eye.svg","518","NOT_FOUND"
"svg/eyedrop-outline.svg","28a0c046b8f273627f0c4ed0180dc293b166c8a18f9c8bf4eb1acba9d17c1d49","orgs/938847bd-ad89-4ee4-a8cc-4e62f513379a/apps/com.emberlink.pubqdemo/delta/72961c7157f12d847b7ceac3eeb05b096716e301448c7c2988acf31836e2ea7b_svg/eyedrop-outline.svg","804","NOT_FOUND"
"svg/eyedrop-sharp.svg","72d4d7ce4d673689f3698746236ec219d8aa0d69074e3026dc1e6c79165f2be0","orgs/938847bd-ad89-4ee4-a8cc-4e62f513379a/apps/com.emberlink.pubqdemo/delta/dc2e656baacc32b5759b6101f0e7dcab8d68eece3a44e11c517ee66d2210fbac_svg/eyedrop-sharp.svg","437","NOT_FOUND"
"svg/eyedrop.svg","c3f5ce9db3ebf070a157cb0463c6bec672280d86fa93c1b2dbcb0024b1bedcdb","orgs/938847bd-ad89-4ee4-a8cc-4e62f513379a/apps/com.emberlink.pubqdemo/delta/d1b9b2a1154a2ce2c6a9f3be8d1637debca4bee3d706796ddc670c1ce7630f06_svg/eyedrop.svg","772","NOT_FOUND"
"svg/fast-food-outline.svg","3bbc79fe8d6aab6d006d9b14ab9a63a53f0f30f6ceee74918f0f6d70cba9cdf2","orgs/938847bd-ad89-4ee4-a8cc-4e62f513379a/apps/com.emberlink.pubqdemo/delta/1e1fc91691e3db5751a6f0fd5d1968e202009934f2c46b1538d83f097d679516_svg/fast-food-outline.svg","1120","NOT_FOUND"
"svg/fast-food-sharp.svg","e0480feaa3e7263c00673f2b3225f0bd91288ec1e93dec563f059f4ed6192a98","orgs/938847bd-ad89-4ee4-a8cc-4e62f513379a/apps/com.emberlink.pubqdemo/delta/ba02edcb74e2fd0021204804bbca10e21c3abebfba29a804d6ad04225312e8fc_svg/fast-food-sharp.svg","910","NOT_FOUND"
"svg/fast-food.svg","d55ab24557a5e8d52897dff1409d85882aa1d844e4d988be117845ae7777b131","orgs/938847bd-ad89-4ee4-a8cc-4e62f513379a/apps/com.emberlink.pubqdemo/delta/bdb3169c640fb74d5966566ec1a07416b8aeec5d3e1f669c4e31ff3af0164ae5_svg/fast-food.svg","1452","NOT_FOUND"
"svg/female-outline.svg","a9e066ec97fbc238824ac809b11de940912797d6d7670bb11211bea5a56b5bf5","orgs/938847bd-ad89-4ee4-a8cc-4e62f513379a/apps/com.emberlink.pubqdemo/delta/a4fde7d74447df178100f01ceb0faf7b0899160900ad2fd2f245d6ad9ddc311e_svg/female-outline.svg","343","NOT_FOUND"
"svg/female-sharp.svg","311188e7370594a4a15451c6f607755da1b72de266a6b035a086a1bc5e51f06c","orgs/938847bd-ad89-4ee4-a8cc-4e62f513379a/apps/com.emberlink.pubqdemo/delta/978fa9a9c703b50801f159792d69bd23ae7dec81b6e3bbe9f51be9a492e41678_svg/female-sharp.svg","338","NOT_FOUND"
"svg/female.svg","3931b66f9c2400c3f8db6c297fecf66a7d5bc82a25c08099386b47f2193676a6","orgs/938847bd-ad89-4ee4-a8cc-4e62f513379a/apps/com.emberlink.pubqdemo/delta/8943bed5c807a5d0f24f47dc8bc9dc7cda7e9ec432b8732b0e75e923458ae290_svg/female.svg","379","NOT_FOUND"
"svg/file-tray-full-outline.svg","336b8a362329d8bcc461418daf94395336fa4cf137ff0fd93a10365b6392c21c","orgs/938847bd-ad89-4ee4-a8cc-4e62f513379a/apps/com.emberlink.pubqdemo/delta/cd44f8a897bb3e29a3526f93260ddb0b95d22724a67c3e0611ef1c3da66f0154_svg/file-tray-full-outline.svg","469","NOT_FOUND"
"svg/file-tray-full-sharp.svg","edc8df305196d98db2f91025a2542ffc5dee2dd8ae3aeaaa9a9bd806b30cb7e8","orgs/938847bd-ad89-4ee4-a8cc-4e62f513379a/apps/com.emberlink.pubqdemo/delta/645e4007e566bf53982866fe29ec0314b8b713885c778693385b5a3b09a8729e_svg/file-tray-full-sharp.svg","223","NOT_FOUND"
"svg/file-tray-full.svg","4cb893f89f98d457844f23758a9ac33ab175ca8c22cab1bdccd8e10b64f939c7","orgs/938847bd-ad89-4ee4-a8cc-4e62f513379a/apps/com.emberlink.pubqdemo/delta/d0c1581bb47b04153bc379fac989f1964a4e3b0728a1efbcda2a9ea9a08a1345_svg/file-tray-full.svg","655","NOT_FOUND"
"svg/file-tray-outline.svg","8f7b99c62fb35a16a1bdc321ebd110a8e0c0ace94a9b584a0b2cb598a07b6d77","orgs/938847bd-ad89-4ee4-a8cc-4e62f513379a/apps/com.emberlink.pubqdemo/delta/75658002d257bcd50e8cc30bab25b1beb60dc1567c224ce4e55aefc07899eb61_svg/file-tray-outline.svg","445","NOT_FOUND"
"svg/file-tray-sharp.svg","5b6742900bce27662151b0a203af7e06c7c1bfeffca7100be2d3c966109fab8d","orgs/938847bd-ad89-4ee4-a8cc-4e62f513379a/apps/com.emberlink.pubqdemo/delta/2ec9fe7bb4ebd640d13a797cd934826e827b03405c265fb644aad4cde6448de7_svg/file-tray-sharp.svg","171","NOT_FOUND"
"svg/file-tray-stacked-outline.svg","9f028602e473977d9b83a075e217b74a0bad4124f763fbc410ccc1a3039747bb","orgs/938847bd-ad89-4ee4-a8cc-4e62f513379a/apps/com.emberlink.pubqdemo/delta/ad2f3938852b4e49d7c9868d20f9ed736913f5949afaa164d5c1123e09555994_svg/file-tray-stacked-outline.svg","747","NOT_FOUND"
"svg/file-tray-stacked-sharp.svg","c2f2e567b620769e7f6c1a2bda14b602cd32216a13648aa2ce4bdeab7f1465f3","orgs/938847bd-ad89-4ee4-a8cc-4e62f513379a/apps/com.emberlink.pubqdemo/delta/74cedb6769a023ba33c3dab4744f9828cdd07c6f780cc9bccae243d3bb579748_svg/file-tray-stacked-sharp.svg","212","NOT_FOUND"
"svg/file-tray-stacked.svg","d03e9fe80556b6b7292100147a3e472f593dc542c69e7a8cfe227218ad88192c","orgs/938847bd-ad89-4ee4-a8cc-4e62f513379a/apps/com.emberlink.pubqdemo/delta/6f3ffaac6017842f19f1b80ddf6e90539d9357bdc8dd7d870b8e323378040c03_svg/file-tray-stacked.svg","692","NOT_FOUND"
"svg/file-tray.svg","cd90fa2a0cf8c1b820aba95ce433c561cca1e800c48a9bafea9407ea2351cf0a","orgs/938847bd-ad89-4ee4-a8cc-4e62f513379a/apps/com.emberlink.pubqdemo/delta/987cd96487426f291cf4d94094ed9c80f89c374c2dc6b3d28d1a760bd8475092_svg/file-tray.svg","543","NOT_FOUND"
"svg/film-outline.svg","1e122e6466611eab105af010a9b907aa8a888e0367dc01e75f92f4790f299925","orgs/938847bd-ad89-4ee4-a8cc-4e62f513379a/apps/com.emberlink.pubqdemo/delta/5c873fba8f5bd71c4e9b5777d5a6dcfdb4d02b4e9c275a9832e59032d0f64b51_svg/film-outline.svg","1544","NOT_FOUND"
"svg/film-sharp.svg","bda2e80978583dbc5317a00662340866a65d3f919a8750612c8e69702c296629","orgs/938847bd-ad89-4ee4-a8cc-4e62f513379a/apps/com.emberlink.pubqdemo/delta/e29454376cb5c0c4e8ef020a4e520f78f48df6030c960686a13cfb35c2de000e_svg/film-sharp.svg","272","NOT_FOUND"
"svg/film.svg","a0d2e3763503e928921bfc08ef2cfd3b3ad6be923132180f02a3831a5731cacf","orgs/938847bd-ad89-4ee4-a8cc-4e62f513379a/apps/com.emberlink.pubqdemo/delta/3dfdd758c96854e63c83500898161bff0bf6bff637993228e81401f93781999c_svg/film.svg","987","NOT_FOUND"
"svg/filter-circle-outline.svg","ab17869df34e1d4b04ee6fc9bf37a32f008a5956cf9c79997540864dd2d383d7","orgs/938847bd-ad89-4ee4-a8cc-4e62f513379a/apps/com.emberlink.pubqdemo/delta/5d925c5c90f312f589def5c9dad7c4d5dc20da84541cf7c08f60495a12962fbd_svg/filter-circle-outline.svg","381","NOT_FOUND"
"svg/filter-circle-sharp.svg","1879835871043294464b273cca232e2f82d2e44b0085efce048043cd24218366","orgs/938847bd-ad89-4ee4-a8cc-4e62f513379a/apps/com.emberlink.pubqdemo/delta/a900ad646e01e242f207d302cc066d49771d86b6af5af41fc09ba5386f6ad98f_svg/filter-circle-sharp.svg","240","NOT_FOUND"
"svg/filter-circle.svg","0935fc5665fd4bb567e6eee4cbc631b494d26d84e7e9204885bed4db06860d09","orgs/938847bd-ad89-4ee4-a8cc-4e62f513379a/apps/com.emberlink.pubqdemo/delta/3aa02ea069870039691dc68a066b0fb64c00f04010f7f9bf9a259fe4fe4a6bdd_svg/filter-circle.svg","327","NOT_FOUND"
"svg/filter-outline.svg","93cda0ea80ab0b9547383d5908ca3a2c1c51ae4dd570d4f8cfbe2676314f913f","orgs/938847bd-ad89-4ee4-a8cc-4e62f513379a/apps/com.emberlink.pubqdemo/delta/f487919784386ef8d262929eced959b61557babc6dea3c565bcfe15dc90bd9a5_svg/filter-outline.svg","224","NOT_FOUND"
"svg/filter-sharp.svg","9a0e24f1cabd3d340148a0274d81f579e215d1e061825ba4069f411bcf8bf1d1","orgs/938847bd-ad89-4ee4-a8cc-4e62f513379a/apps/com.emberlink.pubqdemo/delta/6042ae1d23f359abd8b26213034c30f7e1c247b6d5491dbe51859b179369d0eb_svg/filter-sharp.svg","152","NOT_FOUND"
"svg/filter.svg","84f22c1098644fee526229b49a932f0a0870e1da40f2a4e76fd9b04426c5046b","orgs/938847bd-ad89-4ee4-a8cc-4e62f513379a/apps/com.emberlink.pubqdemo/delta/06c8dd4a43634f6569d8397154e6037a40021ebbd41e55eb96c6ece5585b24a2_svg/filter.svg","244","NOT_FOUND"
"svg/finger-print-outline.svg","4ee6a4c3c57880f2d72c8ad4ce3574e2e611b2c14cd6c53b2842423aaa8a5061","orgs/938847bd-ad89-4ee4-a8cc-4e62f513379a/apps/com.emberlink.pubqdemo/delta/402df23b6e0cc31858c06b1067cf93c41e80cd173e5084ef625f22222465e907_svg/finger-print-outline.svg","2085","NOT_FOUND"
"svg/finger-print-sharp.svg","b17bb426b96526e23d157650f8dd8737cc8a8c21ae298f7f6d744beb2b761852","orgs/938847bd-ad89-4ee4-a8cc-4e62f513379a/apps/com.emberlink.pubqdemo/delta/b6a2b4859b9be437734ceedc73bfe5b2bd242147e4e040f55a1e3d2b20da1ed5_svg/finger-print-sharp.svg","2185","NOT_FOUND"
"svg/finger-print.svg","87af1d7e97e845a0d3c253769264cbd39e1056df57558ec2ae58b6a2f99e4a5c","orgs/938847bd-ad89-4ee4-a8cc-4e62f513379a/apps/com.emberlink.pubqdemo/delta/471a0103bb405ffc1a5f2a9e70b14ae82d10ac8910a10eb65dd7652f51d9b671_svg/finger-print.svg","2439","NOT_FOUND"
"svg/fish-outline.svg","b0b16a6be9cceff95e6ad16a202e0833aa0c7112a2edaaadc927286370c2e160","orgs/938847bd-ad89-4ee4-a8cc-4e62f513379a/apps/com.emberlink.pubqdemo/delta/8c89cf0edb509d96df1df48d5fe74792ad7f1e0fdc636ef3051714a724ce86e6_svg/fish-outline.svg","713","NOT_FOUND"
"svg/fish-sharp.svg","ca2ce2811d6a89349db9fc8818dd18639b48ec64a4897c2f88f0e82593088197","orgs/938847bd-ad89-4ee4-a8cc-4e62f513379a/apps/com.emberlink.pubqdemo/delta/1bb9d845c693e23c259e3cb4ecd59df4e2ceb0902111ee15b3f0a203c486fabc_svg/fish-sharp.svg","895","NOT_FOUND"
"svg/fish.svg","4467b0b0f3c2afb100e4f0a0358467add5a439c4b238b545152b664c7009f408","orgs/938847bd-ad89-4ee4-a8cc-4e62f513379a/apps/com.emberlink.pubqdemo/delta/2b9eb7881a3c2f2b1ab1168979de000e2882ce74f6d2db37cdbf00278956a8b6_svg/fish.svg","1136","NOT_FOUND"
"svg/fitness-outline.svg","694c7d840732bffcba77692473030ba1ad28d9499fa27c5b9a04ddcb3fc963a6","orgs/938847bd-ad89-4ee4-a8cc-4e62f513379a/apps/com.emberlink.pubqdemo/delta/886a18e1899e291474d401a53a3e67fe6aed084a8b6a971041e95b8a349774be_svg/fitness-outline.svg","541","NOT_FOUND"
"svg/fitness-sharp.svg","438e5da1fc2f965fe2744d874154800ce16df3c77c19a18ac315f33b55570c77","orgs/938847bd-ad89-4ee4-a8cc-4e62f513379a/apps/com.emberlink.pubqdemo/delta/ef47e4605d7e7a9a990350f3de177e5a4844addbb7bb13e072ecf22694b253fb_svg/fitness-sharp.svg","634","NOT_FOUND"
"svg/fitness.svg","7019a275aba7aba19adc86a45100ce7bce30f042263f245405f894d358a84ad3","orgs/938847bd-ad89-4ee4-a8cc-4e62f513379a/apps/com.emberlink.pubqdemo/delta/cf8ce0351b263b1ea527c2b307f2fc782602aaf58e9db09f13860582a4ed7cf0_svg/fitness.svg","816","NOT_FOUND"
"svg/flag-outline.svg","3d3626ac27672a2ca400f284a6ad486ed042026c35a6c62632b8608ca574cf5b","orgs/938847bd-ad89-4ee4-a8cc-4e62f513379a/apps/com.emberlink.pubqdemo/delta/d63dacb364ef3d0773c04f48e88c752c7a4199db4ade9b329bc04a68f7e89358_svg/flag-outline.svg","408","NOT_FOUND"
"svg/flag-sharp.svg","6aa1c21deb1cd03d7e80c688d0fe1477cb6568d3b0f804d71e9346bc43dc5608","orgs/938847bd-ad89-4ee4-a8cc-4e62f513379a/apps/com.emberlink.pubqdemo/delta/6adc82b0d4e66e3684585d4a489e02df3cc816f6f8dfac63164b7b95183fe2ac_svg/flag-sharp.svg","393","NOT_FOUND"
"svg/flag.svg","60b4d82d233d0f81d5647025208f3d5079c5052d43887e686214b2c983b3f3bf","orgs/938847bd-ad89-4ee4-a8cc-4e62f513379a/apps/com.emberlink.pubqdemo/delta/968fa8a505e5116902f75b20447f32a6817d29e877c4a21b01ab9a9d70c9597b_svg/flag.svg","460","NOT_FOUND"
"svg/flame-outline.svg","ec03a76c97e5c57e314d0fb77b257bfb78b0af97c5ed68f458f8cefd7b796240","orgs/938847bd-ad89-4ee4-a8cc-4e62f513379a/apps/com.emberlink.pubqdemo/delta/99abb62efa88e41ee1ecf7907bbd6d86d4eea45cb4eaa70326b96b736b48041a_svg/flame-outline.svg","442","NOT_FOUND"
"svg/flame-sharp.svg","d7b3a563a305e1196435ee9639753275337f0f8ebd5c2df666db89b56a2f37ce","orgs/938847bd-ad89-4ee4-a8cc-4e62f513379a/apps/com.emberlink.pubqdemo/delta/323229d5def20ced1d2f234bdd664c0c56a9e276d518a37ed22d2fd3f610351e_svg/flame-sharp.svg","539","NOT_FOUND"
"svg/flame.svg","aa64ac68e3a8ecc92c05dbd01bb1a78d36cd5dba57f9e3887721e991d043f4d2","orgs/938847bd-ad89-4ee4-a8cc-4e62f513379a/apps/com.emberlink.pubqdemo/delta/8e05579687e2ea341ca75daf0782f46523294288b3f9888763a37ec58d384f06_svg/flame.svg","570","NOT_FOUND"
"svg/flash-off-outline.svg","a363eb93ea76d78b7aff057e6f2b114d555e7fa91baf43bef39b668f8a82254c","orgs/938847bd-ad89-4ee4-a8cc-4e62f513379a/apps/com.emberlink.pubqdemo/delta/cc7f1e80324b536c4732d156106df2f5651f2b738b8e5b563f46ed147b90fa46_svg/flash-off-outline.svg","848","NOT_FOUND"
"svg/flash-off-sharp.svg","a1748b10e231af4efdf610d665fbd2762a5f9b71481d039d811c349f3adf1803","orgs/938847bd-ad89-4ee4-a8cc-4e62f513379a/apps/com.emberlink.pubqdemo/delta/ffcf9c6cf905be6523f26ef0637aac7b83239165a6baf9259fba0a2a9af8290f_svg/flash-off-sharp.svg","247","NOT_FOUND"
"svg/flash-off.svg","bfcfd965c04a495b771473dbb6ef278bab0785b4f706228f9cb29ce0b2131258","orgs/938847bd-ad89-4ee4-a8cc-4e62f513379a/apps/com.emberlink.pubqdemo/delta/05aa13ff553b4cf36d3019f8aa60ab6fa6c64b1ed1910bae3b6562f72a83a60f_svg/flash-off.svg","575","NOT_FOUND"
"svg/flash-outline.svg","70e6957e0c66881398912bab72f0f690422e4e051df6dbb450403126d90455d4","orgs/938847bd-ad89-4ee4-a8cc-4e62f513379a/apps/com.emberlink.pubqdemo/delta/024cf5ea54451f3273db7ec093057ab914591e99b7e4da214a022c3c4b822a86_svg/flash-outline.svg","354","NOT_FOUND"
"svg/flash-sharp.svg","171db9a2ab6dbb098670387cf5ee81e13ca6b8f02c79e5e11a3467df08e13e3b","orgs/938847bd-ad89-4ee4-a8cc-4e62f513379a/apps/com.emberlink.pubqdemo/delta/a197b16ebdaafad4ad413cc5003def0eb5443e8f43955eb20f96fd01341d1306_svg/flash-sharp.svg","135","NOT_FOUND"
"svg/flash.svg","aa437b7d1fe84d5bd669a33b824ae84631f6ca1b42aa01a5ed5618c076430338","orgs/938847bd-ad89-4ee4-a8cc-4e62f513379a/apps/com.emberlink.pubqdemo/delta/a6c1b47cf3edb7c8d1aa30e1fb171f510c4890ba5f47878326daaf11ad67d64b_svg/flash.svg","313","NOT_FOUND"
"svg/flashlight-outline.svg","678d98ad6fc1ec4317cae55f35814494a7c60b53ae91086b9c021d2e3a30fc93","orgs/938847bd-ad89-4ee4-a8cc-4e62f513379a/apps/com.emberlink.pubqdemo/delta/3656dbe1dc73a09080923192db070f62012f29b9112836a5f7da7b5b6aefdf58_svg/flashlight-outline.svg","687","NOT_FOUND"
"svg/flashlight-sharp.svg","780fb594e1d6b3c0f10823f29d0fd66a5f638e1b3201f32e8a2157501eeaa2b4","orgs/938847bd-ad89-4ee4-a8cc-4e62f513379a/apps/com.emberlink.pubqdemo/delta/746b2762319abcab01152685fb0554554ca8e1b75c547e0b7a9ed7baf265f76b_svg/flashlight-sharp.svg","345","NOT_FOUND"
"svg/flashlight.svg","a5b4f673eb0aa7362f8e0e0b82ecc6b2d8a235992fa9138207313e66fc2ad97b","orgs/938847bd-ad89-4ee4-a8cc-4e62f513379a/apps/com.emberlink.pubqdemo/delta/b8dcb1f6a3d3063c3fceab5df33e4f21a62a9088dbbf560628bbf9f612cf9988_svg/flashlight.svg","687","NOT_FOUND"
"svg/flask-outline.svg","7241d46a31e3ca674b55cb77dc75244b7c1c933083b23cbcee11f20218403861","orgs/938847bd-ad89-4ee4-a8cc-4e62f513379a/apps/com.emberlink.pubqdemo/delta/8193286a916b5d28ac3f5d5a097e5e67943c182827854978489362c0e0566cc6_svg/flask-outline.svg","381","NOT_FOUND"
"svg/flask-sharp.svg","e5e655e62bad9bc9761d9b32fa2bd8d81f7e9e73d1426f706539cbcbe554fef1","orgs/938847bd-ad89-4ee4-a8cc-4e62f513379a/apps/com.emberlink.pubqdemo/delta/0cad21fcca5d8659a834c8f15550e76b41b286853d6d6eae9544d9a4c1878545_svg/flask-sharp.svg","359","NOT_FOUND"
"svg/flask.svg","a8fcc32366648ae8442f3080d766ddc6a32482a4159c0ff80adc5e796b9912a6","orgs/938847bd-ad89-4ee4-a8cc-4e62f513379a/apps/com.emberlink.pubqdemo/delta/4487ebe61c2f087833cbffe850fe1fc566bd92a99cf03548aab0ff3e8bc3b647_svg/flask.svg","593","NOT_FOUND"
"svg/flower-outline.svg","5e15137d30f310628e98d2fd0dd00cb2a296cd1b0b6440f2ee413fd752ebdfb7","orgs/938847bd-ad89-4ee4-a8cc-4e62f513379a/apps/com.emberlink.pubqdemo/delta/1eeef79059385088c8a920ccd879cb011e11c80986e9e0a333370dc3b71ce3e8_svg/flower-outline.svg","1541","NOT_FOUND"
"svg/flower-sharp.svg","005c45f495d6896b20c82ecc32d99fa981ecc56e28ed0534b22b875d0e6c9ac9","orgs/938847bd-ad89-4ee4-a8cc-4e62f513379a/apps/com.emberlink.pubqdemo/delta/dc42837c5aea9e9154b6f6c0a0c59651da12440d59915281018471801a43103b_svg/flower-sharp.svg","1013","NOT_FOUND"
"svg/flower.svg","8a3b58f0726b9d65abc615118bdc2c69700a7116141db0ff0caed27f221d9906","orgs/938847bd-ad89-4ee4-a8cc-4e62f513379a/apps/com.emberlink.pubqdemo/delta/172d0cc8d9e45d1b2f0635732241fad0df0536277e2c6d9dfe6b249fe0d5972b_svg/flower.svg","961","NOT_FOUND"
"svg/folder-open-outline.svg","a4a97b4557263afc0e84bf36968b64d14ee32c57af4be53acd0c27150f50f641","orgs/938847bd-ad89-4ee4-a8cc-4e62f513379a/apps/com.emberlink.pubqdemo/delta/d4d3803024ce01d7af167a27d8acc5a125736acf6259285e5dffb16cef690fa7_svg/folder-open-outline.svg","546","NOT_FOUND"
"svg/folder-open-sharp.svg","9da8c69d37116f7a9b50f4d505a3dee851431aa949631e1c72ca8438bb70e5ff","orgs/938847bd-ad89-4ee4-a8cc-4e62f513379a/apps/com.emberlink.pubqdemo/delta/8d8a8e5fe922e186d9516fa96c672aee9d693326ba19e2b72902b58f45679c69_svg/folder-open-sharp.svg","299","NOT_FOUND"
"svg/folder-open.svg","7448e49676194e196e7985524e76b223bb58abdf81347d9935aa18f602870cb2","orgs/938847bd-ad89-4ee4-a8cc-4e62f513379a/apps/com.emberlink.pubqdemo/delta/8449e46f797b97480f4af04194d87d96c25fb91922cdfd8276ecffceaa44c385_svg/folder-open.svg","391","NOT_FOUND"
"svg/folder-outline.svg","70f9d481e1648f31e7d112f36a9105042613f1c1bbe9dc434527d0e0d272b4fb","orgs/938847bd-ad89-4ee4-a8cc-4e62f513379a/apps/com.emberlink.pubqdemo/delta/b4e86b645e92502fadf7fdc257cd2f7083fac482db546a71bcfecf00f362e6cd_svg/folder-outline.svg","360","NOT_FOUND"
"svg/folder-sharp.svg","d5dfb67eb6c8486b492c3b5eb66dced1f9a750ba201296cd07327b2b6869582c","orgs/938847bd-ad89-4ee4-a8cc-4e62f513379a/apps/com.emberlink.pubqdemo/delta/d9696863eb06cb4be90eb6daffa9977f31b83e2ea4f990264665a82840e637ba_svg/folder-sharp.svg","220","NOT_FOUND"
"svg/folder.svg","40e7a914b95294e8c77b6d46b47d68fb94636eaf638dfc71b3d6d67bd33a9aaf","orgs/938847bd-ad89-4ee4-a8cc-4e62f513379a/apps/com.emberlink.pubqdemo/delta/ce674cccc299858778fba197d052005efda96759d2a8e7da7800a606f6d30b1c_svg/folder.svg","331","NOT_FOUND"
"svg/football-outline.svg","a5dfa8a0817f576111742773f8e8e60b42bec85cfb07a73e6db2f2b0b767dc60","orgs/938847bd-ad89-4ee4-a8cc-4e62f513379a/apps/com.emberlink.pubqdemo/delta/de79ba7ddabd13161bc718559924a08b412769804f962faae7778f654d37acb1_svg/football-outline.svg","609","NOT_FOUND"
"svg/football-sharp.svg","458a2bc34eaeca7880f109e73ab018b36b07295263f14e1b2f034a19ccfe48b3","orgs/938847bd-ad89-4ee4-a8cc-4e62f513379a/apps/com.emberlink.pubqdemo/delta/352297168c278a459afe194ee6b53130fd4d00dba015ccd7ba21de1e9d814d7c_svg/football-sharp.svg","620","NOT_FOUND"
"svg/football.svg","b8d103692e2ff971bb39a2b1f6ecc35f7017f9d77fbd463800d0f601e6396df4","orgs/938847bd-ad89-4ee4-a8cc-4e62f513379a/apps/com.emberlink.pubqdemo/delta/5836db09df52d36e0474fd32276943c6149f526df154326ef1885e39b7ec56fb_svg/football.svg","1196","NOT_FOUND"
"svg/footsteps-outline.svg","a498710639f795b54a886b83abb55e37d24f1bfb37d1819dfd833ecbbd376eb4","orgs/938847bd-ad89-4ee4-a8cc-4e62f513379a/apps/com.emberlink.pubqdemo/delta/4c4b4926ae6bead97b8e1d888e902e6b107755e13fd980d70caac1f4b26fc2e2_svg/footsteps-outline.svg","724","NOT_FOUND"
"svg/footsteps-sharp.svg","e55d2874b0e9d833bfeba07c76c3d9e2b43c916d6926e38102eedfa3e9801192","orgs/938847bd-ad89-4ee4-a8cc-4e62f513379a/apps/com.emberlink.pubqdemo/delta/5feaeb9e84d1bc892d9f95aab78562a02e5fbd4badfa4acbebd68e03693ec1e5_svg/footsteps-sharp.svg","991","NOT_FOUND"
"svg/footsteps.svg","642de5e512e4c01b69c5c38b78bfde727caa2724645a204bddaa2536d4333ca5","orgs/938847bd-ad89-4ee4-a8cc-4e62f513379a/apps/com.emberlink.pubqdemo/delta/c93fc09279db6969cb5a9c67d56650d8d2f4c4aa89963668d38e3b7e90422dce_svg/footsteps.svg","1337","NOT_FOUND"
"svg/funnel-outline.svg","5d1517e6efe1d7284e7333a56bfad8d216791b82f662d282c29e58cd138e80cc","orgs/938847bd-ad89-4ee4-a8cc-4e62f513379a/apps/com.emberlink.pubqdemo/delta/98be5db2320f26f22db1ba2858108cf2bbbe72a621a95b8bf5f07391bc901d68_svg/funnel-outline.svg","400","NOT_FOUND"
"svg/funnel-sharp.svg","ff5f6265626633529bd48463861a814b07134424c8ce72ed959905ad44be67f4","orgs/938847bd-ad89-4ee4-a8cc-4e62f513379a/apps/com.emberlink.pubqdemo/delta/455c39d4444caa31015a1e12ed30aa5e8edc5c0709f82bcbbf1f93cde55e8c75_svg/funnel-sharp.svg","132","NOT_FOUND"
"svg/funnel.svg","e0ab5d9eceaea32f021dc3dac5f54eaf06b3d6e7391431ba4eea557ce8e1ccea","orgs/938847bd-ad89-4ee4-a8cc-4e62f513379a/apps/com.emberlink.pubqdemo/delta/64cfd980656f8a971b53f3a16f6242795e1ede3b12cb587d2acd2c1f78b679ec_svg/funnel.svg","314","NOT_FOUND"
"svg/game-controller-outline.svg","9bdb5fba35803e8e8a7950eb4022cfb7223e664b6288b3ca0640bbfa0a1d5683","orgs/938847bd-ad89-4ee4-a8cc-4e62f513379a/apps/com.emberlink.pubqdemo/delta/ae4f6becda40f8e8a981c2093a6149080c44d56dfeb5a82e1af9fe0e622dce63_svg/game-controller-outline.svg","812","NOT_FOUND"
"svg/game-controller-sharp.svg","6548737884b17d4ef3cac8477ee943a281efd1fae4c26fd47a87e8696569af16","orgs/938847bd-ad89-4ee4-a8cc-4e62f513379a/apps/com.emberlink.pubqdemo/delta/4d5deebb489391c941c6adfe679d441cbb74ce2e991a73ca90a9cd12da95f640_svg/game-controller-sharp.svg","577","NOT_FOUND"
"svg/game-controller.svg","d377be8c0defaf979464b95e21681e3fe1a6ebb44135109e49c52fd6c4649467","orgs/938847bd-ad89-4ee4-a8cc-4e62f513379a/apps/com.emberlink.pubqdemo/delta/d89761fad95ea62d8e0ad63ef26abe0237b69f5c029b16390a4213a165ecb0f9_svg/game-controller.svg","913","NOT_FOUND"
"svg/gift-outline.svg","c400c9e897af99c2a9680535368c8bbe07e867167a0fe0f73fb23b7a7f18b715","orgs/938847bd-ad89-4ee4-a8cc-4e62f513379a/apps/com.emberlink.pubqdemo/delta/12d32ace6c05c1b87e87eeb0dfa582f57b5c8873873ba6c463bab3deb20375c7_svg/gift-outline.svg","587","NOT_FOUND"
"svg/gift-sharp.svg","91a9d776d27c1a15f0e609aafb21400572b4796d09663a672f5626462f42b88b","orgs/938847bd-ad89-4ee4-a8cc-4e62f513379a/apps/com.emberlink.pubqdemo/delta/69b936559ed8339408916ebc4bcd29f1d1d4d5bec69e5850f73c90b667875cf9_svg/gift-sharp.svg","531","NOT_FOUND"
"svg/gift.svg","ffe275e72f899422f31d219a890f2dc3062d1f7fd448799f9e3fac6c74d6cf4c","orgs/938847bd-ad89-4ee4-a8cc-4e62f513379a/apps/com.emberlink.pubqdemo/delta/46d99ee533725d53c9aa4b5d46b9198c953952869f7ba056cc8dfca3b533286f_svg/gift.svg","755","NOT_FOUND"
"svg/git-branch-outline.svg","828cdc30c4d28a57b419bfb886edeca822358e99ef7821d29aa76493337c639a","orgs/938847bd-ad89-4ee4-a8cc-4e62f513379a/apps/com.emberlink.pubqdemo/delta/0e7e71da73a9b5d27e7a91eb2bd68e481d375bbb2e273dd4b14ca2aa2a1cb20a_svg/git-branch-outline.svg","720","NOT_FOUND"
"svg/git-branch-sharp.svg","b838f715b56b1410b21a025963a836e44d17fbeee2f0d0610aecbe1c4078a075","orgs/938847bd-ad89-4ee4-a8cc-4e62f513379a/apps/com.emberlink.pubqdemo/delta/fe521d86d1701ed3ac97b93a18180effc790790b1172e6bcd4a574a2ccf7f5a9_svg/git-branch-sharp.svg","374","NOT_FOUND"
"svg/git-branch.svg","2c1d28b783169b9fa0f4dd8b42bda87886bd6443957bceffda6ef1125853350e","orgs/938847bd-ad89-4ee4-a8cc-4e62f513379a/apps/com.emberlink.pubqdemo/delta/24f41625f7614994623d69018b9db4832c95d06e20428a2087a5d538dc2fdea7_svg/git-branch.svg","490","NOT_FOUND"
"svg/git-commit-outline.svg","081b8e2cb425d5700147b288a4ddd7dde7b800ff63dd27caea18ff244dd45bad","orgs/938847bd-ad89-4ee4-a8cc-4e62f513379a/apps/com.emberlink.pubqdemo/delta/8e700bef13a08d3c7b31c8e7e547e1cef7e88b7079915b9de4b4853d0f7e0d45_svg/git-commit-outline.svg","341","NOT_FOUND"
"svg/git-commit-sharp.svg","0a07af6ef4843318f09480105c10625b28d89cbd48902ebe3b6c951e5546a61e","orgs/938847bd-ad89-4ee4-a8cc-4e62f513379a/apps/com.emberlink.pubqdemo/delta/cda2406cd952007574496c3aaad16aabc16ddb5ebe3aeb23bc84179ba70bfbe3_svg/git-commit-sharp.svg","220","NOT_FOUND"
"svg/git-commit.svg","12c0d99dfa597270046a4eafd4635793f66da70c4ce6362484c752e59eda6bd7","orgs/938847bd-ad89-4ee4-a8cc-4e62f513379a/apps/com.emberlink.pubqdemo/delta/a0dad7dd5d0e8291485299fccba3c62d3d512225b33388243906d1132ca4682e_svg/git-commit.svg","248","NOT_FOUND"
"svg/git-compare-outline.svg","d011d1350c2bbeb8e900c1459f46b921c082e0e876d2dac85bda653adffbc660","orgs/938847bd-ad89-4ee4-a8cc-4e62f513379a/apps/com.emberlink.pubqdemo/delta/26fbae86f65a1fa584c6fdeed5cbe4d1d65fb644d876f94005a33aa6c5ad24e7_svg/git-compare-outline.svg","657","NOT_FOUND"
"svg/git-compare-sharp.svg","d507b695fe3ac5113ae7aac95e595bcc10a59c7bb5a2c8edb0377470f4e13a19","orgs/938847bd-ad89-4ee4-a8cc-4e62f513379a/apps/com.emberlink.pubqdemo/delta/1193bee146a722188c5e26f983d167cf98a67271868f286ba6d37508401d3891_svg/git-compare-sharp.svg","411","NOT_FOUND"
"svg/git-compare.svg","97c2a8a867b995663c0d56ef87181eef54f89d1de961afb9644e6cf35d97c13e","orgs/938847bd-ad89-4ee4-a8cc-4e62f513379a/apps/com.emberlink.pubqdemo/delta/cb8d28f237683cb6fd1afba0705e1076cb976d360497cc63a24823357b2e4cef_svg/git-compare.svg","519","NOT_FOUND"
"svg/git-merge-outline.svg","52bda0e171e7267f594772ec871aff5484b908411bde73ea271729f321599ff2","orgs/938847bd-ad89-4ee4-a8cc-4e62f513379a/apps/com.emberlink.pubqdemo/delta/ed854be785683a5b654ee1e1ae1e349bf7675120df31d44d21ff4b8d04451f36_svg/git-merge-outline.svg","720","NOT_FOUND"
"svg/git-merge-sharp.svg","00d96a38effc100415bc504fcfd947d531bad470491842eff7611c349dbe8aee","orgs/938847bd-ad89-4ee4-a8cc-4e62f513379a/apps/com.emberlink.pubqdemo/delta/26c26cb863e4435df952f71af1cabc8d4de1b869b374a268535e6d1a72d755c2_svg/git-merge-sharp.svg","357","NOT_FOUND"
"svg/git-merge.svg","192c9cb5aa6c26d6c674ebe18756be320b4ab39320a2e901522b7f29b4665fd0","orgs/938847bd-ad89-4ee4-a8cc-4e62f513379a/apps/com.emberlink.pubqdemo/delta/61332ede6908ccdc3cc1a8bf2c763ecae2c9dea2542b10e599eace40b2a63f2b_svg/git-merge.svg","433","NOT_FOUND"
"svg/git-network-outline.svg","82067899dc705334f8db7e317f2d801c5cdc9b2850030cc257d82a5270932073","orgs/938847bd-ad89-4ee4-a8cc-4e62f513379a/apps/com.emberlink.pubqdemo/delta/215a7c215597e8d470c2c87dc70c44a87f3a45441b3dcabb17a15e1fbeb37e98_svg/git-network-outline.svg","758","NOT_FOUND"
"svg/git-network-sharp.svg","8e2cd0d6c7b594b0d649b259bd5f969ab5a606655f5d559ab779c70e0f93317f","orgs/938847bd-ad89-4ee4-a8cc-4e62f513379a/apps/com.emberlink.pubqdemo/delta/8c4d791eb78af863f8ad0a79406ad9f92a0b346a51cf1c9dd198de2e1dd64ed7_svg/git-network-sharp.svg","416","NOT_FOUND"
"svg/git-network.svg","fbf187366e1382ff9b7bdd1aa640faad3d08257115342a69ed86418e82efc099","orgs/938847bd-ad89-4ee4-a8cc-4e62f513379a/apps/com.emberlink.pubqdemo/delta/e19d94c8b61381dd05be97bfe1c2fcbedae9c548dd13b7e1d6360285791719df_svg/git-network.svg","581","NOT_FOUND"
"svg/git-pull-request-outline.svg","f50be1f684a59ec4deb7a454a387907dace2cb4815db69fab68ce77cd354a524","orgs/938847bd-ad89-4ee4-a8cc-4e62f513379a/apps/com.emberlink.pubqdemo/delta/2004923c7f77d320fd4a4c8c60abe2d098204c6d3539c21bedf86fde86c4ebc1_svg/git-pull-request-outline.svg","744","NOT_FOUND"
"svg/git-pull-request-sharp.svg","707af2b1c504defb0f7710c7b0cb82a35a627abfe398b4d7d90647270f9303c4","orgs/938847bd-ad89-4ee4-a8cc-4e62f513379a/apps/com.emberlink.pubqdemo/delta/3d7c0b096dcc6374ec56a19d46645c15a4f2e19436b313add427ddd333bd00df_svg/git-pull-request-sharp.svg","421","NOT_FOUND"
"svg/git-pull-request.svg","4e0fb5c73737653c33f6a3fd0236db3f41bad2baf166def0b0dbba9fe94a73fc","orgs/938847bd-ad89-4ee4-a8cc-4e62f513379a/apps/com.emberlink.pubqdemo/delta/9a751aca1144468dcc2b2f2d99af60d74aa4a676e3c4f34e76ddf9171ea56288_svg/git-pull-request.svg","473","NOT_FOUND"
"svg/glasses-outline.svg","49e9f6c861fd84be2de169e83c04b590c4e67d2103e05056f5612b1031f259b1","orgs/938847bd-ad89-4ee4-a8cc-4e62f513379a/apps/com.emberlink.pubqdemo/delta/4d71855498affe30bb11a728b79d680fb631b0d3946495045c78644eb50c0ffd_svg/glasses-outline.svg","373","NOT_FOUND"
"svg/glasses-sharp.svg","494ddd36d905e12991bbf4d90b5a53cc6f0a3b420e63631e92b9013112ab9164","orgs/938847bd-ad89-4ee4-a8cc-4e62f513379a/apps/com.emberlink.pubqdemo/delta/34451f50dd3754fdb126c4c7228ca231eb2f754cbbf1be9493154351228b3136_svg/glasses-sharp.svg","203","NOT_FOUND"
"svg/glasses.svg","5fa0e6e61fcf478e82790c32ead7b0ae8977171ea55f59c1eccbb0589d14edea","orgs/938847bd-ad89-4ee4-a8cc-4e62f513379a/apps/com.emberlink.pubqdemo/delta/7f8e4d6ecf0015060181b3534dfe67adf6d3881f5b75dcef42ff44f3e562e1f6_svg/glasses.svg","763","NOT_FOUND"
"svg/globe-outline.svg","4f2747c545723b0b99c08ac2652eea2c8c90f6b64bb53d4d29bee909934e0834","orgs/938847bd-ad89-4ee4-a8cc-4e62f513379a/apps/com.emberlink.pubqdemo/delta/dbe2618c0a502a89152d7353b354c6edc7c2686089dd0c09771e0fe0b85c8d38_svg/globe-outline.svg","803","NOT_FOUND"
"svg/globe-sharp.svg","f6926e3144dc53a1d9d04f00ac195e817b44040a837fdbeda4540714718c9926","orgs/938847bd-ad89-4ee4-a8cc-4e62f513379a/apps/com.emberlink.pubqdemo/delta/642e361709bc2921ec1585cdd8a2a1af4e4686b5c4db0419dc395b89d4a3ddfd_svg/globe-sharp.svg","799","NOT_FOUND"
"svg/globe.svg","533f0eb4382940a70100cde4ac5f0d48cc1fae78212214cfa0e00edba880cb2f","orgs/938847bd-ad89-4ee4-a8cc-4e62f513379a/apps/com.emberlink.pubqdemo/delta/8caf9657a7d8af99c3d09b4a26bb0c48a885730eee3be6fce62764c002701180_svg/globe.svg","2955","NOT_FOUND"
"svg/golf-outline.svg","8787ed68d462fa184f9b59718fd87d6e41eba493f26c28a43f985cc13d3bb805","orgs/938847bd-ad89-4ee4-a8cc-4e62f513379a/apps/com.emberlink.pubqdemo/delta/49f58db598d77ec69205d582ac1bd396017fa3b09325b3bb5df94f33971f6efe_svg/golf-outline.svg","430","NOT_FOUND"
"svg/golf-sharp.svg","6d9b8ea1bf1400a28d5072995c770a16fde5a48fcfc7f04769f0d7961f2f4496","orgs/938847bd-ad89-4ee4-a8cc-4e62f513379a/apps/com.emberlink.pubqdemo/delta/2e20d2b54528fb0738d224a9b0f48377f1f3ed1ab041356aa72a28d0358045be_svg/golf-sharp.svg","375","NOT_FOUND"
"svg/golf.svg","5f1c2dabdcb8b7ad8af73ae154242042085a425e58bb60e2fa1e563220522cd1","orgs/938847bd-ad89-4ee4-a8cc-4e62f513379a/apps/com.emberlink.pubqdemo/delta/9d437b0daaf5bdde91ff5c7682a619a6a56805d39e5b2badfd9865256d4fee33_svg/golf.svg","506","NOT_FOUND"
"svg/grid-outline.svg","c101a3b54970d841e2e12aba39b1331972d14a03742bbb4e893647bedd773a1c","orgs/938847bd-ad89-4ee4-a8cc-4e62f513379a/apps/com.emberlink.pubqdemo/delta/096ab130d27cdd1270c53b46469c65b410eb304eb3ce6086481826e515e1ecda_svg/grid-outline.svg","712","NOT_FOUND"
"svg/grid-sharp.svg","33738b863cde1ced7022f14095c8cde3b322be0cafa61622eb7d88241161db5f","orgs/938847bd-ad89-4ee4-a8cc-4e62f513379a/apps/com.emberlink.pubqdemo/delta/e235465ca9b8b7f053df887869babc6be7501e03a21613edc382777ae2e77a18_svg/grid-sharp.svg","176","NOT_FOUND"
"svg/grid.svg","b4bcf33ffb05f9607e710ce3f2cc46c5dc373456bf9c2041cfb9ab8ea945c901","orgs/938847bd-ad89-4ee4-a8cc-4e62f513379a/apps/com.emberlink.pubqdemo/delta/df4aaee8eb1f51b6a022586c97d9f027cbcd3f42f4467d4c88f450ff08791878_svg/grid.svg","476","NOT_FOUND"
"svg/hammer-outline.svg","c22ed62ef090eb4181f38788fabe419550b3d392e9518f1ff02fcf698f2aa18f","orgs/938847bd-ad89-4ee4-a8cc-4e62f513379a/apps/com.emberlink.pubqdemo/delta/122944edb7729ff9dbccabcd0c18d3e21ade1e8248d99ade16d12430548afa2f_svg/hammer-outline.svg","1261","NOT_FOUND"
"svg/hammer-sharp.svg","a551b39526d7c382aebe9d209c8c8e2ce4d95255df3d553751c0619b1f1e061e","orgs/938847bd-ad89-4ee4-a8cc-4e62f513379a/apps/com.emberlink.pubqdemo/delta/de592233ad9c3c831ae840290f011b5b86292c3cf2ea0191fd1a7989747fed70_svg/hammer-sharp.svg","950","NOT_FOUND"
"svg/hammer.svg","5e4b10721e45dc2a66a46eac034718ff1ed7078b114eed934c672fde3fbb2178","orgs/938847bd-ad89-4ee4-a8cc-4e62f513379a/apps/com.emberlink.pubqdemo/delta/b9d3fe38f36228e0f427533db7a327e8b124fab7927d494dbeed395e3800ab9d_svg/hammer.svg","1139","NOT_FOUND"
"svg/hand-left-outline.svg","e347cda3ab04cecafdfc3ffdb1ce59b052a04763f97c418d4acee6cb2f51c9cb","orgs/938847bd-ad89-4ee4-a8cc-4e62f513379a/apps/com.emberlink.pubqdemo/delta/6d120444f92be923c86062102fbe145b601550c1d440ee0c8194c8edbfe10a48_svg/hand-left-outline.svg","645","NOT_FOUND"
"svg/hand-left-sharp.svg","d6cc22632f6f698c17dd5db9aab0556aff53c02bbd64e42c32d000434aa2e6fb","orgs/938847bd-ad89-4ee4-a8cc-4e62f513379a/apps/com.emberlink.pubqdemo/delta/57e94c5d97df43b52a3ed69c2d20293e6fa17f76f5917e9862eab674cd8c0b49_svg/hand-left-sharp.svg","563","NOT_FOUND"
"svg/hand-left.svg","5ac998a6fca80d39deb7579c9588c57d761f502b69f1e0c72cb39065406d04e7","orgs/938847bd-ad89-4ee4-a8cc-4e62f513379a/apps/com.emberlink.pubqdemo/delta/6c85f640073a767ade491090ab814c43205f1a4b9db550e77269e5cc69b2fcc6_svg/hand-left.svg","639","NOT_FOUND"
"svg/hand-right-outline.svg","54ce9ba02855457257eabe2848160f25328e8d5637dcad4ab4cfe4410b1cc163","orgs/938847bd-ad89-4ee4-a8cc-4e62f513379a/apps/com.emberlink.pubqdemo/delta/70c8a013323fa1b94764d310885d3b6e7704cb9029e006933f2221f39cc5b685_svg/hand-right-outline.svg","648","NOT_FOUND"
"svg/hand-right-sharp.svg","37696c74e0271b62e01e14fea34ce0a64f2e6bca944076f218a3adb0b0cab761","orgs/938847bd-ad89-4ee4-a8cc-4e62f513379a/apps/com.emberlink.pubqdemo/delta/fd6d985746a8c1b62c5acd94671b9b6e89745b296a5a7f8700e6243567ff7b66_svg/hand-right-sharp.svg","576","NOT_FOUND"
"svg/hand-right.svg","7e89a997e34569aca8aaa4483169f398373711b21a11cd9054badac35d9c2ba6","orgs/938847bd-ad89-4ee4-a8cc-4e62f513379a/apps/com.emberlink.pubqdemo/delta/5b33d2b786acc7c1aecd0aed416e0309f01cd703c32061349a1b22cd9fb8a7e9_svg/hand-right.svg","637","NOT_FOUND"
"svg/happy-outline.svg","1e39af1659cae3daa3c9582f75bf6becf40403dc3621c1efe6f8f4d0a5b559ee","orgs/938847bd-ad89-4ee4-a8cc-4e62f513379a/apps/com.emberlink.pubqdemo/delta/7ce4be5c9f5e259cc817da104e7fa97dea16c16aa0a10ec5010839c28fc3bd79_svg/happy-outline.svg","397","NOT_FOUND"
"svg/happy-sharp.svg","c4814cb89ac7c97e597db20b20db418b9e36b7929c8ff9355076a41947c85db8","orgs/938847bd-ad89-4ee4-a8cc-4e62f513379a/apps/com.emberlink.pubqdemo/delta/436fabf070f3183bf88633a1883948adcebbc0cb9450d4aba63a59ef07f42f56_svg/happy-sharp.svg","397","NOT_FOUND"
"svg/happy.svg","3c8704f6cacb6e40e3b229934380fe46583229f248c6dd298afe41de84a224c2","orgs/938847bd-ad89-4ee4-a8cc-4e62f513379a/apps/com.emberlink.pubqdemo/delta/2b6a67e0f6716285a923a77f67b7ff03a8592f6a453600cfee07a13be4bce852_svg/happy.svg","383","NOT_FOUND"
"svg/hardware-chip-outline.svg","2fa44d61927d23e182e151ae3d69fdeebb33a86b0d1c328e7317e53e9eda96ea","orgs/938847bd-ad89-4ee4-a8cc-4e62f513379a/apps/com.emberlink.pubqdemo/delta/dfb581818a753c7410ed2c651ce90b5ce1583bffa258893acd9f98a8e0d1a43b_svg/hardware-chip-outline.svg","587","NOT_FOUND"
"svg/hardware-chip-sharp.svg","8ed2a1debdefd6fd6dfdb1b034944491f111b180f986ce1441f82d2531b4c772","orgs/938847bd-ad89-4ee4-a8cc-4e62f513379a/apps/com.emberlink.pubqdemo/delta/9f28b9a6bcce865ac9cc69f932076240271532336110abcc08841faae610f491_svg/hardware-chip-sharp.svg","402","NOT_FOUND"
"svg/hardware-chip.svg","df75e8d0a5abce23953caa8aa8462e7ec2b041e35b69f56dc4bd9e0f700439b0","orgs/938847bd-ad89-4ee4-a8cc-4e62f513379a/apps/com.emberlink.pubqdemo/delta/3c5dc441817f30993b14bdb0cb24535dad46c5aa4f7793394e394b524b606069_svg/hardware-chip.svg","900","NOT_FOUND"
"svg/headset-outline.svg","bd5024f8247b55d3561ed8467fc344db1e9459b499c9f7d2d88cda8bdf27d443","orgs/938847bd-ad89-4ee4-a8cc-4e62f513379a/apps/com.emberlink.pubqdemo/delta/dfcb482d66ca898efab41d0ff45cfcc63eb1ed90bad8dc1decb117cac085ea79_svg/headset-outline.svg","681","NOT_FOUND"
"svg/headset-sharp.svg","b8dec45b636f11a150824b72051bfdfb53bf5e8e0b6ff31ec88a7648ab38dad0","orgs/938847bd-ad89-4ee4-a8cc-4e62f513379a/apps/com.emberlink.pubqdemo/delta/1989c3bbd143ff633ae5f99079307f58a420fcee85db7339e9bb4dd2d1b1bfda_svg/headset-sharp.svg","525","NOT_FOUND"
"svg/headset.svg","242860d3aa4562aa980574dbeafcdf9f6cb3eee9f334aad8bf0aa9baaeed0b4d","orgs/938847bd-ad89-4ee4-a8cc-4e62f513379a/apps/com.emberlink.pubqdemo/delta/b098fda402c0339abf2383f70d07f2f435da37bc0bb0f44cdc76478159ba897d_svg/headset.svg","849","NOT_FOUND"
"svg/heart-circle-outline.svg","e4f545d212072b43f16a348ef7060b33a327dfcf75a099ac2376d5f7abf50938","orgs/938847bd-ad89-4ee4-a8cc-4e62f513379a/apps/com.emberlink.pubqdemo/delta/0ed1c0ad2bfa6bf67fc5c42426496cedcb14cf38f3c26b636671183fb4895e14_svg/heart-circle-outline.svg","564","NOT_FOUND"
"svg/heart-circle-sharp.svg","d57a8130c6750684cb7ab3a5586988a9231fbc3c437183ceff09fd6e3b7a9012","orgs/938847bd-ad89-4ee4-a8cc-4e62f513379a/apps/com.emberlink.pubqdemo/delta/643c7bb4c91c6269e1f31b415db34dde543c5a3773d96bf17bae129127eed196_svg/heart-circle-sharp.svg","468","NOT_FOUND"
"svg/heart-circle.svg","f9e3d54b8e3e6925f0a9f35d8e0169b3123df483608f272cdbc4841dc1439732","orgs/938847bd-ad89-4ee4-a8cc-4e62f513379a/apps/com.emberlink.pubqdemo/delta/ed423a8b875b241e3af6f2336dd97fc2ce72dfbe8666a41cac0d0888d17a00c8_svg/heart-circle.svg","485","NOT_FOUND"
"svg/heart-dislike-circle-outline.svg","d56c323084cec23322722ef47339b842b2356bf883a4053e435ccb9b74849404","orgs/938847bd-ad89-4ee4-a8cc-4e62f513379a/apps/com.emberlink.pubqdemo/delta/cf8164a76ae9d891f7936aed3016609fb741398e01f31abf05d2cdabdfc03e61_svg/heart-dislike-circle-outline.svg","752","NOT_FOUND"
"svg/heart-dislike-circle-sharp.svg","cdd8d520760c020d72984502b4c6c319e30412a7ba9f1a81cdcf5b94ba3cd610","orgs/938847bd-ad89-4ee4-a8cc-4e62f513379a/apps/com.emberlink.pubqdemo/delta/48659338b71435750605ac633c521effd4e290c29bcd79591ad780ba8f573632_svg/heart-dislike-circle-sharp.svg","566","NOT_FOUND"
"svg/heart-dislike-circle.svg","55381dd57fdf2c22d22f9af7aaa0b1c1a07ea7223e2ff4705b43694f08757145","orgs/938847bd-ad89-4ee4-a8cc-4e62f513379a/apps/com.emberlink.pubqdemo/delta/cb28fa8630388892091d1e163e00a43ff6777b36ae197d1519974d21f68e253d_svg/heart-dislike-circle.svg","675","NOT_FOUND"
"svg/heart-dislike-outline.svg","48e62d5353401539b331d5b1b8b405f3db89a7c1f2efb8fc9a7d484b15a95922","orgs/938847bd-ad89-4ee4-a8cc-4e62f513379a/apps/com.emberlink.pubqdemo/delta/90f315e43c2244cd277a4a09c120ef8b9be686cacaa9ff49f437796c62d52135_svg/heart-dislike-outline.svg","879","NOT_FOUND"
"svg/heart-dislike-sharp.svg","d80725e1974ebdca807affe8549caf24b6b568f82a1aa2475a6024644083971a","orgs/938847bd-ad89-4ee4-a8cc-4e62f513379a/apps/com.emberlink.pubqdemo/delta/86b120900cc05a9881ea371216f58d96df4b5ac5372c6466c0b840ee025c142b_svg/heart-dislike-sharp.svg","528","NOT_FOUND"
"svg/heart-dislike.svg","deb4648f43aed68e2477f8e99f60b9ef124cef319e0ed5b97553dbafccc9c224","orgs/938847bd-ad89-4ee4-a8cc-4e62f513379a/apps/com.emberlink.pubqdemo/delta/f6297cd885fe828e766e98b93291cbb61d990b2c3197b9c967f05daf7a67553e_svg/heart-dislike.svg","585","NOT_FOUND"
"svg/heart-half-outline.svg","33e308767b6842785cb0a3e2b9962f49077de60f2d42f11767dd43a6f7b4ecea","orgs/938847bd-ad89-4ee4-a8cc-4e62f513379a/apps/com.emberlink.pubqdemo/delta/ff28d36e62e7879cbcd6001d28558205d30f0492a623c88b4e3d3dafe7401fe6_svg/heart-half-outline.svg","575","NOT_FOUND"
"svg/heart-half-sharp.svg","464aa4c999689bd55153a7d6ffd1b522387dd801282e7af333c148b0eb991d38","orgs/938847bd-ad89-4ee4-a8cc-4e62f513379a/apps/com.emberlink.pubqdemo/delta/1c52ec87a6732b5e47a5576ea42bd357bade49e3b1eb321f8242df2e85bf4a6d_svg/heart-half-sharp.svg","566","NOT_FOUND"
"svg/heart-half.svg","33e308767b6842785cb0a3e2b9962f49077de60f2d42f11767dd43a6f7b4ecea","orgs/938847bd-ad89-4ee4-a8cc-4e62f513379a/apps/com.emberlink.pubqdemo/delta/ff28d36e62e7879cbcd6001d28558205d30f0492a623c88b4e3d3dafe7401fe6_svg/heart-half.svg","575","NOT_FOUND"
"svg/heart-outline.svg","bc9b6fa763fa91143145f5866bac0568e4e1f48b7bae2cc7ec4b0c979268f728","orgs/938847bd-ad89-4ee4-a8cc-4e62f513379a/apps/com.emberlink.pubqdemo/delta/f3f9ef7a54168a5a30dbdd3b7058d25b48e2cbfb97cdca6e26a3a36a1e3613de_svg/heart-outline.svg","395","NOT_FOUND"
"svg/heart-sharp.svg","258f641fb8101ba802be9583d75d7e1383970d851599c3ed757b107499f1d5a3","orgs/938847bd-ad89-4ee4-a8cc-4e62f513379a/apps/com.emberlink.pubqdemo/delta/584d08829029959d22b88b6e78d18acdd5a216b5471796e60abfc41400cbc34b_svg/heart-sharp.svg","360","NOT_FOUND"
"svg/heart.svg","af3385cd8318f3e86f73b32273131f95d94076efb2ee02d21f399e9d793cfa63","orgs/938847bd-ad89-4ee4-a8cc-4e62f513379a/apps/com.emberlink.pubqdemo/delta/257ac9a72cf15d3d1bb99e060144260c244406c0a0eb6c91e5759b3d0073b100_svg/heart.svg","430","NOT_FOUND"
"svg/help-buoy-outline.svg","0c89cfbe396dceaad4a33f67c3f25758d184e44f638f6153edca1aa7c5eaf6b9","orgs/938847bd-ad89-4ee4-a8cc-4e62f513379a/apps/com.emberlink.pubqdemo/delta/f04476699f183e0e9b192b8ccd6ae2178ff4687083b8078c000aa8bea5f09054_svg/help-buoy-outline.svg","559","NOT_FOUND"
"svg/help-buoy-sharp.svg","358dd4d16967df406e4706500cd4e88358ca17524e8791288e73e4ae6299af6b","orgs/938847bd-ad89-4ee4-a8cc-4e62f513379a/apps/com.emberlink.pubqdemo/delta/855d88afb000c19faf504d85a557ef8b806a2639720dab930527fa770cefdf0e_svg/help-buoy-sharp.svg","659","NOT_FOUND"
"svg/help-buoy.svg","b643b9ab053a892fdbf8a4fd04c792d7f8e5601b33ca9d8cbc33bf0ff4e4ac14","orgs/938847bd-ad89-4ee4-a8cc-4e62f513379a/apps/com.emberlink.pubqdemo/delta/05f9293b4f40406461d91450d4c0252bc80730c859f2a4270acbdac7e55b9191_svg/help-buoy.svg","942","NOT_FOUND"
"svg/help-circle-outline.svg","354127c3b1f08efaf9e760de50b64836ee6ff9a1a6925bbbfc6450dac68fd312","orgs/938847bd-ad89-4ee4-a8cc-4e62f513379a/apps/com.emberlink.pubqdemo/delta/cb967eb5c04ddbd2698ae19de036a8ea7158a2be519bf7b6ae64864b17df408c_svg/help-circle-outline.svg","528","NOT_FOUND"
"svg/help-circle-sharp.svg","43ecfdf1c30b3c1dacc3fe073845c97b28b062336f4d51bb121bea39f25910e7","orgs/938847bd-ad89-4ee4-a8cc-4e62f513379a/apps/com.emberlink.pubqdemo/delta/fd2b0f26c5bc3093b2d6b4461b58029e7fb56950594c3456536f68cb94c9a876_svg/help-circle-sharp.svg","1335","NOT_FOUND"
"svg/help-circle.svg","bb5d93d07a03fec0697e966f25a709d53e53304e12499c9ae9b9f293c861c297","orgs/938847bd-ad89-4ee4-a8cc-4e62f513379a/apps/com.emberlink.pubqdemo/delta/f1051e71cf1734e6e29833c519448a28dd6cf6b70dcc3f62650714812da0876b_svg/help-circle.svg","633","NOT_FOUND"
"svg/help-outline.svg","d20821ef2999ed8cdca9f6669b24e0d0fe8cdc5c798f1ddb64b82ecccc9990bc","orgs/938847bd-ad89-4ee4-a8cc-4e62f513379a/apps/com.emberlink.pubqdemo/delta/7e2163ef3f5dcc5149c6869074c5d4beb940d935a5787643b77ec4126134d065_svg/help-outline.svg","399","NOT_FOUND"
"svg/help-sharp.svg","8767d8fb0dcfee0d748738a719aac212de38d374ca8c0e145bff60b6c078a37e","orgs/938847bd-ad89-4ee4-a8cc-4e62f513379a/apps/com.emberlink.pubqdemo/delta/055d00f3b211f309a59e730763fdbabb1f78eb7b2bc91cc50ee8594807742b8c_svg/help-sharp.svg","432","NOT_FOUND"
"svg/help.svg","d20821ef2999ed8cdca9f6669b24e0d0fe8cdc5c798f1ddb64b82ecccc9990bc","orgs/938847bd-ad89-4ee4-a8cc-4e62f513379a/apps/com.emberlink.pubqdemo/delta/7e2163ef3f5dcc5149c6869074c5d4beb940d935a5787643b77ec4126134d065_svg/help.svg","399","NOT_FOUND"
"svg/home-outline.svg","5f1ba6d88e427b047c57411ca1be86e21b9e11ad83cafb5d13fc05a48bbefa3a","orgs/938847bd-ad89-4ee4-a8cc-4e62f513379a/apps/com.emberlink.pubqdemo/delta/545f970c26cf70d39710f0ebf021c570f9c2c3840f7deae07c5f31fbce503f81_svg/home-outline.svg","470","NOT_FOUND"
"svg/home-sharp.svg","05d67285efe91317094e06e0a5c724d32807facce6d8b2a6aee6df752dfdae7b","orgs/938847bd-ad89-4ee4-a8cc-4e62f513379a/apps/com.emberlink.pubqdemo/delta/a4ef1163f7f820e5cc687ae73427782b667effa790d6c0d6e3453e80125450b5_svg/home-sharp.svg","167","NOT_FOUND"
"svg/home.svg","355437db89128ec552d9be6a52a25e70d874e3f6316051d1f2800b5099c3769a","orgs/938847bd-ad89-4ee4-a8cc-4e62f513379a/apps/com.emberlink.pubqdemo/delta/ab795cc6a7d2e1587a3ec4a4ffd3e24d94a4bce75b5f111a8bcd047bb97c5584_svg/home.svg","633","NOT_FOUND"
"svg/hourglass-outline.svg","5404539813887804068c34dce3cf826a01cee10696af5a8cae5a877affd2b452","orgs/938847bd-ad89-4ee4-a8cc-4e62f513379a/apps/com.emberlink.pubqdemo/delta/4933235f9b9a1a2c70a9acb48ca8f979c8b1e06143d506196f4345bf0be66bb4_svg/hourglass-outline.svg","715","NOT_FOUND"
"svg/hourglass-sharp.svg","d0a4d8c89d57cf5df3a61f180efddd8464fc15c76f0d4216ebf56ae00f69de65","orgs/938847bd-ad89-4ee4-a8cc-4e62f513379a/apps/com.emberlink.pubqdemo/delta/847b3ea34abf6750d458c976a7ffa81e8d9cd1c3f1526bb233cc896c75715d6c_svg/hourglass-sharp.svg","198","NOT_FOUND"
"svg/hourglass.svg","9c249207c940914b71816d9a528ceb759cfcf6f3fe1f74739656a88e98600aaa","orgs/938847bd-ad89-4ee4-a8cc-4e62f513379a/apps/com.emberlink.pubqdemo/delta/ff2ae588408fd908a97b26056f1dab5c1a1571ae1ed6eca6a5553754159023e9_svg/hourglass.svg","862","NOT_FOUND"
"svg/ice-cream-outline.svg","7c1a71ca81ef568cd6af6fc5962c9d030c089cbd64112901eb80eab7af6ac94b","orgs/938847bd-ad89-4ee4-a8cc-4e62f513379a/apps/com.emberlink.pubqdemo/delta/cd3a0d096d0b40075e6cc75c2e7ba025b70f89c9e3843795e336e0d4b7578ae1_svg/ice-cream-outline.svg","594","NOT_FOUND"
"svg/ice-cream-sharp.svg","51f2e849a235eb0178b173a7dbd0574e6bed58a477fb0388650db919f457cd80","orgs/938847bd-ad89-4ee4-a8cc-4e62f513379a/apps/com.emberlink.pubqdemo/delta/05c03e7814241c895281f8ac22c3456bb8487bf6b9ff2f8d97cc47b141c19505_svg/ice-cream-sharp.svg","535","NOT_FOUND"
"svg/ice-cream.svg","8bad7c7f2fe3ab8ce6dceabf49487c239aabc2d1fa9bc91185f7495390dccce9","orgs/938847bd-ad89-4ee4-a8cc-4e62f513379a/apps/com.emberlink.pubqdemo/delta/65975c5109bd753aa1dc7dcedaf527d6cad63e5dda4a30cc8b6033d05b21d956_svg/ice-cream.svg","702","NOT_FOUND"
"svg/id-card-outline.svg","517faf66bc44a20e44c3c6d333e4a352e5af0864d6e7bf9c0a5e295baaf9c086","orgs/938847bd-ad89-4ee4-a8cc-4e62f513379a/apps/com.emberlink.pubqdemo/delta/799addac8bdc0ffa2f4a5b7d805c2ffe376c1477b27ea02d5202017144ed9865_svg/id-card-outline.svg","762","NOT_FOUND"
"svg/id-card-sharp.svg","e77fba6ec4a56f4b5aac617a7693c6beea61e90993674d3b45462f136edcc6e2","orgs/938847bd-ad89-4ee4-a8cc-4e62f513379a/apps/com.emberlink.pubqdemo/delta/5ba036d11c01cd514e2f9e1bff67017fe211fbd007ccb03ec64f2bbf4e076fc4_svg/id-card-sharp.svg","336","NOT_FOUND"
"svg/id-card.svg","14ca107d109c58d5d744c6fb4f1c0100bf5dd72423916b823e8cf638de0ea7b0","orgs/938847bd-ad89-4ee4-a8cc-4e62f513379a/apps/com.emberlink.pubqdemo/delta/8e4e05b4fdb30a0aa9c7b8fbf3d1fa501d99ae9ebcd48f3ffed0a6948c7c3703_svg/id-card.svg","708","NOT_FOUND"
"svg/image-outline.svg","bbc3ee8b1f5a2933add254247bb551f57712f22b74f93a7a8e67d426e0b44ca7","orgs/938847bd-ad89-4ee4-a8cc-4e62f513379a/apps/com.emberlink.pubqdemo/delta/c996de2282aee3536a9e829107a5501814b3320c8a7f0fb4752f18d6dfffc5cc_svg/image-outline.svg","529","NOT_FOUND"
"svg/image-sharp.svg","0fa4d6ff2ae980b6be88cba1b042bdf9941adb3b6320eadcf022a60b288dc3d3","orgs/938847bd-ad89-4ee4-a8cc-4e62f513379a/apps/com.emberlink.pubqdemo/delta/7e0b3ab15e570ffc4a8c648bc2a807bf9abf1da67ef61e4fbf17df358a7bc5f4_svg/image-sharp.svg","375","NOT_FOUND"
"svg/image.svg","ff7ef4a8cf5a6b9492b850907b9c8f673a2f2fa2bec267e723be9a7957d311d6","orgs/938847bd-ad89-4ee4-a8cc-4e62f513379a/apps/com.emberlink.pubqdemo/delta/9f57de4537587f1ad9fcbeec9e80fe1e21e0ec7c7670fb8598f0537f2ffdd19b_svg/image.svg","443","NOT_FOUND"
"svg/images-outline.svg","9aa758a83a0f8bc04822187a94cbda52f0a9886a8baec6b60831e18879ca25bb","orgs/938847bd-ad89-4ee4-a8cc-4e62f513379a/apps/com.emberlink.pubqdemo/delta/0fca23a1fc742e945cf0c25a3aa68dfcbc1a999b16bc5ff9af26fa4a57accbb5_svg/images-outline.svg","755","NOT_FOUND"
"svg/images-sharp.svg","5ffb79bd872674c60450c25c170ab5a8ac6a386def4df65b18d523e292c3c72c","orgs/938847bd-ad89-4ee4-a8cc-4e62f513379a/apps/com.emberlink.pubqdemo/delta/4850c1f49f8f890087d511750fdafa736150f6c991af1fd906d438fe08cc2933_svg/images-sharp.svg","531","NOT_FOUND"
"svg/images.svg","1a739353b10df438b0218b06dfb987daf1d1131d24aab61e4f89384174b122fe","orgs/938847bd-ad89-4ee4-a8cc-4e62f513379a/apps/com.emberlink.pubqdemo/delta/921b435db2ffaed57633c8171acf77353a391c9898586cfe75d73f81b14f47ed_svg/images.svg","623","NOT_FOUND"
"svg/infinite-outline.svg","1708c77150f55ad482225eb472aea0d706690060310398f892b13662c5aa27f6","orgs/938847bd-ad89-4ee4-a8cc-4e62f513379a/apps/com.emberlink.pubqdemo/delta/7f83c6de0c7ac075a88f03f5bb68dd50d2ee5dd0db2bb1dc37c039d02a492b37_svg/infinite-outline.svg","351","NOT_FOUND"
"svg/infinite-sharp.svg","1bd222abe676c475163aedeeab2fb13092861992a24962a6883b8e8b4cdfa1c5","orgs/938847bd-ad89-4ee4-a8cc-4e62f513379a/apps/com.emberlink.pubqdemo/delta/036349f73e6da8bad5273c335e90c73da2d18c293e4bb320badaac13e9859f79_svg/infinite-sharp.svg","600","NOT_FOUND"
"svg/infinite.svg","12e639d0e0f358749de450f1a2305d89d9ad0eb4245f343c59779935455852d1","orgs/938847bd-ad89-4ee4-a8cc-4e62f513379a/apps/com.emberlink.pubqdemo/delta/dc92d91baeeebd29db8ac8ae33c7b0302fea30c05b30e19b93ef2f84fbba70c4_svg/infinite.svg","353","NOT_FOUND"
"svg/information-circle-outline.svg","ef44b9cb2fb5fff6ff1b185ceb45b19ea72539217baa92c1b37c2cea7eb4f1db","orgs/938847bd-ad89-4ee4-a8cc-4e62f513379a/apps/com.emberlink.pubqdemo/delta/1026aebb722fda41ca6ba3b1c7fbd5d76a913ee5f80285428a127b155a090b61_svg/information-circle-outline.svg","547","NOT_FOUND"
"svg/information-circle-sharp.svg","98681dc8ac1850e1b551e2aae9e6f18c9fc6ed643a699a7549080ac5093e6bf2","orgs/938847bd-ad89-4ee4-a8cc-4e62f513379a/apps/com.emberlink.pubqdemo/delta/c65a9a88b112dfb9e1482c89cbeba4eb037f5e35132a19774915f39d7fa4487a_svg/information-circle-sharp.svg","265","NOT_FOUND"
"svg/information-circle.svg","258664bd5dd22a642eb1cd8dd5e177fa372352d34dbf3fc7fe8eeb8de5ea07a4","orgs/938847bd-ad89-4ee4-a8cc-4e62f513379a/apps/com.emberlink.pubqdemo/delta/d4f9ba261bb4c70da4d5d29908ef49db740a6f0df1442e06a0910ca8dfa0d4f6_svg/information-circle.svg","325","NOT_FOUND"
"svg/information-outline.svg","ed199807e95fc91559f35a04864ea2b894b91a11d52983e59e0c2f3b946b16bc","orgs/938847bd-ad89-4ee4-a8cc-4e62f513379a/apps/com.emberlink.pubqdemo/delta/da194c4a3197a0b2f8cc8236d532250b5714a5bf3f1fadac28a57ca1e15c73e2_svg/information-outline.svg","376","NOT_FOUND"
"svg/information-sharp.svg","f88ef26e8eae231f643ae3a3e315aded0bc1d6203d67b874b409375d9a3097d5","orgs/938847bd-ad89-4ee4-a8cc-4e62f513379a/apps/com.emberlink.pubqdemo/delta/9ed31412e0ac62ff4ef5351e66db1ba47ed8d8115410b3a32b06d9ec672980ea_svg/information-sharp.svg","272","NOT_FOUND"
"svg/information.svg","ed199807e95fc91559f35a04864ea2b894b91a11d52983e59e0c2f3b946b16bc","orgs/938847bd-ad89-4ee4-a8cc-4e62f513379a/apps/com.emberlink.pubqdemo/delta/da194c4a3197a0b2f8cc8236d532250b5714a5bf3f1fadac28a57ca1e15c73e2_svg/information.svg","376","NOT_FOUND"
"svg/invert-mode-outline.svg","2665a715f4a5b4baf294dc7494c8f2fea6ccac1a839f2e4af04d3025594afaac","orgs/938847bd-ad89-4ee4-a8cc-4e62f513379a/apps/com.emberlink.pubqdemo/delta/f7d72071ca953d6af5715b087a4ce55f10e9893b14e19e92500ef460d4b7df7e_svg/invert-mode-outline.svg","308","NOT_FOUND"
"svg/invert-mode-sharp.svg","4b70bd21a8857f23cd747374afe9350d2cf1fcaee976e102f9a5107e7138d58f","orgs/938847bd-ad89-4ee4-a8cc-4e62f513379a/apps/com.emberlink.pubqdemo/delta/30b3a5d7c68e2a19eb20c835559541018e31fde765a7c9b8e24d54f27fa7b378_svg/invert-mode-sharp.svg","298","NOT_FOUND"
"svg/invert-mode.svg","8b44d5b38b9442c34babe8f0e4d55be43dcf8242600f9a36c7085593375ae00c","orgs/938847bd-ad89-4ee4-a8cc-4e62f513379a/apps/com.emberlink.pubqdemo/delta/baeceabc180fdb99ec344348ab681227546dd232edbf582c62ee5d0a6cad680e_svg/invert-mode.svg","309","NOT_FOUND"
"svg/inverto.svg","586290dcf8545745253a5abb18fb14fcca6edc88a3f7e1e6ab7db99b4cecf2c8","orgs/938847bd-ad89-4ee4-a8cc-4e62f513379a/apps/com.emberlink.pubqdemo/delta/ab61b3b2dd3ab0669bd13fd0b88855f00f58215e2a8e3b4fffe8b3bfec06349a_svg/inverto.svg","0","NOT_FOUND"
"svg/journal-outline.svg","1541bcb4059a571a37be9d364147e3f3afaf63b733d0e8a68c43ac68332063d1","orgs/938847bd-ad89-4ee4-a8cc-4e62f513379a/apps/com.emberlink.pubqdemo/delta/7634b16c4918156a79b8c63a1cc1e8eda805cbea0b641b621e86334f48e16636_svg/journal-outline.svg","310","NOT_FOUND"
"svg/journal-sharp.svg","4178f5625d0042aa0d8bf71b67f9a5aee4e898b6d4d112cae8af6af5845a0b17","orgs/938847bd-ad89-4ee4-a8cc-4e62f513379a/apps/com.emberlink.pubqdemo/delta/7a08bb756e14d76d423ad593ced9159b6b90f730efa0dd2d5e8ea4c3c721a530_svg/journal-sharp.svg","209","NOT_FOUND"
"svg/journal.svg","0ee363a931f1be86d240101480e3665671b94937c602b71e09b148283880fcb3","orgs/938847bd-ad89-4ee4-a8cc-4e62f513379a/apps/com.emberlink.pubqdemo/delta/9d29114f4db887488f28b747cb7ecd64d2c65ab0922da9ac54f6a548a630ef70_svg/journal.svg","233","NOT_FOUND"
"svg/key-outline.svg","8369cedf2323e7caf2ac34efadadd9805c305b5d0115bd82f6c71fc1a05f80b9","orgs/938847bd-ad89-4ee4-a8cc-4e62f513379a/apps/com.emberlink.pubqdemo/delta/cd0c23efb1df663b3152b3b2a9d27e7b006a192615eba60a8bb8c96336b28c5c_svg/key-outline.svg","713","NOT_FOUND"
"svg/key-sharp.svg","9969f96a94b29e87aef6237eaf85cadfb82e47cb63bef51a62f0d487908df05a","orgs/938847bd-ad89-4ee4-a8cc-4e62f513379a/apps/com.emberlink.pubqdemo/delta/ba8e591b952aaeaea95df369dab44873676f1d7e8623d00de8046fde73ebcd0e_svg/key-sharp.svg","445","NOT_FOUND"
"svg/key.svg","32c2dddd2eb886127b2e41f9653e74c2f55e8ef8793687071694e7a951f54262","orgs/938847bd-ad89-4ee4-a8cc-4e62f513379a/apps/com.emberlink.pubqdemo/delta/58ae08ce0bb525d78be8002214cf7d30af0d581a6fe17528affdda9d36d9ad21_svg/key.svg","640","NOT_FOUND"
"svg/keypad-outline.svg","17f82f65399295a04f029c6c2de2933d13c8ac7685c40c3a153a4427fb356fc8","orgs/938847bd-ad89-4ee4-a8cc-4e62f513379a/apps/com.emberlink.pubqdemo/delta/4b7a8a8258b2d1e0b44613a9fd05b2f2e5acfe0a6689a5b478e0632faf2f5e37_svg/keypad-outline.svg","1144","NOT_FOUND"
"svg/keypad-sharp.svg","c7773d54aa15b9964456d42796d2a1ac4a71bf4db678e4c256c260da97e787ed","orgs/938847bd-ad89-4ee4-a8cc-4e62f513379a/apps/com.emberlink.pubqdemo/delta/682339a9fd27d63706ea135727bd3e5be509e6c75efa7cd00fb701d3ed07354d_svg/keypad-sharp.svg","678","NOT_FOUND"
"svg/keypad.svg","0dd21d94fc276c525b3218b50e9af5109b94a2dfea8510b7ff86fbb229d52ccb","orgs/938847bd-ad89-4ee4-a8cc-4e62f513379a/apps/com.emberlink.pubqdemo/delta/251c02770d5196e4864fb7d628bb50129b3a84b32e472e0672e7647e1d29a5c3_svg/keypad.svg","533","NOT_FOUND"
"svg/language-outline.svg","1fdc3a548ed711a377591e876b2e41b55a9e4cdcf35e04c5b1f7a242434a9572","orgs/938847bd-ad89-4ee4-a8cc-4e62f513379a/apps/com.emberlink.pubqdemo/delta/7a99fb5429b0c993927d4b5265511de4d881ac227c19924b58715a22e9c2e324_svg/language-outline.svg","426","NOT_FOUND"
"svg/language-sharp.svg","22c66799efae10bc3b3fceb441506f4a33e30ab04e2796edf62fbce6de2428ce","orgs/938847bd-ad89-4ee4-a8cc-4e62f513379a/apps/com.emberlink.pubqdemo/delta/82fee60b0e357953496e91ff578afa20ac2541a42fde5091d252dd4559718b99_svg/language-sharp.svg","580","NOT_FOUND"
"svg/language.svg","96949f41ca04ca5db4d622bea83a903c4e89cdba04e42ee062ae4de152563ee3","orgs/938847bd-ad89-4ee4-a8cc-4e62f513379a/apps/com.emberlink.pubqdemo/delta/11ea6e9962f875112c41f6e1387a96f371556f8bebdaa967ac41ee9a6cfa4317_svg/language.svg","757","NOT_FOUND"
"svg/laptop-outline.svg","654629b51d9b1c1b3dbbe7acdc960fd45380d23523dfdcdb09212b261be8f0d7","orgs/938847bd-ad89-4ee4-a8cc-4e62f513379a/apps/com.emberlink.pubqdemo/delta/fea41ba65706a8e5b711605713624ab3ece8caa0ef9616652f6724e473bae5b6_svg/laptop-outline.svg","321","NOT_FOUND"
"svg/laptop-sharp.svg","fc10d38d7354ac4fd654108d53f4929ea23cbf5b7090509ab6c3480fd94018c8","orgs/938847bd-ad89-4ee4-a8cc-4e62f513379a/apps/com.emberlink.pubqdemo/delta/c0bbe8feea0e242d0398169dbc3f79fbcd4dcac987932a7ff6553230fa94b837_svg/laptop-sharp.svg","220","NOT_FOUND"
"svg/laptop.svg","a39d672730b3ee67cfadf965de0a75a732f929ed914d9261218a6ba28ba6d2b6","orgs/938847bd-ad89-4ee4-a8cc-4e62f513379a/apps/com.emberlink.pubqdemo/delta/72307919f2950daa222f2d6b230bd137ba2f379508a50b2ab55e1f272e18cca9_svg/laptop.svg","281","NOT_FOUND"
"svg/layers-outline.svg","ad75391692883cdd85ec35daa87436a1756fc1110235234d0d0bf3d1de93a6d7","orgs/938847bd-ad89-4ee4-a8cc-4e62f513379a/apps/com.emberlink.pubqdemo/delta/e83fbc70f9b807820a95e1ccb96ee4c472d522bf882cb39be1141569a63c852b_svg/layers-outline.svg","727","NOT_FOUND"
"svg/layers-sharp.svg","331c2afdebeb24613095a890227fc40a1fa581e1224c7135bd28fcca3ac73de2","orgs/938847bd-ad89-4ee4-a8cc-4e62f513379a/apps/com.emberlink.pubqdemo/delta/25a9a87b61a21d72cc798c2f19704141b0eecd1d92bd8f8b3d0eb7802716c398_svg/layers-sharp.svg","263","NOT_FOUND"
"svg/layers.svg","a9efc7f81f27c2d4c353bda0e2a8b269f70a16e91b8671708c7b090fc7eda975","orgs/938847bd-ad89-4ee4-a8cc-4e62f513379a/apps/com.emberlink.pubqdemo/delta/e6503003a10494197651f274a98739b1df76d452a5d1e0525338835baadb4f96_svg/layers.svg","1011","NOT_FOUND"
"svg/leaf-outline.svg","d7d778430c97eea47a9c9763206a8d795c035fd5f78b0304ca719afbc9e59123","orgs/938847bd-ad89-4ee4-a8cc-4e62f513379a/apps/com.emberlink.pubqdemo/delta/2fed8ec7eb8c7ec9c5a0c17f76bfc77c66675a001169af22972ab22f0e686725_svg/leaf-outline.svg","456","NOT_FOUND"
"svg/leaf-sharp.svg","01b79cae4e9b327ba6f56ae50e89e6c9d7a7271e9fae9bd050e1418121363d91","orgs/938847bd-ad89-4ee4-a8cc-4e62f513379a/apps/com.emberlink.pubqdemo/delta/6f34da5db61363fc0aae1dcbee8cdd5f055f881e80fa79a9cc1191c5c5e07505_svg/leaf-sharp.svg","715","NOT_FOUND"
"svg/leaf.svg","c1ac1d69837875ff508cf03a11287261d1afad568c4bd24c9309ee1db5487c38","orgs/938847bd-ad89-4ee4-a8cc-4e62f513379a/apps/com.emberlink.pubqdemo/delta/a5a4c8a133b96a327841ae79a9e5c9cdfffedf5381070301d8966c35c3210508_svg/leaf.svg","737","NOT_FOUND"
"svg/library-outline.svg","d6a536df43f28cab3389a6b4b85255a6686189f3658f67ce834b7962357117bd","orgs/938847bd-ad89-4ee4-a8cc-4e62f513379a/apps/com.emberlink.pubqdemo/delta/c9244ab995028d108fca5709a24248662bfda51dc509514e65ca1aeaf78dcc40_svg/library-outline.svg","889","NOT_FOUND"
"svg/library-sharp.svg","66eefe5f5d03fc644d545b62bc073f19833a733798b9ac8a596654802c707a4b","orgs/938847bd-ad89-4ee4-a8cc-4e62f513379a/apps/com.emberlink.pubqdemo/delta/576dd8d45631fe9cbbf9cc579fe96892c85dce2bd981a38276baa296d683d50d_svg/library-sharp.svg","557","NOT_FOUND"
"svg/library.svg","207d7246ecdba46638df156de9c02be516cd6e1759caca371c77f82d76b17906","orgs/938847bd-ad89-4ee4-a8cc-4e62f513379a/apps/com.emberlink.pubqdemo/delta/15f4fe031bb6ad83d86d89882a2af25f5649968b2363b1d8e16aaef00856458c_svg/library.svg","713","NOT_FOUND"
"svg/link-outline.svg","9340c3e53591a3ba5dee2e2905d5e0d2c1f103dc2264678b3c32de94ea1f3a84","orgs/938847bd-ad89-4ee4-a8cc-4e62f513379a/apps/com.emberlink.pubqdemo/delta/5fcf970bd030e73afd0ea86c927435efc2bec7804676274cbcc4849836b97e52_svg/link-outline.svg","273","NOT_FOUND"
"svg/link-sharp.svg","fa4389642c7a238c64deafd64ee7f3b73a6e4950c887265bf5e953beaed71542","orgs/938847bd-ad89-4ee4-a8cc-4e62f513379a/apps/com.emberlink.pubqdemo/delta/486e0935d6686f02650a6590812924af1a20b463dd60f2d2330cda5e3aebcfba_svg/link-sharp.svg","287","NOT_FOUND"
"svg/link.svg","ac501843c8dd305d0aeff75d3b9e38951dfd0d0002c1e2250bc783ce667b6abc","orgs/938847bd-ad89-4ee4-a8cc-4e62f513379a/apps/com.emberlink.pubqdemo/delta/bc2072692680fb2a387d3a64d649d8fd35a1a1832ceef76a870b2d8815c8a52e_svg/link.svg","286","NOT_FOUND"
"svg/list-circle-outline.svg","f5de88a7f8ad5d4ca87f52f0792264969dca89b747b029f03bb708ed7babf436","orgs/938847bd-ad89-4ee4-a8cc-4e62f513379a/apps/com.emberlink.pubqdemo/delta/3e9c774d8d9ad338680063ba73172fadd20c7b1f6af9b4ede14470d8eb3e39cd_svg/list-circle-outline.svg","763","NOT_FOUND"
"svg/list-circle-sharp.svg","331758354b6f0310a84e3dbf9c6b4141d1535654810e0d6140a8e9454e1a322d","orgs/938847bd-ad89-4ee4-a8cc-4e62f513379a/apps/com.emberlink.pubqdemo/delta/cc1a0dbd45d90ac056df887fb4aed31af4dd22b3aeade12725063ea9630755a7_svg/list-circle-sharp.svg","521","NOT_FOUND"
"svg/list-circle.svg","902efea55b2bfd72627642fb926105e0e06b5cc0d94ccf5108c93d5f3e49bf32","orgs/938847bd-ad89-4ee4-a8cc-4e62f513379a/apps/com.emberlink.pubqdemo/delta/6ff40131c7b1ac1ec06f3f2ca48724c98a4fec67e83c644bedbee98d7f08ca41_svg/list-circle.svg","453","NOT_FOUND"
"svg/list-outline.svg","c4d62418a1f2aa01885e5c91d8de38ebbf4bda74f2267eb3c69b76c4d1df4cd7","orgs/938847bd-ad89-4ee4-a8cc-4e62f513379a/apps/com.emberlink.pubqdemo/delta/5991be628ea7868ef36a45e0f9092619c18601fa8d89b615b331bc470e8bedeb_svg/list-outline.svg","607","NOT_FOUND"
"svg/list-sharp.svg","0ada26cdabbf325d6168092b1f35119622ad8ee2271c6729526e3436342cfe45","orgs/938847bd-ad89-4ee4-a8cc-4e62f513379a/apps/com.emberlink.pubqdemo/delta/08f36782c869636190d5eae400fd19a103b913dc9863def8aae33638e217f1de_svg/list-sharp.svg","360","NOT_FOUND"
"svg/list.svg","6067710e8ab99723a407b39949797ebd8b9f17dfd4ef143f0dca128feceac0c5","orgs/938847bd-ad89-4ee4-a8cc-4e62f513379a/apps/com.emberlink.pubqdemo/delta/14e953ee5037b6b413343cb30c0ab4368e3481ae482feb58dd6e2f21fc787861_svg/list.svg","606","NOT_FOUND"
"svg/locate-outline.svg","b1afcbb8eec81f8beabc213b8855c29c35116cc64488619dc14533c9caf924ab","orgs/938847bd-ad89-4ee4-a8cc-4e62f513379a/apps/com.emberlink.pubqdemo/delta/ef71db911759c0d82e2e7929e965c665c67d70c1cd48311441980c95e13d778e_svg/locate-outline.svg","472","NOT_FOUND"
"svg/locate-sharp.svg","c65a665d8911aeb4c29a7b76d4ff27ce7d80678f29495059d700b318631131fc","orgs/938847bd-ad89-4ee4-a8cc-4e62f513379a/apps/com.emberlink.pubqdemo/delta/a2990c92e27268e110a1eaab6481bbc8cad910aaeef2c71f9b05b47d51486756_svg/locate-sharp.svg","286","NOT_FOUND"
"svg/locate.svg","891fff7729ec98491941cfdfd7a82c659209a5df2aabb0ba95d1e7ab2a891d39","orgs/938847bd-ad89-4ee4-a8cc-4e62f513379a/apps/com.emberlink.pubqdemo/delta/8f0729cd05f9c736533f66bfd077585c0a76bc2e978f4ec2277d5ae65d3b9243_svg/locate.svg","284","NOT_FOUND"
"svg/location-outline.svg","72a8c84ab37ee902396d1a292ea3317cd22dfa77952b692feda4dd46c216c2b1","orgs/938847bd-ad89-4ee4-a8cc-4e62f513379a/apps/com.emberlink.pubqdemo/delta/bdef9ae468a8b129057c98e51ecde649f1b04295bd0beafb6dc64c16e0cee686_svg/location-outline.svg","460","NOT_FOUND"
"svg/location-sharp.svg","1c1ba2e5c10787d5732b00589dda9164d82cdc9b2fb805c895579e302b2a44e4","orgs/938847bd-ad89-4ee4-a8cc-4e62f513379a/apps/com.emberlink.pubqdemo/delta/46ca0c1001d59ee98002baa97e8eb51dcf42de5664e49c0bfe98411dd179378c_svg/location-sharp.svg","241","NOT_FOUND"
"svg/location.svg","ae0fe7a745d77277cbdd0fd8acf8fbc32d4f9cf4e25196b0ba7a2bb556fcb9f9","orgs/938847bd-ad89-4ee4-a8cc-4e62f513379a/apps/com.emberlink.pubqdemo/delta/9a994243a569f9599c28e1414de6ee4180bf14db32a4c0e739ae4cfead8f8ec2_svg/location.svg","392","NOT_FOUND"
"svg/lock-closed-outline.svg","71ebae46425eda5f67ecbb704e08983f70fadca11a66fab4260e78586ecc9638","orgs/938847bd-ad89-4ee4-a8cc-4e62f513379a/apps/com.emberlink.pubqdemo/delta/fd9a719b63a57105a941213075b0cff4bc51aeadc231298aa2d1890a2404f3e8_svg/lock-closed-outline.svg","380","NOT_FOUND"
"svg/lock-closed-sharp.svg","b18d963ea72269fb4cb28485a8a17298e10e0c5a7764ddb52515706cacec1d6a","orgs/938847bd-ad89-4ee4-a8cc-4e62f513379a/apps/com.emberlink.pubqdemo/delta/2e6dbbc69d5450239ac9b8e96f4d2a1a42fb8e912177f8e3afdb8d6e6aad156e_svg/lock-closed-sharp.svg","257","NOT_FOUND"
"svg/lock-closed.svg","8b4a51e0649e602ace800d78b319c6f33bb3f7aa39152b969f1bed77e724015e","orgs/938847bd-ad89-4ee4-a8cc-4e62f513379a/apps/com.emberlink.pubqdemo/delta/778d3595ecf46366cb8ff6d42522d0f246437dd9b418c5e5e54399025b803885_svg/lock-closed.svg","278","NOT_FOUND"
"svg/lock-open-outline.svg","21bf7b0e7369b75581f15e26dfe9075158a797170717cc1834653352f4171e27","orgs/938847bd-ad89-4ee4-a8cc-4e62f513379a/apps/com.emberlink.pubqdemo/delta/61d10984a38ec7c2964ff5ecad24005dc9cdd81f69c0b0c5504080ea9cb3da1c_svg/lock-open-outline.svg","376","NOT_FOUND"
"svg/lock-open-sharp.svg","3005763a3d14bcb417b084f1bf3f2e0175d5cb331d8a21102b909262468335ed","orgs/938847bd-ad89-4ee4-a8cc-4e62f513379a/apps/com.emberlink.pubqdemo/delta/78df6ce1d96651a7602088fa5c00c26f5fcdc68ee8f4ac86d8c0db2e044d893e_svg/lock-open-sharp.svg","280","NOT_FOUND"
"svg/lock-open.svg","1676abbca1503ba665bf160e5d9a1e624698aeae209c665dc447c08c7b100d1e","orgs/938847bd-ad89-4ee4-a8cc-4e62f513379a/apps/com.emberlink.pubqdemo/delta/7e49976ed93f401f39ab81f9e76c4a8379c6397b6f7c8b0c4136c43354d95be8_svg/lock-open.svg","280","NOT_FOUND"
"svg/log-in-outline.svg","ac02639dddeb337e27dfe921ea48c560782366f651ff813ed0caa05ce80f0ce5","orgs/938847bd-ad89-4ee4-a8cc-4e62f513379a/apps/com.emberlink.pubqdemo/delta/01eb71117a17b624bb7fb05bd98ebd584ab348fb375c0af9ffbb60e2b32d0ee0_svg/log-in-outline.svg","433","NOT_FOUND"
"svg/log-in-sharp.svg","d22c889d00131ae3aa17d822f46a82c5742658f8eab3a2c44f2c9021a9575545","orgs/938847bd-ad89-4ee4-a8cc-4e62f513379a/apps/com.emberlink.pubqdemo/delta/50ab642a59f0e2cdd6e51e1fda50340a07f60a9f997a86a0aafe4f4fe12e3b42_svg/log-in-sharp.svg","301","NOT_FOUND"
"svg/log-in.svg","e0e06cfa3de0eaba5d52b1d9ad06e568ccfe453081cd713b27f315e49b9f2bba","orgs/938847bd-ad89-4ee4-a8cc-4e62f513379a/apps/com.emberlink.pubqdemo/delta/612a831c3ecf43a341714e08d054875714ea470ee29c30ad255edef934824c02_svg/log-in.svg","366","NOT_FOUND"
"svg/log-out-outline.svg","d9183e9af6ff16784fbbadcd157b033493a989fa51ce5ac02480303c5381c767","orgs/938847bd-ad89-4ee4-a8cc-4e62f513379a/apps/com.emberlink.pubqdemo/delta/6efc0154196710104be88b842c562de2ca91339a70dae064371ae63fb2103d6d_svg/log-out-outline.svg","325","NOT_FOUND"
"svg/log-out-sharp.svg","9653e8c89f14699fee17054466d3ad7d1d8b0cb1f984d69488e79b5605825b3d","orgs/938847bd-ad89-4ee4-a8cc-4e62f513379a/apps/com.emberlink.pubqdemo/delta/976e681f0c784d59f475f1e8c426482956c6f992794a53e9ce4ae87386e48feb_svg/log-out-sharp.svg","308","NOT_FOUND"
"svg/log-out.svg","6b06d0f4b718988f3d730af5f845746c47891ca91ae7971c4adf7e016e4e8836","orgs/938847bd-ad89-4ee4-a8cc-4e62f513379a/apps/com.emberlink.pubqdemo/delta/64bb0ea2015027dba4e655e0d5c5e7a30807ca3d99348a26239250a8320ada74_svg/log-out.svg","392","NOT_FOUND"
"svg/logo-alipay.svg","69d7e561baa2677b5e35c506e2974336888187182a45716655c6446388c94b44","orgs/938847bd-ad89-4ee4-a8cc-4e62f513379a/apps/com.emberlink.pubqdemo/delta/a338a4b373412fb062994498d284b1c734818fe771da6743b04629d25db0a713_svg/logo-alipay.svg","792","NOT_FOUND"
"svg/logo-amazon.svg","17a0842889d1a5c1be6202de6038b9d065292a40ed70409c832c0ffb721d65fb","orgs/938847bd-ad89-4ee4-a8cc-4e62f513379a/apps/com.emberlink.pubqdemo/delta/c3d24852b71a9f79e07a990369a7a30acc848c015a67162502a1a36c86351760_svg/logo-amazon.svg","1387","NOT_FOUND"
"svg/logo-amplify.svg","0d809edf6291e3f2a4b4d15113b22ed8b8b246bbed1edb91d27fe28a664c305e","orgs/938847bd-ad89-4ee4-a8cc-4e62f513379a/apps/com.emberlink.pubqdemo/delta/c4ea84d3be98d2800afcc3ced0bc3300da71c087ee779d420e244e01ba35bf3e_svg/logo-amplify.svg","252","NOT_FOUND"
"svg/logo-android.svg","5fc53efe6cbd568e784b43da9ee4d2b964ecba81c3777b80a99a68d0702e2e2b","orgs/938847bd-ad89-4ee4-a8cc-4e62f513379a/apps/com.emberlink.pubqdemo/delta/9d3796796db960145a3a1a1c3fef353f6fd3e90843d53d71ce19d783f5fdaa4f_svg/logo-android.svg","501","NOT_FOUND"
"svg/logo-angular.svg","2106ae0c22b0da77f91da8eb227875746934757a1c3f5a4eed014fcb4ebe496d","orgs/938847bd-ad89-4ee4-a8cc-4e62f513379a/apps/com.emberlink.pubqdemo/delta/87bf66158c1bed954ce5c0a7f5448b90c72ceca62972557419a52e005fdc5c98_svg/logo-angular.svg","241","NOT_FOUND"
"svg/logo-appflow.svg","3a21f67404fd17c84231e8363d81e460ad2efdb0defaa1c58ae089e5b230f93d","orgs/938847bd-ad89-4ee4-a8cc-4e62f513379a/apps/com.emberlink.pubqdemo/delta/893fe41a4b62963febed3d893b8b7d5d61d42d1b94b8b301eca042ceed2cace2_svg/logo-appflow.svg","273","NOT_FOUND"
"svg/logo-apple-appstore.svg","c76e05b7e7f0d0c7857c812da8e58c5f844e74b84d1244ed05fd2db1808b3e15","orgs/938847bd-ad89-4ee4-a8cc-4e62f513379a/apps/com.emberlink.pubqdemo/delta/468cec50d7463d08f399df895db1e6b240539f167d3ce266b620d74b05efeb29_svg/logo-apple-appstore.svg","1022","NOT_FOUND"
"svg/logo-apple-ar.svg","b7c32c8ab053bae1b354e05db400871db85f4aa18512f72bfd09d6cd5acb2302","orgs/938847bd-ad89-4ee4-a8cc-4e62f513379a/apps/com.emberlink.pubqdemo/delta/0644ee304bd25751a62c9dcf42e8f25bba6f19724a4f19eb7480c2333d70c65d_svg/logo-apple-ar.svg","1639","NOT_FOUND"
"svg/logo-apple.svg","7ced5d4884f11d4a8cee9812e5b175d9dc145af53d6caa1bc432ecb01826fe5f","orgs/938847bd-ad89-4ee4-a8cc-4e62f513379a/apps/com.emberlink.pubqdemo/delta/d684b4a7e33f3fd73f6f15e972005fbf70c9051c07e1f03401b82cdc07fa24e1_svg/logo-apple.svg","624","NOT_FOUND"
"svg/logo-behance.svg","b970828f2550b86d7e63da729a2f9fd59df19be985ba066d6c1b65166c220652","orgs/938847bd-ad89-4ee4-a8cc-4e62f513379a/apps/com.emberlink.pubqdemo/delta/de8a2ea682193f199aed8daef6eaf39a3692854352e44db298c973369c52f0db_svg/logo-behance.svg","754","NOT_FOUND"
"svg/logo-bitbucket.svg","3d91aab41b21a8cb33da40d735bd92e6269ea7e7c9abd5a1230abb4dc02f959a","orgs/938847bd-ad89-4ee4-a8cc-4e62f513379a/apps/com.emberlink.pubqdemo/delta/f01fc49ae0a03a2c572dd23d815c6a75dd9a61c1a98d0e07813860fffe16eabc_svg/logo-bitbucket.svg","403","NOT_FOUND"
"svg/logo-bitcoin.svg","9439db41d68f9e8433ad28b60dccb456187f98ab2b18eceb35900c849ec95b62","orgs/938847bd-ad89-4ee4-a8cc-4e62f513379a/apps/com.emberlink.pubqdemo/delta/acee8e352ea47cfcafa78919501eceb47406f5ec66501871acddf88ffa496171_svg/logo-bitcoin.svg","938","NOT_FOUND"
"svg/logo-buffer.svg","3816e40c22b55c8e8961248d72eaf080b4658b913288bab23179df14005ad6f4","orgs/938847bd-ad89-4ee4-a8cc-4e62f513379a/apps/com.emberlink.pubqdemo/delta/bf05b86c0072146def1fb7d75dd442143ed06d4b349bca5e702de6dfd3b66b78_svg/logo-buffer.svg","1006","NOT_FOUND"
"svg/logo-capacitor.svg","37cbd55b542a540d0a91ba3a14323b942c2fe04217e5308b054f41e93b6bf6e3","orgs/938847bd-ad89-4ee4-a8cc-4e62f513379a/apps/com.emberlink.pubqdemo/delta/c4fccf7a09f176842ae5e7a8feb45cf383a62bde9993649d4eeb227a9c182443_svg/logo-capacitor.svg","286","NOT_FOUND"
"svg/logo-chrome.svg","0411733f5726c5faded5c764750d44396b6c8103a43b61524c082ced68892398","orgs/938847bd-ad89-4ee4-a8cc-4e62f513379a/apps/com.emberlink.pubqdemo/delta/1058a1abf5d7a9a81d952962164fc517b540d2bcf35b22e10d7a4b9b4e9e45b9_svg/logo-chrome.svg","874","NOT_FOUND"
"svg/logo-closed-captioning.svg","47a3e91cc4ad3e2a9df297596bf1fe3ee53afe90079ac3120f8ad5c269fc3d68","orgs/938847bd-ad89-4ee4-a8cc-4e62f513379a/apps/com.emberlink.pubqdemo/delta/f95a6fda0201eabc225bcd979422661b7e70df0506ffc2fb9113cd6e1030dbe1_svg/logo-closed-captioning.svg","1428","NOT_FOUND"
"svg/logo-codepen.svg","7810d8fb5c15ae3e67d8bcb2e5c28006b907ede003e08c830da33c2dd630c5dc","orgs/938847bd-ad89-4ee4-a8cc-4e62f513379a/apps/com.emberlink.pubqdemo/delta/5de4c910d93a488cad17532ad4e753ec9427fece91ff0abc70100a1b73ec340e_svg/logo-codepen.svg","1266","NOT_FOUND"
"svg/logo-css3.svg","485234aef6c1a0cb6bf2175c70b10a327cef174f019ebf989d154528e84d154e","orgs/938847bd-ad89-4ee4-a8cc-4e62f513379a/apps/com.emberlink.pubqdemo/delta/49ad78304b36aff4cabca309d7b5e270642987c8f79c325129c884522c5ca3f6_svg/logo-css3.svg","291","NOT_FOUND"
"svg/logo-designernews.svg","c65bb869ba63a6ce8766f93d886b5e1d301905cfb31aea1bc644f345d839ffe6","orgs/938847bd-ad89-4ee4-a8cc-4e62f513379a/apps/com.emberlink.pubqdemo/delta/f2e8905b611130d4486ccf22ce2c1c69c43e0a6d5dd7c8c426c54495059549c8_svg/logo-designernews.svg","439","NOT_FOUND"
"svg/logo-deviantart.svg","648c678ec54989603f2d94046516924af464f507753ef01fbe5716ef3af3cf32","orgs/938847bd-ad89-4ee4-a8cc-4e62f513379a/apps/com.emberlink.pubqdemo/delta/69e4763c148401f6796828a929e2ca6beda68981b596f2b1032e6fac2661bac0_svg/logo-deviantart.svg","260","NOT_FOUND"
"svg/logo-discord.svg","85f9a27c37357be9309ff650da8673794e7dc16a15e79693a7d745d18e8af349","orgs/938847bd-ad89-4ee4-a8cc-4e62f513379a/apps/com.emberlink.pubqdemo/delta/76f7543e10ddf40beb94cd248e634f28b9c815fa640cebbb2248b55891a3d3df_svg/logo-discord.svg","1200","NOT_FOUND"
"svg/logo-docker.svg","34fd01115ec04b5d113f7c0b1d2db6aac8953f55a16860057077f3ea5afe0b30","orgs/938847bd-ad89-4ee4-a8cc-4e62f513379a/apps/com.emberlink.pubqdemo/delta/9f5088a7660608fd00c692635ac36d192233356fd48a7e84fab7b3c657c3c1b3_svg/logo-docker.svg","1570","NOT_FOUND"
"svg/logo-dribbble.svg","39e515b9da71600492006b9ac7c61c50f41cd93d0be07b8ac4c15b3600a6a7d9","orgs/938847bd-ad89-4ee4-a8cc-4e62f513379a/apps/com.emberlink.pubqdemo/delta/bf69d74d9d2ce83d0447d2825c253d3a2c95a1b18342661bd75f2649bd938fa9_svg/logo-dribbble.svg","1106","NOT_FOUND"
"svg/logo-dropbox.svg","13ac5ef19cb0cfe552c591832e9c4cd48aa29d6b60e4734c1e2c984579bc5986","orgs/938847bd-ad89-4ee4-a8cc-4e62f513379a/apps/com.emberlink.pubqdemo/delta/de754b5ea2fca3af08a0ec6f263cbe68e089cfcd474551c4848c9700c04acd7e_svg/logo-dropbox.svg","339","NOT_FOUND"
"svg/logo-edge.svg","69729a6c660853604ac025e8b0af0803fb71212f2bf4ebdc6bd4c69edd4ac2a2","orgs/938847bd-ad89-4ee4-a8cc-4e62f513379a/apps/com.emberlink.pubqdemo/delta/20eff67c796bb204c1b1dba97d50b2a971d21b4a658084740ee3766a8156c0ca_svg/logo-edge.svg","548","NOT_FOUND"
"svg/logo-electron.svg","8c145e6e1434240e339276b80316854155b0c7df08fb2d686f675636a9532ef2","orgs/938847bd-ad89-4ee4-a8cc-4e62f513379a/apps/com.emberlink.pubqdemo/delta/909b00f756626282644f07214dc7428878b601b1a3759f31be711e6d0f15708b_svg/logo-electron.svg","2152","NOT_FOUND"
"svg/logo-euro.svg","69aea7f5f0294398a43753203ef0aeb80c47531ed1b2c956345ffde5a36b427c","orgs/938847bd-ad89-4ee4-a8cc-4e62f513379a/apps/com.emberlink.pubqdemo/delta/56945fc344e2e0b702fa15e68fb3518b9bcfd8dac7c32d2ce4dfb4905f047f0c_svg/logo-euro.svg","450","NOT_FOUND"
"svg/logo-facebook.svg","a4bdb5d31da8b7112f94195351586865458af464fd4166f92fe22aeacfe51479","orgs/938847bd-ad89-4ee4-a8cc-4e62f513379a/apps/com.emberlink.pubqdemo/delta/5b52dfbbf5d2ac1b810626e575f0ad342edc05ca8259b812d1b1a21a2100f72f_svg/logo-facebook.svg","422","NOT_FOUND"
"svg/logo-figma.svg","125600db12c3bcfdec610a1131e448a4d034cb1dfc69647148ec24c672b679af","orgs/938847bd-ad89-4ee4-a8cc-4e62f513379a/apps/com.emberlink.pubqdemo/delta/8347e8477816bc78c8a394257a183e0eeee89f0244625708b4b4ba1039badaf3_svg/logo-figma.svg","219","NOT_FOUND"
"svg/logo-firebase.svg","36f9186e0b1984a5d305126346bdb7982f4e7048250166d324d601fd7046aed1","orgs/938847bd-ad89-4ee4-a8cc-4e62f513379a/apps/com.emberlink.pubqdemo/delta/40cf70de46511991ba39d27d4ba6457fbe4f41a24d3430fe4df995c2c807ffd6_svg/logo-firebase.svg","322","NOT_FOUND"
"svg/logo-firefox.svg","acae369556820f49e29539ba69171166c1f297e1d698f0906b822068804caf83","orgs/938847bd-ad89-4ee4-a8cc-4e62f513379a/apps/com.emberlink.pubqdemo/delta/74eaa9f3c0aa860480bfafbe63a6ddd0008faddfa6eef2bcc3b9f0634df6e9a2_svg/logo-firefox.svg","832","NOT_FOUND"
"svg/logo-flickr.svg","1b3e7fdc82c6d4f4e442405a2cdb1aa3bf88963e2dfdceb22a780ee32281e307","orgs/938847bd-ad89-4ee4-a8cc-4e62f513379a/apps/com.emberlink.pubqdemo/delta/b3c74168c5d2d508030e458384045816740a7d926db1f90597f1f4631f6f8d22_svg/logo-flickr.svg","289","NOT_FOUND"
"svg/logo-foursquare.svg","d11b90e5782e2dfe8ec11fe05184177dc3e16cf63974741426ad4e619013fa58","orgs/938847bd-ad89-4ee4-a8cc-4e62f513379a/apps/com.emberlink.pubqdemo/delta/cdb40e0a8d6ba0e3b50ab2652eefc840a55c86ae2c5ea3a104b004fa9a2c49e8_svg/logo-foursquare.svg","760","NOT_FOUND"
"svg/logo-github.svg","d0315d6e69e26b19b738a2de7edf5f046edc056d145178f5c1019a52ecc8924c","orgs/938847bd-ad89-4ee4-a8cc-4e62f513379a/apps/com.emberlink.pubqdemo/delta/01a2d0e9405e6a52fd268569fabe421302e141ef46ead7e09c19f582b0ec932e_svg/logo-github.svg","878","NOT_FOUND"
"svg/logo-gitlab.svg","e02a97c259222198bb5ed3b392f32d822ecca44e726cbf5849b728442ae35ac7","orgs/938847bd-ad89-4ee4-a8cc-4e62f513379a/apps/com.emberlink.pubqdemo/delta/87ab38fa65eb02eae8bce647236065ad23fe06b3edac86c193792422355c1d93_svg/logo-gitlab.svg","694","NOT_FOUND"
"svg/logo-google-playstore.svg","cdb0b433ef80dbafe884a99c9f7ed8353209b571972e4bbcbe1fb1e08416afca","orgs/938847bd-ad89-4ee4-a8cc-4e62f513379a/apps/com.emberlink.pubqdemo/delta/40d2ecfd968b50f18c850580ac0c0b95995ac064245848b4059f31d805b24a29_svg/logo-google-playstore.svg","411","NOT_FOUND"
"svg/logo-google.svg","e48bb09f7f453e3129be031f62b71992f788df1ac76e83d0c9af12082ba2ded0","orgs/938847bd-ad89-4ee4-a8cc-4e62f513379a/apps/com.emberlink.pubqdemo/delta/3386d855328b247ec147e2c5ee17abe7cae4587e963faf5d968e9d8149b1bbcb_svg/logo-google.svg","581","NOT_FOUND"
"svg/logo-hackernews.svg","7eb485ad5a45dc0549cff0f11762642fb4b397799bb57d0dc774392838d46610","orgs/938847bd-ad89-4ee4-a8cc-4e62f513379a/apps/com.emberlink.pubqdemo/delta/7279d4ef631d6ea3e432d8063bd4818ddfac59bcc7ce10157fbfbdd9c870c638_svg/logo-hackernews.svg","181","NOT_FOUND"
"svg/logo-html5.svg","88d647025644d743519851336191b753d462b1743bc22d74af9d7f19194233d1","orgs/938847bd-ad89-4ee4-a8cc-4e62f513379a/apps/com.emberlink.pubqdemo/delta/97a02b55d1c10bb4ac61ef26ccb44202914af1b22a5748b3314fb4400fc187f9_svg/logo-html5.svg","285","NOT_FOUND"
"svg/logo-instagram.svg","051bfb29a4dccaa900c5393e78cb19ed4b42495d196bbcc99501a17c3acce89e","orgs/938847bd-ad89-4ee4-a8cc-4e62f513379a/apps/com.emberlink.pubqdemo/delta/607f591109033488f02c9461afbe06a1e6ba4a02d35992853e182c02fa17f7bf_svg/logo-instagram.svg","590","NOT_FOUND"
"svg/logo-ionic.svg","63618539643cd6c33f8a6b738da1b981e610fcddc341dbd788cf2efb12244e44","orgs/938847bd-ad89-4ee4-a8cc-4e62f513379a/apps/com.emberlink.pubqdemo/delta/2eaca3cae7560ffffcf4757cbca5a594166f3332c8086ec1ea194d8beeceb3c5_svg/logo-ionic.svg","892","NOT_FOUND"
"svg/logo-ionitron.svg","5963e72a0e603990942fee2b5c8a8c1652660513c3c6bf2276db234c50accb85","orgs/938847bd-ad89-4ee4-a8cc-4e62f513379a/apps/com.emberlink.pubqdemo/delta/59da611abe4b4373f1c83df63ee1c4fad7657dbeebc5d7b5bc93c7c95ea7e6ab_svg/logo-ionitron.svg","1952","NOT_FOUND"
"svg/logo-javascript.svg","b9f3770335304f0abffe048a640fa91199075b95b8a381c72f368eb15c470433","orgs/938847bd-ad89-4ee4-a8cc-4e62f513379a/apps/com.emberlink.pubqdemo/delta/a11217a157ba0fe3ced4c6b96c37770f0f9dff9c120473e3610d614ab406ee9a_svg/logo-javascript.svg","689","NOT_FOUND"
"svg/logo-laravel.svg","529c680ade99115db7a65c64772463de148ef8ad849eeb9a8ab0d975dc1628bc","orgs/938847bd-ad89-4ee4-a8cc-4e62f513379a/apps/com.emberlink.pubqdemo/delta/ebc49fd7ee345ed75d5f63f8bdb8aa3c06141d69f249773020c943e68b1ff4c1_svg/logo-laravel.svg","1725","NOT_FOUND"
"svg/logo-linkedin.svg","f74e2f3fd5525088cdb870ec8e13547befca63ea175ced28826dc5a2d1a4482a","orgs/938847bd-ad89-4ee4-a8cc-4e62f513379a/apps/com.emberlink.pubqdemo/delta/74a838be77a5df1377ade1853889308b927acca816ccc465bd0e9c3ffbb8043f_svg/logo-linkedin.svg","632","NOT_FOUND"
"svg/logo-markdown.svg","ad0dd2bd8a08de464a2154fb0b54fda46037c80ac167082158e5ebd0499189cd","orgs/938847bd-ad89-4ee4-a8cc-4e62f513379a/apps/com.emberlink.pubqdemo/delta/e6cafdfc50758b30c1f0b651d953a587c3d3984e71349eb7fd8182e268f8a28f_svg/logo-markdown.svg","325","NOT_FOUND"
"svg/logo-mastodon.svg","1507920604adcbb8fac4e53c824d476fb16ae66c0eabc1403c9d9edc0b26c277","orgs/938847bd-ad89-4ee4-a8cc-4e62f513379a/apps/com.emberlink.pubqdemo/delta/2dd7de2249f081b53408e900bd33e021065e76d93670e085fa2269d048752bb5_svg/logo-mastodon.svg","969","NOT_FOUND"
"svg/logo-medium.svg","517c8b852b30d7fb9054402b150f2efedd664696f0e49b41370bb6ba8e73dc03","orgs/938847bd-ad89-4ee4-a8cc-4e62f513379a/apps/com.emberlink.pubqdemo/delta/a16278d99113c059ad4d22e8d8ae56b987de3c5c84d4b4145ee52d97c5576a08_svg/logo-medium.svg","535","NOT_FOUND"
"svg/logo-microsoft.svg","342c7bd5196407626addd4c95b4f02f6fc17a309e509fd0663ce32c2b7285394","orgs/938847bd-ad89-4ee4-a8cc-4e62f513379a/apps/com.emberlink.pubqdemo/delta/d9410eb0b528d468a95a3fb7362db4b329c6d77b1319d474a64f677e8ac0b6ff_svg/logo-microsoft.svg","228","NOT_FOUND"
"svg/logo-no-smoking.svg","6885e239588a7d62f873b321da60caf20f0682ca9a255fb286a1b54c6e0a7a8b","orgs/938847bd-ad89-4ee4-a8cc-4e62f513379a/apps/com.emberlink.pubqdemo/delta/343394359d19c739aaceffe0a4eb60d5f277156618e3cefc20df7e4b197d32dc_svg/logo-no-smoking.svg","1577","NOT_FOUND"
"svg/logo-nodejs.svg","fabb4c7a70e1f709b7acb0d0257a627ff08024086bb12524b68fa31a26a01d24","orgs/938847bd-ad89-4ee4-a8cc-4e62f513379a/apps/com.emberlink.pubqdemo/delta/a9de228b25e4fab61149ebda3d5eae6b1e388572fea7f8488915d07e7658613a_svg/logo-nodejs.svg","1440","NOT_FOUND"
"svg/logo-npm.svg","db1e378084e90213d9cc237f6e70c6b0ba7d0baf6989a6e936a524f7772f4fb4","orgs/938847bd-ad89-4ee4-a8cc-4e62f513379a/apps/com.emberlink.pubqdemo/delta/31e5c78b4f0b7bbede9adb2f59d05986bb588cc20c940d5bac2a54cfcabbac6f_svg/logo-npm.svg","364","NOT_FOUND"
"svg/logo-octocat.svg","f1b8bbce159757db7621da70e7d2a03d6c834442ffd59e3149e096db2b6c6f8f","orgs/938847bd-ad89-4ee4-a8cc-4e62f513379a/apps/com.emberlink.pubqdemo/delta/9a53b5a10f210c03097378c18ba582edb82ebc51cccdf0a9eef196dab7fcb8ad_svg/logo-octocat.svg","1619","NOT_FOUND"
"svg/logo-paypal.svg","51e3a5761d626bb08589ea52da130aed2619347a2f82ac2850f9058cc0c18673","orgs/938847bd-ad89-4ee4-a8cc-4e62f513379a/apps/com.emberlink.pubqdemo/delta/fb355f2f0d7f9be8d19d3b80b378640a15bbb0ace92624d65c9336e2a693a388_svg/logo-paypal.svg","803","NOT_FOUND"
"svg/logo-pinterest.svg","e947b2858ac7b065fe88ab1881a915258b039672f2e5a801c5a80059398cd1dc","orgs/938847bd-ad89-4ee4-a8cc-4e62f513379a/apps/com.emberlink.pubqdemo/delta/d04789870d73d51bc94d45a8a3558f81f5a9c29b9388f9369206be16d5854acc_svg/logo-pinterest.svg","788","NOT_FOUND"
"svg/logo-playstation.svg","6c87985c321505352a2dd1599d0f6ee6606615f69eafba619c87c6515d696627","orgs/938847bd-ad89-4ee4-a8cc-4e62f513379a/apps/com.emberlink.pubqdemo/delta/89db9ba4a0a8ff27748eb95a59e5a34e2c136d07c5a580223dbde6eb5b95f29e_svg/logo-playstation.svg","1329","NOT_FOUND"
"svg/logo-pwa.svg","b311610f89792ed368691085406b7125e34998d441939d392b7ecc42a4eb4455","orgs/938847bd-ad89-4ee4-a8cc-4e62f513379a/apps/com.emberlink.pubqdemo/delta/b3621a343f86d07a857aee1d2adccad0e24fade146741e4e46bf3241fa2c0f30_svg/logo-pwa.svg","535","NOT_FOUND"
"svg/logo-python.svg","a7e8daeea8051bf0fc74f39865dd4d4b7a7fddd8f27adb5052ae077226930d8d","orgs/938847bd-ad89-4ee4-a8cc-4e62f513379a/apps/com.emberlink.pubqdemo/delta/a05af6105347670db8fce792478c5ddbff47850a7bcd7cf660c88440c9a81d98_svg/logo-python.svg","957","NOT_FOUND"
"svg/logo-react.svg","c69fac9a40511faaa001f2734993fe773ed1f20d30fa1f04ca8b85610df0081a","orgs/938847bd-ad89-4ee4-a8cc-4e62f513379a/apps/com.emberlink.pubqdemo/delta/540de286dee5d46986207bfd34a6863b3b3231a97e267b508c31d6cb4752a271_svg/logo-react.svg","2887","NOT_FOUND"
"svg/logo-reddit.svg","fcb2a264b3e9208f7aa44448c48a0e729ce314e39cbe64af1f904e7947bc80bc","orgs/938847bd-ad89-4ee4-a8cc-4e62f513379a/apps/com.emberlink.pubqdemo/delta/11ef519517d1dd3ca2eec1fdfd3d5564d4ce2739c13d569ae8d68376bc721624_svg/logo-reddit.svg","1779","NOT_FOUND"
"svg/logo-rss.svg","5598d37b62380ceb7b4b814768aae4061f8b962ce7530da29efd05c28d26e621","orgs/938847bd-ad89-4ee4-a8cc-4e62f513379a/apps/com.emberlink.pubqdemo/delta/823ff0fffab12e83f6316bfb56d7a56df41290cb43f55c104abd7c5f16d245c9_svg/logo-rss.svg","383","NOT_FOUND"
"svg/logo-sass.svg","3f10e22cd6725e99426b01cc4d47332fcaa2b1f61b19fc970593c4a20e1d7f54","orgs/938847bd-ad89-4ee4-a8cc-4e62f513379a/apps/com.emberlink.pubqdemo/delta/648329ce89a8130b739e880d2816348622850d4df76df03d2b6329c78968ec79_svg/logo-sass.svg","3320","NOT_FOUND"
"svg/logo-skype.svg","cad6c49a8e204c69bdf5968dedb96073f3e540be8c8d42a95f163851d74fd1ab","orgs/938847bd-ad89-4ee4-a8cc-4e62f513379a/apps/com.emberlink.pubqdemo/delta/3930b7994c878cc95b00b25807ca4c7f9041d5a8d9f449e1ffa88747b5a23daa_svg/logo-skype.svg","1730","NOT_FOUND"
"svg/logo-slack.svg","581a4210e4c6061000675e9248b150c00702cf5f86c098f24d476b39e5e68704","orgs/938847bd-ad89-4ee4-a8cc-4e62f513379a/apps/com.emberlink.pubqdemo/delta/444df75992730bbf4adb96482405bf3942877f86edc079200c7321f88d5cb6eb_svg/logo-slack.svg","582","NOT_FOUND"
"svg/logo-snapchat.svg","4d6f3d0e1841f5372dcfbab5c613aba6baf5d1fd13cf99d98672aa54fae036b7","orgs/938847bd-ad89-4ee4-a8cc-4e62f513379a/apps/com.emberlink.pubqdemo/delta/270d1651ed6324fd2e468f07ded6bf6af2e3e3e4e36d220a7d26406a95ed0a78_svg/logo-snapchat.svg","1441","NOT_FOUND"
"svg/logo-soundcloud.svg","a1d643e743cf5519b3d9fc3b6eb0d186452a39709a3e5629264afdf31668cf14","orgs/938847bd-ad89-4ee4-a8cc-4e62f513379a/apps/com.emberlink.pubqdemo/delta/6148781685f0df16dd3aeb6962238728f82d1b4265a4f145da44c605fec0395a_svg/logo-soundcloud.svg","1930","NOT_FOUND"
"svg/logo-stackoverflow.svg","4621c9bdf5e8bb11b90fc0b5cbb8091a14286ff020672da244e10e48c8ba596d","orgs/938847bd-ad89-4ee4-a8cc-4e62f513379a/apps/com.emberlink.pubqdemo/delta/dc0aeeef0f89d2e0b76c2befadee0f73ef79ce29b30dc478bd2d3d432094b794_svg/logo-stackoverflow.svg","348","NOT_FOUND"
"svg/logo-steam.svg","c0a6403c65234d6c6f6163fc9608ad18d21f53cfe10536fa6be223d17f864216","orgs/938847bd-ad89-4ee4-a8cc-4e62f513379a/apps/com.emberlink.pubqdemo/delta/6258b6ea06b1662d7c32765a0b6214aa3fa4ef2ad60c16c17ecb96e90ff4a837_svg/logo-steam.svg","692","NOT_FOUND"
"svg/logo-stencil.svg","8a30b0ee6a8ae9c38b54973ea9286397bc28c2fcf86544274da0750234adfbcb","orgs/938847bd-ad89-4ee4-a8cc-4e62f513379a/apps/com.emberlink.pubqdemo/delta/d92de5f7efad3a0ca6a3f434a222596a2d89d950d2e308a6ba21add84db2c083_svg/logo-stencil.svg","199","NOT_FOUND"
"svg/logo-tableau.svg","91ceebfdb0b95ca2a87ffce2a3e1a90d71d7944d7bec5cf56911b1c888551cd3","orgs/938847bd-ad89-4ee4-a8cc-4e62f513379a/apps/com.emberlink.pubqdemo/delta/c6cc6a4d87f62dc5ff05e20c7a61aa07affd171f56a3c5faa9f53b54f0638602_svg/logo-tableau.svg","848","NOT_FOUND"
"svg/logo-threads.svg","bd27f6092de03e7c8ec8ab76530011676bea385af9509e5ce798b76182e75d75","orgs/938847bd-ad89-4ee4-a8cc-4e62f513379a/apps/com.emberlink.pubqdemo/delta/bc6c78ead17b45cf1cef14017f6384cffc4fd93e6d157e76a5a9e55bfad25760_svg/logo-threads.svg","1138","NOT_FOUND"
"svg/logo-tiktok.svg","45a9ed0b9e08a848fc36678aa644da3326c29658506c1aa283d35a88dd917f21","orgs/938847bd-ad89-4ee4-a8cc-4e62f513379a/apps/com.emberlink.pubqdemo/delta/b4f0ade00fcd990a02d88cf8e984aef04bc07e7961c05e293c68dc847eceba8b_svg/logo-tiktok.svg","922","NOT_FOUND"
"svg/logo-trapeze.svg","caaf3037b4373186c982cb79ee695c6878e63e4fdf1b1910a3334be30a84aba1","orgs/938847bd-ad89-4ee4-a8cc-4e62f513379a/apps/com.emberlink.pubqdemo/delta/84d93f8565134d9a3aab76d2635ba7a76ee08da540274aa47322049b3552ebd9_svg/logo-trapeze.svg","333","NOT_FOUND"
"svg/logo-tumblr.svg","ebf49b9a070ac3b4f75632969ed58a93fc5896e6b7cd325e9e2a703c5bdc6507","orgs/938847bd-ad89-4ee4-a8cc-4e62f513379a/apps/com.emberlink.pubqdemo/delta/2b510d09be0f1a652428494f21ca2a37cfb34b90053f94783ecf5176f804fbde_svg/logo-tumblr.svg","352","NOT_FOUND"
"svg/logo-tux.svg","6191f92af97819c7af92933ea9f4ef5b59e14c8bde65a3f0b946d39a5e171d13","orgs/938847bd-ad89-4ee4-a8cc-4e62f513379a/apps/com.emberlink.pubqdemo/delta/67f8a061211fe06e75b92fb18e6a013975a280e2ec8d0ac262a07c8f59323619_svg/logo-tux.svg","5394","NOT_FOUND"
"svg/logo-twitch.svg","8ee1770ef7514c01956e90d23c3a4b54bdfdb37cacd021ddf39a344787563f10","orgs/938847bd-ad89-4ee4-a8cc-4e62f513379a/apps/com.emberlink.pubqdemo/delta/0c36e9ef1ff9efd11e8a780be2bbc4658ad6802f29066a6d994d9af0d1edcf33_svg/logo-twitch.svg","235","NOT_FOUND"
"svg/logo-twitter.svg","b41918243abcaa02abd0fbe2c5b59e36f89cc0cd8882f51550febc77e94538b1","orgs/938847bd-ad89-4ee4-a8cc-4e62f513379a/apps/com.emberlink.pubqdemo/delta/b9268bba1f0dbb174c22beb95011756f5b430c02c7c9c9d3b9f5f7b2a451648f_svg/logo-twitter.svg","658","NOT_FOUND"
"svg/logo-usd.svg","604446d91e733fa7be9e0d936826a4af319a9e50231e079da623f50b806cad84","orgs/938847bd-ad89-4ee4-a8cc-4e62f513379a/apps/com.emberlink.pubqdemo/delta/49645d03c4a7051dd260f1c4d756b4a9fd97c2733a234f9acbe3e75e0f2cb529_svg/logo-usd.svg","562","NOT_FOUND"
"svg/logo-venmo.svg","a15f23f69cb40040d4d1f68f39c9f9c05b6cffa06ebf5037952c2c5bb97922a0","orgs/938847bd-ad89-4ee4-a8cc-4e62f513379a/apps/com.emberlink.pubqdemo/delta/fef3c0ad9c87478aede21feaff3dac5a9013d19af172bec76ee55559b7024213_svg/logo-venmo.svg","457","NOT_FOUND"
"svg/logo-vercel.svg","eca87135f84838c22f5244476160cfc3d87aec75b4046ba649db6008cc508965","orgs/938847bd-ad89-4ee4-a8cc-4e62f513379a/apps/com.emberlink.pubqdemo/delta/1148d8bbaa978a533d05a5284e484dd073497c7faadbe919290712d006523e79_svg/logo-vercel.svg","135","NOT_FOUND"
"svg/logo-vimeo.svg","808fab5ee812b129d753eba0c919f744731dd71f6ba8c09bb504c928d011f548","orgs/938847bd-ad89-4ee4-a8cc-4e62f513379a/apps/com.emberlink.pubqdemo/delta/e8e94cfdadabd49b38b4dda17be620d2eb975205f4e2a699a15a68e7f20ff4da_svg/logo-vimeo.svg","922","NOT_FOUND"
"svg/logo-vk.svg","b97d25c63affc3ab79b8e0a3b54295845afb4bec1441bc007375755157d186da","orgs/938847bd-ad89-4ee4-a8cc-4e62f513379a/apps/com.emberlink.pubqdemo/delta/398ea4402d6ff2ba9c21ad59cd2b93eaaf0d6d5e70a051b7a0c5c0561cb74d5f_svg/logo-vk.svg","869","NOT_FOUND"
"svg/logo-vue.svg","3d5fed433755d7d9dadc670301f95f662c355bc70c821fa967eae182710f966f","orgs/938847bd-ad89-4ee4-a8cc-4e62f513379a/apps/com.emberlink.pubqdemo/delta/0de407c3338bc60f4406da20f5354769569155c534a739b31700f84193a60f49_svg/logo-vue.svg","236","NOT_FOUND"
"svg/logo-web-component.svg","de5cce1db7691d9fb5eb85ad17b07dd168c9ce3f94b66a1087619b9f4151060c","orgs/938847bd-ad89-4ee4-a8cc-4e62f513379a/apps/com.emberlink.pubqdemo/delta/c5e258f3171fc817dd6772eba69bb742216358c639e41037f41a0cb4b6dcd466_svg/logo-web-component.svg","388","NOT_FOUND"
"svg/logo-wechat.svg","2677715542aa2e417a9af40fb0a220ba98efe48efbb6ed6b2f3f51af3268f96f","orgs/938847bd-ad89-4ee4-a8cc-4e62f513379a/apps/com.emberlink.pubqdemo/delta/3d3ea13574f43cc9a8cfc2da925de60244b84e06ab3ce06d0ad7c8824ae8c8cf_svg/logo-wechat.svg","1242","NOT_FOUND"
"svg/logo-whatsapp.svg","27aff63258bcb08d4d130848045091a6e4c9498202c75acafc0a9cdfe41b23f7","orgs/938847bd-ad89-4ee4-a8cc-4e62f513379a/apps/com.emberlink.pubqdemo/delta/2d004b84e01aa91c9744d032273e29364bcf2b6b977b5d432a43ffd707b1fc91_svg/logo-whatsapp.svg","1117","NOT_FOUND"
"svg/logo-windows.svg","847573bf9eeb5b5535fe816e94e01d96b05df933db358df81df8e99a1e4fe17e","orgs/938847bd-ad89-4ee4-a8cc-4e62f513379a/apps/com.emberlink.pubqdemo/delta/ca78b3d098dd79666ffb37d01af543e83541e62245b98ef50f9f8f54c4e5a048_svg/logo-windows.svg","194","NOT_FOUND"
"svg/logo-wordpress.svg","9a6fd7a979d9e29d896478e9c6b765f8be15e34ac1c7a478a790ac7b6f132abd","orgs/938847bd-ad89-4ee4-a8cc-4e62f513379a/apps/com.emberlink.pubqdemo/delta/daf12924851660a7569cb32e4a54d5894799205006e11f45d220a13e92511abb_svg/logo-wordpress.svg","1370","NOT_FOUND"
"svg/logo-x.svg","0a50d4a126cbd43cdfc080bafc7fb5796ca00592946edfa7e0fd83c75da3c28d","orgs/938847bd-ad89-4ee4-a8cc-4e62f513379a/apps/com.emberlink.pubqdemo/delta/8c5a77a1288451192050849b0b609fa0921e0aeb0d3c09a2c00fcbc881d9fb55_svg/logo-x.svg","288","NOT_FOUND"
"svg/logo-xbox.svg","6e703808c1b2357f15f7d8cf6306d5571afd9aeb5b9c0a4eb26e55e5f69661ea","orgs/938847bd-ad89-4ee4-a8cc-4e62f513379a/apps/com.emberlink.pubqdemo/delta/20b840507deb43a443c4fb4866b9636a31bb90efada3aefc18f04c5e25e698bc_svg/logo-xbox.svg","676","NOT_FOUND"
"svg/logo-xing.svg","186bc15f53d1c8e16e55d92433728284e3dae8d82e6a21b67711336d29d149b6","orgs/938847bd-ad89-4ee4-a8cc-4e62f513379a/apps/com.emberlink.pubqdemo/delta/a68149e1c20e7a51a94856bcba426b933d922409a679dd1c427a95de0715f82e_svg/logo-xing.svg","355","NOT_FOUND"
"svg/logo-yahoo.svg","7c459d43cd5b3f48a0a5dec05f1d0dbb4d65e3497a3f6817c6a1200c447cf762","orgs/938847bd-ad89-4ee4-a8cc-4e62f513379a/apps/com.emberlink.pubqdemo/delta/69a8f2455c242642cf1e1ac876228adcbb1d94fd4fab1ea1f018c42aba419a7c_svg/logo-yahoo.svg","391","NOT_FOUND"
"svg/logo-yen.svg","e6dee09ee78763637f951d92e46870543167feeeb546f7e1fec3c4f157ff05ef","orgs/938847bd-ad89-4ee4-a8cc-4e62f513379a/apps/com.emberlink.pubqdemo/delta/6092be8ba06c38bd255d50caecf556ceede6c7e444d1862a84e8547b2f4065ce_svg/logo-yen.svg","223","NOT_FOUND"
"svg/logo-youtube.svg","96543801659a4193ba2ac0d6a9eb05bb0070ed8b351255a1f655eed975addb4a","orgs/938847bd-ad89-4ee4-a8cc-4e62f513379a/apps/com.emberlink.pubqdemo/delta/78598f3bb91a6e06d4bc4180655805e32cb8ad463a9cccc6f26f8cb151fbb038_svg/logo-youtube.svg","433","NOT_FOUND"
"svg/magnet-outline.svg","9ed317ffe829127a376c1f2a202a7bf81b3b7f1fa4b053920f095f7dea527a20","orgs/938847bd-ad89-4ee4-a8cc-4e62f513379a/apps/com.emberlink.pubqdemo/delta/9d573badddf8a38ab42bf69e259afa154ecd472ab0219591dbfa7e552a84d4bd_svg/magnet-outline.svg","779","NOT_FOUND"
"svg/magnet-sharp.svg","0c8fea19ec449d355ab52b58877e49e6489dde380f93abd201adf5cada77b445","orgs/938847bd-ad89-4ee4-a8cc-4e62f513379a/apps/com.emberlink.pubqdemo/delta/f5d5fe88ea727e14c6bc5c8586d596caf2e8ff4979412828e22a20a31289c583_svg/magnet-sharp.svg","558","NOT_FOUND"
"svg/magnet.svg","04733d6e335674d90e8b1ff910eb23c371fda31fb0e2983d6a082a04e1907dfe","orgs/938847bd-ad89-4ee4-a8cc-4e62f513379a/apps/com.emberlink.pubqdemo/delta/855c137e35b082fe730b28b3d01e52ca119fe72ffd94a4f33d82fba153a21702_svg/magnet.svg","783","NOT_FOUND"
"svg/mail-open-outline.svg","10e4f659a6960a8387d80ab67c77c3e426f3416fa2b1a2130a89a80cc6868d9e","orgs/938847bd-ad89-4ee4-a8cc-4e62f513379a/apps/com.emberlink.pubqdemo/delta/7e29f95555edf8a628ac8653361d8b27d0bb928fd8d57469e40d2cb7850b2b03_svg/mail-open-outline.svg","569","NOT_FOUND"
"svg/mail-open-sharp.svg","f9e5c3bd2bca7fb9995cff31b3ccd10a68d3a7d7392ef8b20a32bb85f04ef97b","orgs/938847bd-ad89-4ee4-a8cc-4e62f513379a/apps/com.emberlink.pubqdemo/delta/9d60222cfa093abfc11d4c2a24ce7655c2ff4a7c167704094761f87714ec193b_svg/mail-open-sharp.svg","316","NOT_FOUND"
"svg/mail-open.svg","e6b6e06d74a972db77184d78f6d3bcccf673d3779f33b2e0718ad75f440e00a7","orgs/938847bd-ad89-4ee4-a8cc-4e62f513379a/apps/com.emberlink.pubqdemo/delta/df8bd82b34b2d376d64a919d35829a04d9a4c360a1a9628241817c56f9e276e4_svg/mail-open.svg","379","NOT_FOUND"
"svg/mail-outline.svg","33568e2de94a134703a15fee939ba1cc44b28e566c24da58e58cf87bb4fb0ac0","orgs/938847bd-ad89-4ee4-a8cc-4e62f513379a/apps/com.emberlink.pubqdemo/delta/347467c156dd2d0f389b1d92af2bcca8eec796c7cdc984f8430f0df84e06151f_svg/mail-outline.svg","370","NOT_FOUND"
"svg/mail-sharp.svg","00d26e763e390fb0d1b6884003b0623472ac225dd41e479fc397e6c5c0a5ff16","orgs/938847bd-ad89-4ee4-a8cc-4e62f513379a/apps/com.emberlink.pubqdemo/delta/8758c210dd59789edad6a4be1128070aeb7c727d71f1ce43fbb8cc5230940433_svg/mail-sharp.svg","286","NOT_FOUND"
"svg/mail-unread-outline.svg","cc63949083fe04bdc0aed10c6760986cce4c96d5d9a411d99945ba54b45581e8","orgs/938847bd-ad89-4ee4-a8cc-4e62f513379a/apps/com.emberlink.pubqdemo/delta/8b41482d6e95f75da1ced1748d84edf9176505c3cfc6c4fc1b786c64f9ac8b13_svg/mail-unread-outline.svg","562","NOT_FOUND"
"svg/mail-unread-sharp.svg","11003f4a98e0f40feb5a1797173fd258a51092e257fff7bf2798d107dde4a1f7","orgs/938847bd-ad89-4ee4-a8cc-4e62f513379a/apps/com.emberlink.pubqdemo/delta/8d44a891dfa71ea8ec5ee3312d76aaec29537f3b20ebd954bc68143cd097fd77_svg/mail-unread-sharp.svg","1632","NOT_FOUND"
"svg/mail-unread.svg","7eff67afb0c2c1a910d298c3134f716760ef5eb71ac854685011f58cc859b565","orgs/938847bd-ad89-4ee4-a8cc-4e62f513379a/apps/com.emberlink.pubqdemo/delta/283b738b3180d6d9b2defd29e87e0210ab8a8b1caaa87ec1b333e8d2c18edc82_svg/mail-unread.svg","1768","NOT_FOUND"
"svg/mail.svg","c5b368336fbedada032a6dae3390155c5823d18c0f1293bc24d5d17b2dff013a","orgs/938847bd-ad89-4ee4-a8cc-4e62f513379a/apps/com.emberlink.pubqdemo/delta/19947b6d153be696d755191a0b346e3cba44b0369b92e05ee21c899b0a375945_svg/mail.svg","337","NOT_FOUND"
"svg/male-female-outline.svg","04d97dae0ec4b38eb267c5b0874bd5da735f47c58fa1c13931b084e8b792a8ad","orgs/938847bd-ad89-4ee4-a8cc-4e62f513379a/apps/com.emberlink.pubqdemo/delta/2621f1b0d9481d8c6f7a004754d01620e0200b151681f25243a213b116202c04_svg/male-female-outline.svg","379","NOT_FOUND"
"svg/male-female-sharp.svg","629af50ddd019745122d5788676881223730c2d3b058882a3abf7d4a9e1f5da8","orgs/938847bd-ad89-4ee4-a8cc-4e62f513379a/apps/com.emberlink.pubqdemo/delta/e44f3192c5c3b86434549955eeaaf9220b09a5d1e21e2904ff2e4976d5d704b2_svg/male-female-sharp.svg","386","NOT_FOUND"
"svg/male-female.svg","6f74b2e68b30a52266557554d4ab7ec22ec6b96c9dab81ef3a225eb15dfe3650","orgs/938847bd-ad89-4ee4-a8cc-4e62f513379a/apps/com.emberlink.pubqdemo/delta/075fd42db3d2a7c927d06927eaa55f069b7d6b6c3e79a2792e7763f58f441763_svg/male-female.svg","478","NOT_FOUND"
"svg/male-outline.svg","1765ed54a2f3d58920f29aa2f8b1ff3c08b9a77f2ea365075cba4f916bf594ea","orgs/938847bd-ad89-4ee4-a8cc-4e62f513379a/apps/com.emberlink.pubqdemo/delta/a66c63af40e71af13dfd693e5f8fc0ff8f036ef80ffddcc5bd8880f72d598ecc_svg/male-outline.svg","349","NOT_FOUND"
"svg/male-sharp.svg","587b69762095153f345ab99e653f6fe6c203e8b629310257d10ed8d247094295","orgs/938847bd-ad89-4ee4-a8cc-4e62f513379a/apps/com.emberlink.pubqdemo/delta/443a29faaad8e37475121c544600ff24ffd82736f17bebc59d38f471479a2faa_svg/male-sharp.svg","398","NOT_FOUND"
"svg/male.svg","3742f59cc1ba3ca734e41fea6834ce79a6fee82de5bd870a6474cbe4bf11cb4d","orgs/938847bd-ad89-4ee4-a8cc-4e62f513379a/apps/com.emberlink.pubqdemo/delta/34e07f49d20d218a6f48ea3603cd4fb43017e070a139277d7c4382abf1d84a8b_svg/male.svg","448","NOT_FOUND"
"svg/man-outline.svg","10ddb979c5ff5e26e5f9ab1800afa79ab1bf570889b94e5962201df9b18269ad","orgs/938847bd-ad89-4ee4-a8cc-4e62f513379a/apps/com.emberlink.pubqdemo/delta/4fcf07bf12dcc75e93a447a9e2bcb37967735851d7da47fcb0543ff9bbb79943_svg/man-outline.svg","814","NOT_FOUND"
"svg/man-sharp.svg","bd56b54d35a6a3b31f2fa42801a83d9be371809c5bec584f61e293c789a33c82","orgs/938847bd-ad89-4ee4-a8cc-4e62f513379a/apps/com.emberlink.pubqdemo/delta/dd4af1d59dd15a6b0495593a26f4065b8df3d7804693c60859687593e5102f51_svg/man-sharp.svg","227","NOT_FOUND"
"svg/man.svg","28874f04549b8b1cdd4ab4d653298764d35c807b86861e41f7857358a3b45649","orgs/938847bd-ad89-4ee4-a8cc-4e62f513379a/apps/com.emberlink.pubqdemo/delta/457df64d17b41663c154b8ff3a7d0f15649247590c6ba0eed3659259d02744c5_svg/man.svg","544","NOT_FOUND"
"svg/map-outline.svg","fd25005066821a38ab98d276bbf546543cb6bd9b47bc148ccd52978e63a493f0","orgs/938847bd-ad89-4ee4-a8cc-4e62f513379a/apps/com.emberlink.pubqdemo/delta/f00b32abea29a4832cf64e82029cbc2c86f3b65f75b80747735b2906b004b647_svg/map-outline.svg","487","NOT_FOUND"
"svg/map-sharp.svg","cfaa95b3275f1c1be7f47cdef5030295a8694d202f8149731209c3100cbd1048","orgs/938847bd-ad89-4ee4-a8cc-4e62f513379a/apps/com.emberlink.pubqdemo/delta/03c557afb6602871dfaac2eae42f141aa342e236326aa88805a1b3db73247a9b_svg/map-sharp.svg","188","NOT_FOUND"
"svg/map.svg","ce8359c65b8912857412742a060b66657352220603a23188d26ae6d3a2214f36","orgs/938847bd-ad89-4ee4-a8cc-4e62f513379a/apps/com.emberlink.pubqdemo/delta/eac91bd2d290f7371451350d30fe1222530626d4213a7e26008a76ba0cdec7d8_svg/map.svg","539","NOT_FOUND"
"svg/medal-outline.svg","a39fd687266ab280edb6ec0c81e7c27f5f4540a8cfac3507d4543d7f17755567","orgs/938847bd-ad89-4ee4-a8cc-4e62f513379a/apps/com.emberlink.pubqdemo/delta/ff573df15473826eb03c33dd712c95d6426c877712f6704f1a6b7408dea32eaa_svg/medal-outline.svg","634","NOT_FOUND"
"svg/medal-sharp.svg","52d0830dd304e3dc43a50c6e77d0c8951ded652d3528a3721c9cf559918897e5","orgs/938847bd-ad89-4ee4-a8cc-4e62f513379a/apps/com.emberlink.pubqdemo/delta/9efa617b5faf3f907242563cec7275f99b1061c1d09958464cce8303fee657b8_svg/medal-sharp.svg","319","NOT_FOUND"
"svg/medal.svg","c3c76145d8d88e3e836d28abcb0ea44341dab6e272964660eb722a8a37d09bf6","orgs/938847bd-ad89-4ee4-a8cc-4e62f513379a/apps/com.emberlink.pubqdemo/delta/715e3dd0a8edaf914005ddfeaa883b245ed33183f54932b518a7cb893e7d25db_svg/medal.svg","548","NOT_FOUND"
"svg/medical-outline.svg","1ffb69b7b0e6b358b920c6301d2c8d464d8cf95c5a633dfe915782de58f81d9c","orgs/938847bd-ad89-4ee4-a8cc-4e62f513379a/apps/com.emberlink.pubqdemo/delta/8d7bb96f4a85184dd191a4f7b3fc0dfcae75ccc71235963313eedf5eea877eb6_svg/medical-outline.svg","778","NOT_FOUND"
"svg/medical-sharp.svg","e7b71e9268bc711f37cf2dcc0a8635a26ce8603d5f35f2c3eec6a2c34ea71c58","orgs/938847bd-ad89-4ee4-a8cc-4e62f513379a/apps/com.emberlink.pubqdemo/delta/5d0aa4279a7432d0bc13bd00bd2063515cce89d1fffb9e5cc69c9740971f6763_svg/medical-sharp.svg","232","NOT_FOUND"
"svg/medical.svg","d4253fc932bf503272f19801a9dc567d44c403527ae8ceba7b69908349a978e0","orgs/938847bd-ad89-4ee4-a8cc-4e62f513379a/apps/com.emberlink.pubqdemo/delta/5e1cce27391a864520fbc14fdd182a6319acbb9bc8bc2086af4ae23f62334a48_svg/medical.svg","764","NOT_FOUND"
"svg/medkit-outline.svg","4a80a3cfb56522e2ba61735e2c46dbe0e23978b4b2130155e57b7b920df7815d","orgs/938847bd-ad89-4ee4-a8cc-4e62f513379a/apps/com.emberlink.pubqdemo/delta/bd2781db84ba1d87b53dbdd25c43a5dc1a012837aecb3870c746924db36ec9ba_svg/medkit-outline.svg","402","NOT_FOUND"
"svg/medkit-sharp.svg","202dbd73561248e93b6e4f5516bdbedb65bcb39e43dd868f6d1fdab787032eb3","orgs/938847bd-ad89-4ee4-a8cc-4e62f513379a/apps/com.emberlink.pubqdemo/delta/682d1561634609370b6ca282b302fac2c66badd928d431cabef67affe604923c_svg/medkit-sharp.svg","356","NOT_FOUND"
"svg/medkit.svg","4b356df1c0b60720312552ea233cd36f834cd0313b156dc425df95ae3fe6c4c1","orgs/938847bd-ad89-4ee4-a8cc-4e62f513379a/apps/com.emberlink.pubqdemo/delta/c07dc1f093ecde3770504ae26a83423e94f6689c1aab1d4598e43fee63a4d9e8_svg/medkit.svg","518","NOT_FOUND"
"svg/megaphone-outline.svg","1fa5907cf6cb60cfba05ed8d6b0ec07411c22bd18f0ba47b9389ff95e8e12322","orgs/938847bd-ad89-4ee4-a8cc-4e62f513379a/apps/com.emberlink.pubqdemo/delta/506abc66a3954642428e972d6e581384e562ceb92e3bd8186b0fac8dc5fdb998_svg/megaphone-outline.svg","690","NOT_FOUND"
"svg/megaphone-sharp.svg","2fbbc36d0f54148b4e47a4b9a39b0c5f6185f2d2fdfb76d3d5aabb6392f70c54","orgs/938847bd-ad89-4ee4-a8cc-4e62f513379a/apps/com.emberlink.pubqdemo/delta/50d8abc2608d7ba5bb52d7bdecdca88a8007619718f55d334e921bf66802f00e_svg/megaphone-sharp.svg","507","NOT_FOUND"
"svg/megaphone.svg","c604f628e1394ab1fdade9abec612f4499fdeaff0dfea17db4117adf1f89b462","orgs/938847bd-ad89-4ee4-a8cc-4e62f513379a/apps/com.emberlink.pubqdemo/delta/759dde2ffa6c7f34afc54f56f48215085501f0114c8015912d5a7a34bf7016ed_svg/megaphone.svg","947","NOT_FOUND"
"svg/menu-outline.svg","189505ea925ab432314736c7b70e4c5e920283ea36b61a06774e9223a8174a21","orgs/938847bd-ad89-4ee4-a8cc-4e62f513379a/apps/com.emberlink.pubqdemo/delta/de9556f1e3363a0e4ba308844b19d5fc717fd9f6b7dd3e387797aee537cf6a58_svg/menu-outline.svg","222","NOT_FOUND"
"svg/menu-sharp.svg","ec099534ea481d045d6f7fd97930418e96561222bc3f23bfd4d37910f05e8cce","orgs/938847bd-ad89-4ee4-a8cc-4e62f513379a/apps/com.emberlink.pubqdemo/delta/95d791752e62aa11059b040205d1a0641350e791c4da3ae5585dc16446574546_svg/menu-sharp.svg","164","NOT_FOUND"
"svg/menu.svg","280c22316ae2f50be2d1e0d5ea8add0c4eeb8c083c3f2b6422b97dd263cbe67d","orgs/938847bd-ad89-4ee4-a8cc-4e62f513379a/apps/com.emberlink.pubqdemo/delta/d3477c314c5328825e50f09c29b0edfe3559eb6be58c90bcf06704b70f9a8348_svg/menu.svg","221","NOT_FOUND"
"svg/mic-circle-outline.svg","31ba21855c20b53cce0f16bcd76b224edf7cff79ca83d07151bcafabc0874969","orgs/938847bd-ad89-4ee4-a8cc-4e62f513379a/apps/com.emberlink.pubqdemo/delta/0749fb023b41678b097eb05edfe7bcb6e275030f2055b0f395ad01e6bc9a2472_svg/mic-circle-outline.svg","511","NOT_FOUND"
"svg/mic-circle-sharp.svg","d869ace6f3e83782593400eff24ea35400703787bbb7aee6ce3f15f6da8052e8","orgs/938847bd-ad89-4ee4-a8cc-4e62f513379a/apps/com.emberlink.pubqdemo/delta/386058a445b677587e98f6b2524db90fe5e727e8d7a5cedbf0f51dc78e6a7cc6_svg/mic-circle-sharp.svg","532","NOT_FOUND"
"svg/mic-circle.svg","e605b9115ecb956227937a985f21dabd0664496a9c1ef49bee18a35d748b8db1","orgs/938847bd-ad89-4ee4-a8cc-4e62f513379a/apps/com.emberlink.pubqdemo/delta/ac98abbb2c21d12e0fbfc747fe56117381ab22b1b0f0ec72e327d72388496e85_svg/mic-circle.svg","587","NOT_FOUND"
"svg/mic-off-circle-outline.svg","6984cfef21bb4104003431f8eea8862820542520783fbb996ede74134716a628","orgs/938847bd-ad89-4ee4-a8cc-4e62f513379a/apps/com.emberlink.pubqdemo/delta/ac9def4e205ed877250d09d4697fea49817a8a79e8995c539d999137c048aff2_svg/mic-off-circle-outline.svg","1187","NOT_FOUND"
"svg/mic-off-circle-sharp.svg","8d434ecec2adb4652223e26746dc88368394a98c89a76506acac3dd4731d4281","orgs/938847bd-ad89-4ee4-a8cc-4e62f513379a/apps/com.emberlink.pubqdemo/delta/a275b8d73695995393e20e46008c9283f16bba76d85b399eb0fe7073ceb8b3f1_svg/mic-off-circle-sharp.svg","655","NOT_FOUND"
"svg/mic-off-circle.svg","7a13308d0b09b0af7deb9b413a307d4e61ead443d1ed0cc3e03e68e09c50a774","orgs/938847bd-ad89-4ee4-a8cc-4e62f513379a/apps/com.emberlink.pubqdemo/delta/30b6aaf2e07fe61ca106721e66195703a566bf67db519422ecfa0f2de33e26b3_svg/mic-off-circle.svg","1076","NOT_FOUND"
"svg/mic-off-outline.svg","d700f9272c3ad187e356ec270274f3f8d8ae004052bb7cddd988f0060fcbdb35","orgs/938847bd-ad89-4ee4-a8cc-4e62f513379a/apps/com.emberlink.pubqdemo/delta/a999a3b51bd40d952a4813097ecda50d99fa2827c2f63f896c1e24db23b16a96_svg/mic-off-outline.svg","1192","NOT_FOUND"
"svg/mic-off-sharp.svg","f2c3b9262e180860dbe0833d6167f4f251a0b32bde4933df4e3530f31c11a091","orgs/938847bd-ad89-4ee4-a8cc-4e62f513379a/apps/com.emberlink.pubqdemo/delta/3984bd275bf49ad56038a4328940ee996f0bd071649524a8d3c2061aad1b0b2e_svg/mic-off-sharp.svg","588","NOT_FOUND"
"svg/mic-off.svg","521eaeb5573f8bc9e559eaa576954a0c99433acf6bf3b476f89b09c0b508a28e","orgs/938847bd-ad89-4ee4-a8cc-4e62f513379a/apps/com.emberlink.pubqdemo/delta/87a3b92a422bef4cecd83357c80abf6279b2836efbfbd7f2967a019fc09a3856_svg/mic-off.svg","972","NOT_FOUND"
"svg/mic-outline.svg","6244216dcdcfc15386bf195d45b288bc25d161bca0a05f9c1835b7449e2c1a3c","orgs/938847bd-ad89-4ee4-a8cc-4e62f513379a/apps/com.emberlink.pubqdemo/delta/e9b4dd12efe3761aadcaa257a225d1a3ca25efa17efa57d87ba66304fbac10ed_svg/mic-outline.svg","472","NOT_FOUND"
"svg/mic-sharp.svg","73922c8922a10361e0a998cda4a9337105a881c340c3ae98e3ad07ecb1cbbfab","orgs/938847bd-ad89-4ee4-a8cc-4e62f513379a/apps/com.emberlink.pubqdemo/delta/f41e87f51db3992cabbaa5d2dbe25704fedc12e5ed86d8db1865bc0dd77117b0_svg/mic-sharp.svg","430","NOT_FOUND"
"svg/mic.svg","0e7edeb812f4689d0bb5f8f708f190ea64241244bc26e586e48902d7ba4809d9","orgs/938847bd-ad89-4ee4-a8cc-4e62f513379a/apps/com.emberlink.pubqdemo/delta/5d45f62ce7267b5cbb9e1c0b88e27d828e2dcafe759c53c8f1cc3885bba0488a_svg/mic.svg","430","NOT_FOUND"
"svg/minimarket.svg","7a65b4ae0070f2beac9621edc6d445814d2d173e9107f7e43820db8b26bf82d4","orgs/938847bd-ad89-4ee4-a8cc-4e62f513379a/apps/com.emberlink.pubqdemo/delta/ffaa60f748f9cff79f5f48261484881a8f67d0adbdbf27f2c309f4e80a6dc7cf_svg/minimarket.svg","0","NOT_FOUND"
"svg/moon-outline.svg","ef1a783171f9f46292401593ff09417d040f69f05c740c6fa492fbfb50ad0d17","orgs/938847bd-ad89-4ee4-a8cc-4e62f513379a/apps/com.emberlink.pubqdemo/delta/456e528e06e4cb62cf11680c76c86bb73c2b5baf54e2fe9a797119f55d9c020a_svg/moon-outline.svg","362","NOT_FOUND"
"svg/moon-sharp.svg","2ab49fb2363e5619261733fc88d8b6e832af004ef0cdb2f003aad861c7da42c8","orgs/938847bd-ad89-4ee4-a8cc-4e62f513379a/apps/com.emberlink.pubqdemo/delta/4ee544e4f4d4848d63103a74848674823118b162debaea5c66a973186765a4b1_svg/moon-sharp.svg","309","NOT_FOUND"
"svg/moon.svg","c5ca509ca47e2c25d787360af6be2df599cad9300be5a79a2b8e64368c9b8bcb","orgs/938847bd-ad89-4ee4-a8cc-4e62f513379a/apps/com.emberlink.pubqdemo/delta/589239294018a666dc638cb70ac3b2ae72cf9082cc78b6909302b0e5366d886a_svg/moon.svg","319","NOT_FOUND"
"svg/move-outline.svg","b46294fd827765c9d3dbe46e1521f951e889010421ca44150f125b7fb0f20401","orgs/938847bd-ad89-4ee4-a8cc-4e62f513379a/apps/com.emberlink.pubqdemo/delta/1ec5a141ee98d259bd4957046268bc9e24ac82dbef47488f88f25f334b4be545_svg/move-outline.svg","300","NOT_FOUND"
"svg/move-sharp.svg","79715d572119c6405d714f8f38f344ad2f3cbb7e12738609022326a461ff36eb","orgs/938847bd-ad89-4ee4-a8cc-4e62f513379a/apps/com.emberlink.pubqdemo/delta/2945fb6f90a83aaf43ced8333cd90b0adfc03949a19b4de41a7bb0e3eae6c7c1_svg/move-sharp.svg","276","NOT_FOUND"
"svg/move.svg","b46294fd827765c9d3dbe46e1521f951e889010421ca44150f125b7fb0f20401","orgs/938847bd-ad89-4ee4-a8cc-4e62f513379a/apps/com.emberlink.pubqdemo/delta/1ec5a141ee98d259bd4957046268bc9e24ac82dbef47488f88f25f334b4be545_svg/move.svg","300","NOT_FOUND"
"svg/musical-note-outline.svg","f6b05be792d0a1bf2af4e11f532db8ccd614a4e6ed604c74944cc7a4f89eaac2","orgs/938847bd-ad89-4ee4-a8cc-4e62f513379a/apps/com.emberlink.pubqdemo/delta/0281c27ed68f3d0814ee9a8fcaf60d14354ed14afe4c1b52576ac75d59c90782_svg/musical-note-outline.svg","500","NOT_FOUND"
"svg/musical-note-sharp.svg","afd357832ef02dfdbaa9bf9610f3b464fc0191252e0eb3a04f2cfa218ac1fa7b","orgs/938847bd-ad89-4ee4-a8cc-4e62f513379a/apps/com.emberlink.pubqdemo/delta/4486377ab5b185e3c0f87e80dc216ab7cff8e127cd8ebbb4ebcf187700601f0e_svg/musical-note-sharp.svg","412","NOT_FOUND"
"svg/musical-note.svg","de77b20f16ea88a67ddcf7e3fbda951fb726a481df0f7f14c340213fd9d17c92","orgs/938847bd-ad89-4ee4-a8cc-4e62f513379a/apps/com.emberlink.pubqdemo/delta/158e3cdcc22b4ea9d91ad34422e0230d1721d8507756d7ef8c74e026bb76ff6d_svg/musical-note.svg","441","NOT_FOUND"
"svg/musical-notes-outline.svg","8cf366403304729dceff36879d9fc282536a34f6056519c3949df90ae92b7c38","orgs/938847bd-ad89-4ee4-a8cc-4e62f513379a/apps/com.emberlink.pubqdemo/delta/899c71649bef232d96adbfd99c7a932dacf361088caae8e66b7fe6f52cb90d91_svg/musical-notes-outline.svg","684","NOT_FOUND"
"svg/musical-notes-sharp.svg","eb017a6a3b6ee3b526bd0a21d84e1c058fee27c393f8fe0aa0f2e4a1768b8e49","orgs/938847bd-ad89-4ee4-a8cc-4e62f513379a/apps/com.emberlink.pubqdemo/delta/b635095291c6bfb708810f6ef2ffec989442906b554c93391ee6f1a4adfbec18_svg/musical-notes-sharp.svg","620","NOT_FOUND"
"svg/musical-notes.svg","cde298aa49bcf0f80c02423542659e4d1d2c67cb1552b03547b6a90718ef03c5","orgs/938847bd-ad89-4ee4-a8cc-4e62f513379a/apps/com.emberlink.pubqdemo/delta/b3d0e9515ad273e2ee6f026601a7ff80688617414797f6670c5bb6218054a744_svg/musical-notes.svg","682","NOT_FOUND"
"svg/navigate-circle-outline.svg","6495e89ecdaa8de3cc1a87d2d6c56dcb839da68cf3357762abb6c38d8763ea3a","orgs/938847bd-ad89-4ee4-a8cc-4e62f513379a/apps/com.emberlink.pubqdemo/delta/8abea5a35606330e8216062c23bc165c0447e06807b30a050cf2c487cde31945_svg/navigate-circle-outline.svg","398","NOT_FOUND"
"svg/navigate-circle-sharp.svg","556f2251792a9c682bbc36bb203a2022a738c5b4010f90f51d8f84e8289e68a1","orgs/938847bd-ad89-4ee4-a8cc-4e62f513379a/apps/com.emberlink.pubqdemo/delta/99f1371397fb0e6cba81c0fed71faeabcd5a9455d971adad521965fd51e8cde7_svg/navigate-circle-sharp.svg","239","NOT_FOUND"
"svg/navigate-circle.svg","75850972f7218cbe8b26cdf93313d7b55dd737a1346a72cff4ee90e1a88ab422","orgs/938847bd-ad89-4ee4-a8cc-4e62f513379a/apps/com.emberlink.pubqdemo/delta/b56a4afb34123ade93e5ad6a37e43fb2e7fc7607691d8e73fd40a9b26efef005_svg/navigate-circle.svg","396","NOT_FOUND"
"svg/navigate-outline.svg","3ae713050dcc38f71f683e46273d1cb5a18c6db04467181a374c21c405c2ec3d","orgs/938847bd-ad89-4ee4-a8cc-4e62f513379a/apps/com.emberlink.pubqdemo/delta/4a4c5af8850066b2b46618f38421b9dee9474b3a0852f45189692a5523f4292d_svg/navigate-outline.svg","230","NOT_FOUND"
"svg/navigate-sharp.svg","a3a6be930104a19ac8e114661ce5bc2dbe40987a2492115fb9633508cd752697","orgs/938847bd-ad89-4ee4-a8cc-4e62f513379a/apps/com.emberlink.pubqdemo/delta/0dfcd4bb52a354f5321f324fa035b826cdf257ba644792186c2c60ff47029d57_svg/navigate-sharp.svg","119","NOT_FOUND"
"svg/navigate.svg","87964ecc328f63f8b588e930773a7403d58a642a8b349b1f50e118a02120fb93","orgs/938847bd-ad89-4ee4-a8cc-4e62f513379a/apps/com.emberlink.pubqdemo/delta/3d80d5f472f1ba6a3bda7f31d3e0b3459ff952c22d4dc5daed337635dc07f4d8_svg/navigate.svg","269","NOT_FOUND"
"svg/newspaper-outline.svg","a13197aee7d31227a0ab8aac2defda72b7cf6560237859f60bef2adda7b6f70d","orgs/938847bd-ad89-4ee4-a8cc-4e62f513379a/apps/com.emberlink.pubqdemo/delta/9c4d4397e1cd83ed7da09b1ef9bef739b457f0d960fc1a8c458d62187f731a7c_svg/newspaper-outline.svg","691","NOT_FOUND"
"svg/newspaper-sharp.svg","1cb8be34f3471de89aec5b21d8f6f4862a5a7336573ac6d27b70034e163329ec","orgs/938847bd-ad89-4ee4-a8cc-4e62f513379a/apps/com.emberlink.pubqdemo/delta/9929e99ca2b0d30d0277bf98b0a9457e6d6787a927b83425f8f6223c5fc1368d_svg/newspaper-sharp.svg","510","NOT_FOUND"
"svg/newspaper.svg","84f42efe44a7ac8d9114582b98a4b87245468b415c7bb6a8501bcfae6017193e","orgs/938847bd-ad89-4ee4-a8cc-4e62f513379a/apps/com.emberlink.pubqdemo/delta/87c2eee2e9e03ae5183cb380f8a662836bc852fb6f1c2ed850945d7c7fe89590_svg/newspaper.svg","1038","NOT_FOUND"
"svg/notifications-circle-outline.svg","6e1316bbef51a149f425754d80d138613322812783e2de20746cf6624f9b1a7e","orgs/938847bd-ad89-4ee4-a8cc-4e62f513379a/apps/com.emberlink.pubqdemo/delta/3f00781d7107278e8312e89635fd99df3537508cb4ff243bd72bf121728ca3e6_svg/notifications-circle-outline.svg","663","NOT_FOUND"
"svg/notifications-circle-sharp.svg","d871aeada72369f81616dff330fbfccad698a83b1258e4c732752154023cd626","orgs/938847bd-ad89-4ee4-a8cc-4e62f513379a/apps/com.emberlink.pubqdemo/delta/573830bad7f1c307afce3c7dd3042e3b388fb271c53e9bd79ddb2506bdad76e3_svg/notifications-circle-sharp.svg","531","NOT_FOUND"
"svg/notifications-circle.svg","18dff4c2163dd6f5d7c74ba601cd36e177ad20afd84049d967b58e6771f6e585","orgs/938847bd-ad89-4ee4-a8cc-4e62f513379a/apps/com.emberlink.pubqdemo/delta/c614f607351d7ed7c29391e146b4ec2cf560815779ba4e73011039916548a0a5_svg/notifications-circle.svg","586","NOT_FOUND"
"svg/notifications-off-circle-outline.svg","83eb413713aadc61c0175068b44a3c4fb41c2e26e9530b134b464d78635068c3","orgs/938847bd-ad89-4ee4-a8cc-4e62f513379a/apps/com.emberlink.pubqdemo/delta/a5e57ec3850f3eebd45223f800338227a7a49acf0e75df756bfd827d7da99dd3_svg/notifications-off-circle-outline.svg","886","NOT_FOUND"
"svg/notifications-off-circle-sharp.svg","ab9bbbf1fdd0b694a5284d46a59ba93fa6a0a05e783d28443a608d9f54a6c73c","orgs/938847bd-ad89-4ee4-a8cc-4e62f513379a/apps/com.emberlink.pubqdemo/delta/00e712d7359ebafc0be6cd448347aee56300b961932008f4f3bc8e807b41a4bd_svg/notifications-off-circle-sharp.svg","467","NOT_FOUND"
"svg/notifications-off-circle.svg","8d5dee89ae328517b6e32bf559a9decbdfd31fee33a9e98000b848ce7752c49f","orgs/938847bd-ad89-4ee4-a8cc-4e62f513379a/apps/com.emberlink.pubqdemo/delta/2a7a221d3de5d28ba7b810001bd1d17a731bbeaacf61fedfd783489a37a5543f_svg/notifications-off-circle.svg","823","NOT_FOUND"
"svg/notifications-off-outline.svg","3f5547754bf763c1340338f4415e6d97d7af44068b287fb75f1bfccb8e47ca77","orgs/938847bd-ad89-4ee4-a8cc-4e62f513379a/apps/com.emberlink.pubqdemo/delta/5c0a75366eb382934753641310a0ce7529ca6346119e969c43ee832daa335be9_svg/notifications-off-outline.svg","651","NOT_FOUND"
"svg/notifications-off-sharp.svg","964d20173a91badc30827e55bd4475ca9f30f5b4c464ae4389ec8866b1bad1b8","orgs/938847bd-ad89-4ee4-a8cc-4e62f513379a/apps/com.emberlink.pubqdemo/delta/c1ae333990d7d46b1df1abc645c271cfcaaf70a28ae24b6cf83ca973d2e85ca7_svg/notifications-off-sharp.svg","393","NOT_FOUND"
"svg/notifications-off.svg","082febef9ce1172e39acd63b7bfca3103709ebb94cc231ee4ffbf458958698de","orgs/938847bd-ad89-4ee4-a8cc-4e62f513379a/apps/com.emberlink.pubqdemo/delta/8e82f92659ed5863738804735d17735f5c29bc1ce1b107db5e8d9b2da7950b5d_svg/notifications-off.svg","836","NOT_FOUND"
"svg/notifications-outline.svg","6158c17d8fc856ff91dbe05e23b32e85ac44c30f9db7302e78660303c10704ec","orgs/938847bd-ad89-4ee4-a8cc-4e62f513379a/apps/com.emberlink.pubqdemo/delta/1f2fed30ff5cc296260642bbfe05f6d8907a5cbdd4f72b557a14b177f8342f3d_svg/notifications-outline.svg","550","NOT_FOUND"
"svg/notifications-sharp.svg","126bb7881a2a524194dacf37362a86425583c27a70ed2550e386185ec6643e9a","orgs/938847bd-ad89-4ee4-a8cc-4e62f513379a/apps/com.emberlink.pubqdemo/delta/2ef9e1ec3523805a73ff121806495cdde70e3100904daaa073a6f033d71ad55e_svg/notifications-sharp.svg","276","NOT_FOUND"
"svg/notifications.svg","823b893fcfceb665926b080a1c452f0feb4b4e0a5ce11383d2535ceb147e778d","orgs/938847bd-ad89-4ee4-a8cc-4e62f513379a/apps/com.emberlink.pubqdemo/delta/40ea6c80c671fadf09efc5d01edd0b66fec0acaa06af0429444f1320050a2cae_svg/notifications.svg","646","NOT_FOUND"
"svg/nuclear-outline.svg","1e429491e636f300af973c6f238aa36b59dc5e8851d0eb04154367cf9855cb15","orgs/938847bd-ad89-4ee4-a8cc-4e62f513379a/apps/com.emberlink.pubqdemo/delta/5c7e4333c04f61a8e4582737139e557f37ae049d52b21afb930c9a3e2a2e9673_svg/nuclear-outline.svg","553","NOT_FOUND"
"svg/nuclear-sharp.svg","fa4b627810536e131e09cdbeecf528ea8070e9ab79ff9d92832bc0375fdd45d6","orgs/938847bd-ad89-4ee4-a8cc-4e62f513379a/apps/com.emberlink.pubqdemo/delta/3024839a433c7d1b95419c3a7f8a65eb2c59d301ff5909c31cc7eb1a36a84ccf_svg/nuclear-sharp.svg","561","NOT_FOUND"
"svg/nuclear.svg","6bc18a79678830914096c194034b63909cc1edb35a6f59487092469753d3c11d","orgs/938847bd-ad89-4ee4-a8cc-4e62f513379a/apps/com.emberlink.pubqdemo/delta/746759491756dd04142770b7e06a6dd7638a663d589eb001eb09fde830d823fe_svg/nuclear.svg","800","NOT_FOUND"
"svg/nutrition-outline.svg","55b36f0556be0781941d2f233a2b920eea7c32a0665beb01475b64fea9b03265","orgs/938847bd-ad89-4ee4-a8cc-4e62f513379a/apps/com.emberlink.pubqdemo/delta/c462b1605a3029d05e06b0f755d3d6eb7e0931904e33b2e95aedb8dd445be2e6_svg/nutrition-outline.svg","582","NOT_FOUND"
"svg/nutrition-sharp.svg","2c765efe32c233b12da4582b063eb771e27ed09718f210adad644e3144556e3e","orgs/938847bd-ad89-4ee4-a8cc-4e62f513379a/apps/com.emberlink.pubqdemo/delta/705a6f5fd917d4ee5045cbbfab7f2c1673215f4608f1c69bbcb6693ec366c235_svg/nutrition-sharp.svg","847","NOT_FOUND"
"svg/nutrition.svg","31a1921d7492a78341b4c46d2cc53551b283e024a364aee35d00ec3d8005bf97","orgs/938847bd-ad89-4ee4-a8cc-4e62f513379a/apps/com.emberlink.pubqdemo/delta/008a66721fb1c8e29f41721f6240f95145a75377cb4abbefb634474c15b1d458_svg/nutrition.svg","906","NOT_FOUND"
"svg/open-outline.svg","2c5d776ae79bf10ed38acad5d21ee4456bf030e6ccc1d237e9dc39806aea5241","orgs/938847bd-ad89-4ee4-a8cc-4e62f513379a/apps/com.emberlink.pubqdemo/delta/697b150bc70db087cfe28d6120eea935397a3d25595e1b586958a428a71e9c02_svg/open-outline.svg","301","NOT_FOUND"
"svg/open-sharp.svg","616680b1cff16a53b1cb58631d286b3bed99be1deef4d957fd071ee4698d68a7","orgs/938847bd-ad89-4ee4-a8cc-4e62f513379a/apps/com.emberlink.pubqdemo/delta/85ffc13611f34a8ee87ee9bea61f6c6f3ea6e2db75c8e72728dbff4ee17de9f4_svg/open-sharp.svg","206","NOT_FOUND"
"svg/open.svg","34f71f0d62a8ad34756734fed93d42fbd0a44106d34d50bd0ae47cc51a26f58e","orgs/938847bd-ad89-4ee4-a8cc-4e62f513379a/apps/com.emberlink.pubqdemo/delta/9b33203b195cb6a516abd0f76502bee67b60c1a1bf6bbe8e83855f2f98809f08_svg/open.svg","463","NOT_FOUND"
"svg/options-outline.svg","8878729fc5946b74950a288ea764c9d1381b46589851fb48e1e5d7c3edd41554","orgs/938847bd-ad89-4ee4-a8cc-4e62f513379a/apps/com.emberlink.pubqdemo/delta/55526def593208a7502284f8bf84cb89fc3f448a39a4a3744d024f3d207fea30_svg/options-outline.svg","640","NOT_FOUND"
"svg/options-sharp.svg","479566d14416b43fe77ac2acb88ec3cf20c768ff36a6620d60796bd799881a10","orgs/938847bd-ad89-4ee4-a8cc-4e62f513379a/apps/com.emberlink.pubqdemo/delta/419b2841f0ce8eb1a4c8303f413d8b771f40ad342ae3f9791b2f9e1b14e875c4_svg/options-sharp.svg","382","NOT_FOUND"
"svg/options.svg","5e0177c52ec20f1d38ae3af0218dafa36f568fad40cb54ed39beea9f75c8d4c5","orgs/938847bd-ad89-4ee4-a8cc-4e62f513379a/apps/com.emberlink.pubqdemo/delta/c3b50ff9cc3cfa7becfdcda2fcf5b75efa9434957236f19fe841e13375fcc59b_svg/options.svg","397","NOT_FOUND"
"svg/paper-plane-outline.svg","842d42db3ea86f766b6f53f866a5b151eb1a7e0531dd27babc95db0a1de6270d","orgs/938847bd-ad89-4ee4-a8cc-4e62f513379a/apps/com.emberlink.pubqdemo/delta/4d7099e19a1182fc3a378174035d95d399cae3ce8bfa80803ee56438a9aa3bc4_svg/paper-plane-outline.svg","347","NOT_FOUND"
"svg/paper-plane-sharp.svg","21506e0610cad5c0e86fb0d47f920f851267c4ee54684f661b3402f7d9a26fe9","orgs/938847bd-ad89-4ee4-a8cc-4e62f513379a/apps/com.emberlink.pubqdemo/delta/8fd13aa68d9e15fd4e9b440e43db2a0d14ce2892bc64572fab5bf401008ff888_svg/paper-plane-sharp.svg","144","NOT_FOUND"
"svg/paper-plane.svg","9f15ed3a57de820687572e2d094507a915abf5a5e48e8d8035f6d08ac6b7521a","orgs/938847bd-ad89-4ee4-a8cc-4e62f513379a/apps/com.emberlink.pubqdemo/delta/142fc148c6857b06d4da46d7fb7e94a2235b76953dfca46c498fcc5ac1791960_svg/paper-plane.svg","398","NOT_FOUND"
"svg/partly-sunny-outline.svg","000a27473951fbb5da3a93322415cc8cad33bbd152c6621f28fcfff48c88a96a","orgs/938847bd-ad89-4ee4-a8cc-4e62f513379a/apps/com.emberlink.pubqdemo/delta/74cdcf9bd298c9f450d410da5948347c01e47e931fa34e0cc4ecd1d297f1ee58_svg/partly-sunny-outline.svg","632","NOT_FOUND"
"svg/partly-sunny-sharp.svg","09f5d0378739cd2b7fc606b1a224e43e10990c78eeebc091ab253351340e8a1e","orgs/938847bd-ad89-4ee4-a8cc-4e62f513379a/apps/com.emberlink.pubqdemo/delta/444154511adb5ef2b2e00df896d75c1d128c62805ca8697f3f82fc2ae78c1292_svg/partly-sunny-sharp.svg","826","NOT_FOUND"
"svg/partly-sunny.svg","4139de84600a54bd1938e15e97fdd92a511d922c7da3dd68c46fbb189218f8de","orgs/938847bd-ad89-4ee4-a8cc-4e62f513379a/apps/com.emberlink.pubqdemo/delta/1b8b6678b3969b70aaf206fd6daf50f63bffe3f124c930a3322f2693d40eb93f_svg/partly-sunny.svg","1120","NOT_FOUND"
"svg/pause-circle-outline.svg","7e2324c1c9b4cc4650e7cce5d26728d78b2c51278fc2c3b05b1ed87918352a85","orgs/938847bd-ad89-4ee4-a8cc-4e62f513379a/apps/com.emberlink.pubqdemo/delta/8af84889a6f07c3d153876cc588cf5376a6b9647030f0d34c4cb0a1bd408a170_svg/pause-circle-outline.svg","369","NOT_FOUND"
"svg/pause-circle-sharp.svg","2f5b507f3097abb0d261ca92905d171fbd6073f84fbcadd3b2863292355209f7","orgs/938847bd-ad89-4ee4-a8cc-4e62f513379a/apps/com.emberlink.pubqdemo/delta/99e5efd5f966d1ec87a2befa80d9bca29795bbbba96e7f4130245499b67b0882_svg/pause-circle-sharp.svg","220","NOT_FOUND"
"svg/pause-circle.svg","b5af45dc643d18dbde53606d8526c441c2f7f26ce0c191cdcce1f8f73285f114","orgs/938847bd-ad89-4ee4-a8cc-4e62f513379a/apps/com.emberlink.pubqdemo/delta/57c3b06fd65f8da07d422b08570892336ec4d35639728dc86f15d6d238b62775_svg/pause-circle.svg","274","NOT_FOUND"
"svg/pause-outline.svg","f5da8cb87fbe9924d00d109cc2dc55d3f748ebac6768a5b2a24b12afc276bf89","orgs/938847bd-ad89-4ee4-a8cc-4e62f513379a/apps/com.emberlink.pubqdemo/delta/3a4f03d98bd8ebfd38fddc8cfaae9d0b01077f3dadb589287dcbff16d431c342_svg/pause-outline.svg","228","NOT_FOUND"
"svg/pause-sharp.svg","6221acf68ad09bb67c00726a25f6b33852d9d7fceef9ee800f7ad7084a513ed9","orgs/938847bd-ad89-4ee4-a8cc-4e62f513379a/apps/com.emberlink.pubqdemo/delta/37d6db7b1bbb9241184d0d074e6c3eb6fa486a030872d3657a7bd55e4ab79907_svg/pause-sharp.svg","134","NOT_FOUND"
"svg/pause.svg","7d07b93502bc03ff171f14b9a75df7a7afef0ed3f870b2c2a874ee0f996053f6","orgs/938847bd-ad89-4ee4-a8cc-4e62f513379a/apps/com.emberlink.pubqdemo/delta/e70e3251d3189fdf68194cef62f18e01a03c8b01e41848b785877fe864bd4489_svg/pause.svg","284","NOT_FOUND"
"svg/paw-outline.svg","597d3e2e4844f1d77a0226cb5e1d18620642423bc206050d1563c6b417484b9b","orgs/938847bd-ad89-4ee4-a8cc-4e62f513379a/apps/com.emberlink.pubqdemo/delta/acd7ce1d8673942b4c2220ee069a3278c14d633d81fa9eea6314821abb9d96d5_svg/paw-outline.svg","1210","NOT_FOUND"
"svg/paw-sharp.svg","166f9274573e346903704288a4899ea14c75d13261fa6162c8f1aab4d2ad4fd8","orgs/938847bd-ad89-4ee4-a8cc-4e62f513379a/apps/com.emberlink.pubqdemo/delta/1469148baa7b76d6bad41c8c5b5d5b3429b9cf19152e6f704a4d917b1d54a9ea_svg/paw-sharp.svg","625","NOT_FOUND"
"svg/paw.svg","e6dbc0c7395ce7eb9805837701db47263011a232c0a37296ef39291d8e2b37e9","orgs/938847bd-ad89-4ee4-a8cc-4e62f513379a/apps/com.emberlink.pubqdemo/delta/d33672eed80db3dcd739fe692d8af525fb02ac0d86ce2d497a1a8b59c1455d29_svg/paw.svg","1565","NOT_FOUND"
"svg/pencil-outline.svg","76d2083ec662ec1ca0f6ea85a62c3a71a47c68ff6b565aa9fd8616f1b12650eb","orgs/938847bd-ad89-4ee4-a8cc-4e62f513379a/apps/com.emberlink.pubqdemo/delta/7f9f6fc99791fc0b4e93771d3574d6e74888f9075664c18bda25667b0cef8786_svg/pencil-outline.svg","334","NOT_FOUND"
"svg/pencil-sharp.svg","96c60145ec4dc154bbe8429a751dd1d9c09f6d5794e6de4303a7d09c9a571527","orgs/938847bd-ad89-4ee4-a8cc-4e62f513379a/apps/com.emberlink.pubqdemo/delta/03ce64fa8c8d14510798d9c8f42d2fd7453cb1b29d9b7cbaf2211143b20da67b_svg/pencil-sharp.svg","296","NOT_FOUND"
"svg/pencil.svg","3801ed003073fc8ff386d1227e87f8cf6690724a062db37d9a709fdb4f3a770f","orgs/938847bd-ad89-4ee4-a8cc-4e62f513379a/apps/com.emberlink.pubqdemo/delta/09bb8c881a67f1fa7c0b4177028addc4261817859b4f30aeb2b67da864a9c5cc_svg/pencil.svg","358","NOT_FOUND"
"svg/people-circle-outline.svg","0d8f6fbd779fe682f7b37f837c4d0f94cac99313909015585bd6e1cddfabab24","orgs/938847bd-ad89-4ee4-a8cc-4e62f513379a/apps/com.emberlink.pubqdemo/delta/e4c56d8345dedeab3c69beb02b35691f1a5e09ec9e6a0f0d0ac81eb478f4427a_svg/people-circle-outline.svg","1119","NOT_FOUND"
"svg/people-circle-sharp.svg","e9dfc1377a685a44a76c3b89fc6c1af0d66475cd3f1e33961186b6125b859b4a","orgs/938847bd-ad89-4ee4-a8cc-4e62f513379a/apps/com.emberlink.pubqdemo/delta/2258240a1415b629e3747dd224f0af08a83583767e565c0a959ae94bec549d8e_svg/people-circle-sharp.svg","614","NOT_FOUND"
"svg/people-circle.svg","353064ed40bc915de0f6f15ca9b670b0ad225be53083173b71d1153877335d00","orgs/938847bd-ad89-4ee4-a8cc-4e62f513379a/apps/com.emberlink.pubqdemo/delta/7dd61b5e188285643b55645ab90e901f86119c8ddfb14574959060850ca05545_svg/people-circle.svg","3270","NOT_FOUND"
"svg/people-outline.svg","359c0b60a188f2035452beafb7d0ba743aeebc337ca5ec750f18fa8f415383a1","orgs/938847bd-ad89-4ee4-a8cc-4e62f513379a/apps/com.emberlink.pubqdemo/delta/2f5bc0ee38391441f68f07f96cbb6b724f6150be489382106566b2ee3c0c0cfc_svg/people-outline.svg","946","NOT_FOUND"
"svg/people-sharp.svg","f820dd6615e4c95b9095552359d518a61b8eabeecd77aea7c94af276af31d1bb","orgs/938847bd-ad89-4ee4-a8cc-4e62f513379a/apps/com.emberlink.pubqdemo/delta/b1e2316683f496c1b9121938cda0b944100fc544d188df4c00c461cfcb67ac2d_svg/people-sharp.svg","372","NOT_FOUND"
"svg/people.svg","09907c237e0efefba91d4e22d1d4cd6a5f00e7365d237c16824061b3fb44b36e","orgs/938847bd-ad89-4ee4-a8cc-4e62f513379a/apps/com.emberlink.pubqdemo/delta/07de14c64d701201b080a1ccf7d8429ef5d8cc3c3cc0de14784b04cb90ef49e4_svg/people.svg","1074","NOT_FOUND"
"svg/person-add-outline.svg","450fd33a8ce545c6968c8a307bc1c2ca574f0b3b4c1dd462ebd143b2800a4a85","orgs/938847bd-ad89-4ee4-a8cc-4e62f513379a/apps/com.emberlink.pubqdemo/delta/663a98e7797b2358c91288e1fee3059968650376dc755e2389fd71814eaa3040_svg/person-add-outline.svg","608","NOT_FOUND"
"svg/person-add-sharp.svg","fe0f9be829625c24e4a79a9c431c08c949ee145254ab02ad768a8507fd9a3c87","orgs/938847bd-ad89-4ee4-a8cc-4e62f513379a/apps/com.emberlink.pubqdemo/delta/b9959124a604d1b5ea2809f9fde2f6701995a16024811eb0f44958e4278001e0_svg/person-add-sharp.svg","262","NOT_FOUND"
"svg/person-add.svg","201d4f728b6ec5f60afd4678e2d5c62c79e72c439dd482f00de0cf421e6e6dc0","orgs/938847bd-ad89-4ee4-a8cc-4e62f513379a/apps/com.emberlink.pubqdemo/delta/8ea35d481e76fb331840a9d92a65046a6b1b96df4f590a04c6788b64cfc64279_svg/person-add.svg","653","NOT_FOUND"
"svg/person-circle-outline.svg","f3bf3a0bb4e1996f3ca8ad6b1f3d3bc047733ed97b022aadd821f492693ec7c7","orgs/938847bd-ad89-4ee4-a8cc-4e62f513379a/apps/com.emberlink.pubqdemo/delta/8157a3a4ab4c046d93314641fc6e74c05a31d8c78de5367056896efccf796798_svg/person-circle-outline.svg","712","NOT_FOUND"
"svg/person-circle-sharp.svg","575f0672a008b3c64f861e1f56a0afe54ca59c5f82ce22b207da34849b36eb88","orgs/938847bd-ad89-4ee4-a8cc-4e62f513379a/apps/com.emberlink.pubqdemo/delta/8e61bd6211c4585890e657f2cdd74c83755c62739238aa8ea6753a31064c15cb_svg/person-circle-sharp.svg","349","NOT_FOUND"
"svg/person-circle.svg","8bfd51c3e19b88139c87533d8806b50e3f6fffd835896f5f376912d601ff299b","orgs/938847bd-ad89-4ee4-a8cc-4e62f513379a/apps/com.emberlink.pubqdemo/delta/af35b05336f932b128fb853be1672803d728c9f05dd8c086dff8cf1fc291d98f_svg/person-circle.svg","549","NOT_FOUND"
"svg/person-outline.svg","2c4b4912dad5bcf66a8d546a9f0784593603180c7a736714fc4d5245e804b5d8","orgs/938847bd-ad89-4ee4-a8cc-4e62f513379a/apps/com.emberlink.pubqdemo/delta/168b1d485215a55275e9e5522050750a384f215b9a4926814c8adae684bee361_svg/person-outline.svg","481","NOT_FOUND"
"svg/person-remove-outline.svg","b88f7d2b3846a85ce5fd7925779081ffd3396e92f91bb0a13cc3401a7fb93aae","orgs/938847bd-ad89-4ee4-a8cc-4e62f513379a/apps/com.emberlink.pubqdemo/delta/2c9d30366f8b78b65c816682f3186119215a555bb32fb7ee9a34e2f70b102b91_svg/person-remove-outline.svg","597","NOT_FOUND"
"svg/person-remove-sharp.svg","cecf37a51e1f1ae7149ec9495a61935d913db1d1f055a6f2eaad810a0bce3e6f","orgs/938847bd-ad89-4ee4-a8cc-4e62f513379a/apps/com.emberlink.pubqdemo/delta/20b9e7d08bb9bebb5e732820662fd3254ac6f77a51134f47bcde99b047840338_svg/person-remove-sharp.svg","234","NOT_FOUND"
"svg/person-remove.svg","579b5667268ef98e28e3a3e105bf961b4e65ee5c0601e8e4edbf05ecd35d17aa","orgs/938847bd-ad89-4ee4-a8cc-4e62f513379a/apps/com.emberlink.pubqdemo/delta/3182451629d3af128afff2162e391d8a927ef027dacf3994fc8155b08c321f88_svg/person-remove.svg","599","NOT_FOUND"
"svg/person-sharp.svg","c0549029e832185e9b47eec2f22feda4ad2f5cb78fc1b65de4e8da4804cf7689","orgs/938847bd-ad89-4ee4-a8cc-4e62f513379a/apps/com.emberlink.pubqdemo/delta/c9f6a3bd203f69ecbe93c0e6043a5a57578143a5989406dd88413a14923aef1b_svg/person-sharp.svg","218","NOT_FOUND"
"svg/person.svg","72dda625d83a20b3c3a380b60ba6eb5fb4fd340902ec1f552f261a530f22649b","orgs/938847bd-ad89-4ee4-a8cc-4e62f513379a/apps/com.emberlink.pubqdemo/delta/5deaf1525eff02744b68fe068e969c4ebc6b3d9ca251fc1e2e8e12485ffc07ac_svg/person.svg","531","NOT_FOUND"
"svg/phone-landscape-outline.svg","d06c4685e1babd32a94ebdbcd25d665975ea365ccf9d5a461d0e18bfe0197702","orgs/938847bd-ad89-4ee4-a8cc-4e62f513379a/apps/com.emberlink.pubqdemo/delta/277fcdce5f3e434dcfad50bb7e82074770b28e28d9d3a9d58bb5f96b8fc9d133_svg/phone-landscape-outline.svg","466","NOT_FOUND"
"svg/phone-landscape-sharp.svg","d11638c7e7056d78f6438979bc6ac5dbab6e9d9a4bbba2dca189275375279070","orgs/938847bd-ad89-4ee4-a8cc-4e62f513379a/apps/com.emberlink.pubqdemo/delta/592bd6a96468833fa025231ec71196b5c03aeedf04f87a5d3e8b7c8b07fdba54_svg/phone-landscape-sharp.svg","209","NOT_FOUND"
"svg/phone-landscape.svg","d4ba3125515042b474700e1bbfb17c74065e4a8ce3a63ab0e533b60f6d25162a","orgs/938847bd-ad89-4ee4-a8cc-4e62f513379a/apps/com.emberlink.pubqdemo/delta/098156409cd90ceeb83d53d8aff3b0e6cc5c140ebebd54f246f8bedb7261f891_svg/phone-landscape.svg","885","NOT_FOUND"
"svg/phone-portrait-outline.svg","f401be9f3df3e035963a21014019d31b17dd1fe73373bed7e852daf7d47be6fa","orgs/938847bd-ad89-4ee4-a8cc-4e62f513379a/apps/com.emberlink.pubqdemo/delta/0b0ce9bf0ba8d8325188085ff1d437370565b94b1093d21a73bb85858a12804e_svg/phone-portrait-outline.svg","431","NOT_FOUND"
"svg/phone-portrait-sharp.svg","79acb3977cd396180f8cfdc4448f32dc32c0cad7382405a532164621ecb3b638","orgs/938847bd-ad89-4ee4-a8cc-4e62f513379a/apps/com.emberlink.pubqdemo/delta/48db75b7624df9a46be7aca51c3f07fca918604253a0048f9fa2299955b51630_svg/phone-portrait-sharp.svg","209","NOT_FOUND"
"svg/phone-portrait.svg","f3bc527e4c3bccd1f213dd5019bf722f18bb49b1ae997ac88bff473d480616e8","orgs/938847bd-ad89-4ee4-a8cc-4e62f513379a/apps/com.emberlink.pubqdemo/delta/f22e6243ac9abc4c0642c825be4210c66162952111d97fdc29eebded20ab83dd_svg/phone-portrait.svg","882","NOT_FOUND"
"svg/pie-chart-outline.svg","f8f4eca621c592101a63ede0c5e959bb1e4917349fcec1798c010499ea42267d","orgs/938847bd-ad89-4ee4-a8cc-4e62f513379a/apps/com.emberlink.pubqdemo/delta/10273b688ea7ed2174cd0c0ddd1a124883ab2f6da67ce9a448e0426c19f932d5_svg/pie-chart-outline.svg","465","NOT_FOUND"
"svg/pie-chart-sharp.svg","91eaac94ec183ff90b29d5a13e49f149d4d47993370eb0816816456b62084808","orgs/938847bd-ad89-4ee4-a8cc-4e62f513379a/apps/com.emberlink.pubqdemo/delta/56b4ff1ebcda55181619eb86ea0541dedba1e6740f729dcb24e38d4d2f5314c7_svg/pie-chart-sharp.svg","278","NOT_FOUND"
"svg/pie-chart.svg","630625eed9dc4f7bbb458ce2f74f3add46846589c8e72bf85099bd7033e0fef1","orgs/938847bd-ad89-4ee4-a8cc-4e62f513379a/apps/com.emberlink.pubqdemo/delta/7c89a3597bfae67671fd15b77007c404e820c46eae0a612308e960fd4f1a05db_svg/pie-chart.svg","459","NOT_FOUND"
"svg/pin-outline.svg","8a351d0ac4662e9e5fc0b33d5d292d3456e05ae4687bfa88db8cef505663fc13","orgs/938847bd-ad89-4ee4-a8cc-4e62f513379a/apps/com.emberlink.pubqdemo/delta/fa0977ca2719d93957bedabc0dc55f37738d72f0a5444c04d69819710572d2f0_svg/pin-outline.svg","399","NOT_FOUND"
"svg/pin-sharp.svg","f8b3406c06873a3c1407136c6073025a26834b82d6422056ef3f237c1e62876c","orgs/938847bd-ad89-4ee4-a8cc-4e62f513379a/apps/com.emberlink.pubqdemo/delta/7fa1ae909009cd89dfdb2b124a0a87d1f9dca20173cbf02b62e2357528cd5ab2_svg/pin-sharp.svg","213","NOT_FOUND"
"svg/pin.svg","e8211b151c1b245425bf7d1f1c49eb639ec3a16a982cdea32512949366fcf5c4","orgs/938847bd-ad89-4ee4-a8cc-4e62f513379a/apps/com.emberlink.pubqdemo/delta/ffb71d3de5eef8ece76264b00e6653c3c4ca90b417348c2c3d7788ae34295e96_svg/pin.svg","300","NOT_FOUND"
"svg/pint-outline.svg","90e47c79ee65365a0f65b2c43e60d73b88cb49deb0b5b9bbcac90bb58dbcc6f3","orgs/938847bd-ad89-4ee4-a8cc-4e62f513379a/apps/com.emberlink.pubqdemo/delta/0b0b486e03c2cd3c7111df2ae58019c034711e54e485f07fcf97564c605d95a9_svg/pint-outline.svg","470","NOT_FOUND"
"svg/pint-sharp.svg","df34b523ecce7cbcf40296bfd8c1e4050631d8a829171a0a540ef0b7c5c4ec82","orgs/938847bd-ad89-4ee4-a8cc-4e62f513379a/apps/com.emberlink.pubqdemo/delta/df191585fc285f87b0fffe72828f3c948bcff5a1dd5a484c1e755f9938d25045_svg/pint-sharp.svg","371","NOT_FOUND"
"svg/pint.svg","ef9f8f22392d06a527d245e99cd0451b787cf30916f73c0ca18fc8dacff84a23","orgs/938847bd-ad89-4ee4-a8cc-4e62f513379a/apps/com.emberlink.pubqdemo/delta/5c6cce6fd1d8f6d9061bf5ee00d09cc137504f24dddca4320f0573bbbe3e8a4d_svg/pint.svg","582","NOT_FOUND"
"svg/pizza-outline.svg","bdddbf12b78ea31973eee8de171c4a49ef571f06efff050b29648835493f5a71","orgs/938847bd-ad89-4ee4-a8cc-4e62f513379a/apps/com.emberlink.pubqdemo/delta/3cb2323863ba8aaa828026a571f03921fa6793d8c70f1b59bcbc9f0e4198d1c0_svg/pizza-outline.svg","849","NOT_FOUND"
"svg/pizza-sharp.svg","2f44a17b59deb83e6d7d79937ac5b1791629039685ed45916b9535a3a3a16746","orgs/938847bd-ad89-4ee4-a8cc-4e62f513379a/apps/com.emberlink.pubqdemo/delta/983845f3ba9db80239b4cb21c71a07d1518d13a28908363f310b78bbee815f7f_svg/pizza-sharp.svg","1008","NOT_FOUND"
"svg/pizza.svg","833749eccfa7ed9564de3868cf6e9ebddd7c202aefab1d46ef63308df20e55be","orgs/938847bd-ad89-4ee4-a8cc-4e62f513379a/apps/com.emberlink.pubqdemo/delta/7d85976e7342e801ebf4100d0d2d654c844c2d5f4040bdcd4927ff5bee909af6_svg/pizza.svg","935","NOT_FOUND"
"svg/planet-outline.svg","81f58d96f7ee7047ad70754694e15710f0bf99352ee338a6da44b12acb03ae15","orgs/938847bd-ad89-4ee4-a8cc-4e62f513379a/apps/com.emberlink.pubqdemo/delta/1b453fa9d95d4b82d42ece76d022674d26eacb2058d37d047034139392ee0ca9_svg/planet-outline.svg","413","NOT_FOUND"
"svg/planet-sharp.svg","191759e1b743c366d681af8465147b93c0cad745d120a6701545a54df77a243f","orgs/938847bd-ad89-4ee4-a8cc-4e62f513379a/apps/com.emberlink.pubqdemo/delta/b6a0e940080c04056239f2c93902d9e102d4d67a21bb993f393712f5c1902ce6_svg/planet-sharp.svg","1255","NOT_FOUND"
"svg/planet.svg","6e76cf631f5c65455271fe1944af7e09f025f41fecbf798e55c40cc77cba5152","orgs/938847bd-ad89-4ee4-a8cc-4e62f513379a/apps/com.emberlink.pubqdemo/delta/678b5df1bd81b828e269324e89f1ec8b84458fc58351289cfee5058fbf6f251e_svg/planet.svg","1377","NOT_FOUND"
"svg/play-back-circle-outline.svg","0ccb078afb863c87b8e1b98e5eb0de306a34fdd2a80c4ee5a837c7fc50a19335","orgs/938847bd-ad89-4ee4-a8cc-4e62f513379a/apps/com.emberlink.pubqdemo/delta/0961bf377126d743f7d447a769ac7cef2c0592206c399f77d1bf2a7af61262b8_svg/play-back-circle-outline.svg","474","NOT_FOUND"
"svg/play-back-circle-sharp.svg","dd3745523bb01762327e87b890739624f7f9ffc917762431ec2f4f3df1f60136","orgs/938847bd-ad89-4ee4-a8cc-4e62f513379a/apps/com.emberlink.pubqdemo/delta/2a8b98eb35c1c58c195245ecefcc7439620851e12149e51b3322269ab207fa6d_svg/play-back-circle-sharp.svg","239","NOT_FOUND"
"svg/play-back-circle.svg","efbec06d874500115b188ad51931c647e03dac83cedcf2327e7e93bb99e5f50e","orgs/938847bd-ad89-4ee4-a8cc-4e62f513379a/apps/com.emberlink.pubqdemo/delta/29d83c954a9001a842c1ccbc7c0c42cb1934e6a6a4d7cd002d232a9a23d4920b_svg/play-back-circle.svg","402","NOT_FOUND"
"svg/play-back-outline.svg","e5396f9f5832c8b4e68087520cb002079d82747218aead04933d7ee3bac23af0","orgs/938847bd-ad89-4ee4-a8cc-4e62f513379a/apps/com.emberlink.pubqdemo/delta/8f811db755eb08e6e10d02a976d38e035f547ec181e5c848723991785e77dbcc_svg/play-back-outline.svg","428","NOT_FOUND"
"svg/play-back-sharp.svg","7cb36bdf99e3ac78cd84031c526bc58c9c388331a8d5a3a8fb1412f830275d35","orgs/938847bd-ad89-4ee4-a8cc-4e62f513379a/apps/com.emberlink.pubqdemo/delta/646e33bbc898a1c0681860806ca88053134aca037aae999e2842e68d2f6b6458_svg/play-back-sharp.svg","145","NOT_FOUND"
"svg/play-back.svg","e97389ba3e605e2d3700820b80afa9a8cc056a23beef68329357fe733e60e67d","orgs/938847bd-ad89-4ee4-a8cc-4e62f513379a/apps/com.emberlink.pubqdemo/delta/ad711b636cbbdae7c1cd7f6db9a44c427576d6f84f1b114e91a008a322d8edfb_svg/play-back.svg","428","NOT_FOUND"
"svg/play-circle-outline.svg","4e64149c17ae5c196932e6f0cc6ddd1a78005ef8225f6182e66004b62ec2649e","orgs/938847bd-ad89-4ee4-a8cc-4e62f513379a/apps/com.emberlink.pubqdemo/delta/98494eaf7bb0ac6f14818cac34006623714568e34e329b2d8905acab07f2cb04_svg/play-circle-outline.svg","383","NOT_FOUND"
"svg/play-circle-sharp.svg","f211cf4dcdbf908f84b3a85794b2fe17a50a9dc0aeae9d3945f6c4652bdcd001","orgs/938847bd-ad89-4ee4-a8cc-4e62f513379a/apps/com.emberlink.pubqdemo/delta/0e17883af675f255a2b1bb91089c11a10a6d812d7d59170a430e87d937a38f63_svg/play-circle-sharp.svg","203","NOT_FOUND"
"svg/play-circle.svg","e3597d0871882c473041aaf322453f1f91ef96e2931905ed1033f30ca1f4903e","orgs/938847bd-ad89-4ee4-a8cc-4e62f513379a/apps/com.emberlink.pubqdemo/delta/17f9ca65031abaca80ecea2bbeb75ba620cf6899374658d545220a4dbd9605ea_svg/play-circle.svg","311","NOT_FOUND"
"svg/play-forward-circle-outline.svg","4632c82997c9a0341ca442fa269a1b82f6c71392ce223d802923f93524333ede","orgs/938847bd-ad89-4ee4-a8cc-4e62f513379a/apps/com.emberlink.pubqdemo/delta/15a3b2de73542c6bd248fd50c0217d29363c6c1c7ff7fc597fed7eb557b73f70_svg/play-forward-circle-outline.svg","476","NOT_FOUND"
"svg/play-forward-circle-sharp.svg","4b98be3a241dfd596bcf45fe674be0e43589df914f2204e9d80386c10aed450b","orgs/938847bd-ad89-4ee4-a8cc-4e62f513379a/apps/com.emberlink.pubqdemo/delta/3c37f9b22620677eeb02f9e9578626334a537c09ddf41f8f6c0cce1c93139a8e_svg/play-forward-circle-sharp.svg","242","NOT_FOUND"
"svg/play-forward-circle.svg","d14c5e6cc4e3786744ff03edeaeb2abe379d7de9cf5b1dab27151312dba31ea3","orgs/938847bd-ad89-4ee4-a8cc-4e62f513379a/apps/com.emberlink.pubqdemo/delta/7a9991c857b72359ca3c1ba947813f8bf2bc2d4c778cb4c788090e872c804a04_svg/play-forward-circle.svg","409","NOT_FOUND"
"svg/play-forward-outline.svg","1b60ae2ec16a7151d7555dd6cd3189fd90f47c3608a3c2188e7a8b59f067c421","orgs/938847bd-ad89-4ee4-a8cc-4e62f513379a/apps/com.emberlink.pubqdemo/delta/1801f24e0d0295cedff2d89ff4af0195686f4d08b8e6f2798d319ee3a132a456_svg/play-forward-outline.svg","424","NOT_FOUND"
"svg/play-forward-sharp.svg","f9fccd37082dab4beed984677b8ee5ed8dec0aed62b0df96f6085f00fcefed43","orgs/938847bd-ad89-4ee4-a8cc-4e62f513379a/apps/com.emberlink.pubqdemo/delta/6f4641e5b5dadb67c371d13febd96ee6fad8811cdb619839821cad00cdded68d_svg/play-forward-sharp.svg","144","NOT_FOUND"
"svg/play-forward.svg","290060ea774ed887fb04ac69b47652ddee9991b1390467933a42bc04eab4a0c5","orgs/938847bd-ad89-4ee4-a8cc-4e62f513379a/apps/com.emberlink.pubqdemo/delta/e8eae36f9180e8bc93c2be59e2f73a4d8057f4a5cfc013e0503c943148418cbf_svg/play-forward.svg","425","NOT_FOUND"
"svg/play-outline.svg","3bb75983bb7ec9b4401fe766fc24b81a69a64b1a9056885d9f766117a98c7bd0","orgs/938847bd-ad89-4ee4-a8cc-4e62f513379a/apps/com.emberlink.pubqdemo/delta/f2f6a70ab38fdf6b1d31f0f10f81c7e079f87242f56d685dae26206e232a591f_svg/play-outline.svg","285","NOT_FOUND"
"svg/play-sharp.svg","7ec32c3ca68533073bbc3d237a25c5dbeeccfe934311ebeaee46866a7b4b5d48","orgs/938847bd-ad89-4ee4-a8cc-4e62f513379a/apps/com.emberlink.pubqdemo/delta/bf32ea9e7ea8843a80e8040b4fb17d187a86cee8aac75cfdaabb0013ebabeb23_svg/play-sharp.svg","118","NOT_FOUND"
"svg/play-skip-back-circle-outline.svg","23cbc5ad1501e0266aab30e2e62d0e21acc4a4f4d6632c87c672a07ee5c160b5","orgs/938847bd-ad89-4ee4-a8cc-4e62f513379a/apps/com.emberlink.pubqdemo/delta/a196e9823aee85161943f7a024c128a29d9b3dd8a71cdad7850579c6190411bb_svg/play-skip-back-circle-outline.svg","408","NOT_FOUND"
"svg/play-skip-back-circle-sharp.svg","3c4b370ccfa3ca9a9d539586f6424d3c77a433daf849aa4c2c4fdde3800f0b56","orgs/938847bd-ad89-4ee4-a8cc-4e62f513379a/apps/com.emberlink.pubqdemo/delta/b9bd69b6e0650df11bcd0f08c38843b8f1763eb120f756a3da60b31f2d975ed3_svg/play-skip-back-circle-sharp.svg","227","NOT_FOUND"
"svg/play-skip-back-circle.svg","27673cc60156954bf9418eeb9164fa86f6a71ac0dfb276a8e8c85f3759ddcab0","orgs/938847bd-ad89-4ee4-a8cc-4e62f513379a/apps/com.emberlink.pubqdemo/delta/48e8fa6062d9f1a119a228959c790f733aff67f9e6b14baadaa5d5182df358ce_svg/play-skip-back-circle.svg","316","NOT_FOUND"
"svg/play-skip-back-outline.svg","403b90bedf0f3bf89661923450ec187534a7ec9986aa3289b535c9a49a492545","orgs/938847bd-ad89-4ee4-a8cc-4e62f513379a/apps/com.emberlink.pubqdemo/delta/ad72e98b3f0432d02b90525f19f5f0ccbb1d1cd16aba0e8061780d1426418362_svg/play-skip-back-outline.svg","402","NOT_FOUND"
"svg/play-skip-back-sharp.svg","e04113ab68b0c3339f060639e73a57753a8db6b7a4b6b9c36f2db5fff856dc0b","orgs/938847bd-ad89-4ee4-a8cc-4e62f513379a/apps/com.emberlink.pubqdemo/delta/3f20205f64626226dad2572dcdfa4dee770b1469b18add09f4290c305a3e2126_svg/play-skip-back-sharp.svg","149","NOT_FOUND"
"svg/play-skip-back.svg","cb837354ed0c1e72ee055fb21ef560cfd9b7ab14355b4e508198901ce4b179f9","orgs/938847bd-ad89-4ee4-a8cc-4e62f513379a/apps/com.emberlink.pubqdemo/delta/371f90d5cb1f2c4d5473360c8836fec7c609b5ce7053898140cd3d0505d266ce_svg/play-skip-back.svg","313","NOT_FOUND"
"svg/play-skip-forward-circle-outline.svg","32b2e8bc80e14232d10549faeb9ad62a631e681632d4ba8c531c082ffbd35805","orgs/938847bd-ad89-4ee4-a8cc-4e62f513379a/apps/com.emberlink.pubqdemo/delta/32b85c56feb1297c85c598f41d08b423f47e6df3ee188a1830598a087ddbee64_svg/play-skip-forward-circle-outline.svg","410","NOT_FOUND"
"svg/play-skip-forward-circle-sharp.svg","dae93b405d9b86bc921a31966f83195f930fd35719ddf444cd5afd958ea94e99","orgs/938847bd-ad89-4ee4-a8cc-4e62f513379a/apps/com.emberlink.pubqdemo/delta/51722c81af6cd1f506e538eaf0e08b9a0911d8f9ae17529188efc04a18405b62_svg/play-skip-forward-circle-sharp.svg","232","NOT_FOUND"
"svg/play-skip-forward-circle.svg","a4278945777f88e389e7854fd522b038ef6e35121e4213586259ea1c3bef4e29","orgs/938847bd-ad89-4ee4-a8cc-4e62f513379a/apps/com.emberlink.pubqdemo/delta/2801bc76df668c9061c103c73af53e7a01fd713c6c3c3d63ca8319668842f806_svg/play-skip-forward-circle.svg","320","NOT_FOUND"
"svg/play-skip-forward-outline.svg","b193e5f5f6885fcb1492fca84bffd815a028a07c0c6e6be46bf0d9568d797d9a","orgs/938847bd-ad89-4ee4-a8cc-4e62f513379a/apps/com.emberlink.pubqdemo/delta/c00107fd1f483e2d6153daa87101743db1f919dd76e3492b7a79327617a00126_svg/play-skip-forward-outline.svg","401","NOT_FOUND"
"svg/play-skip-forward-sharp.svg","cea557fffee1d2f263d1ddd5ded9ccacda635fe6df3ce1426fa2ed30b84c5345","orgs/938847bd-ad89-4ee4-a8cc-4e62f513379a/apps/com.emberlink.pubqdemo/delta/f775a5ffe39c7f172be69f7ef048237aca6f738df18901bdc0ae8dfbe24e5ec3_svg/play-skip-forward-sharp.svg","149","NOT_FOUND"
"svg/play-skip-forward.svg","acc51872d48f325f10c8711f430c5e70326513213054280c4953981cd05f14a1","orgs/938847bd-ad89-4ee4-a8cc-4e62f513379a/apps/com.emberlink.pubqdemo/delta/4b11329f55d6881afcbd7cd03aa9aa1ce6a2966f1506fbf37562f6ed64562a81_svg/play-skip-forward.svg","314","NOT_FOUND"
"svg/play.svg","f22d17e037f4aa4adfd5b22dc26e626adb4e0af1df072dbeb6b2f7f5c40c3940","orgs/938847bd-ad89-4ee4-a8cc-4e62f513379a/apps/com.emberlink.pubqdemo/delta/f5ff73fa6c7c832db816260a47561eaba0c4b659151a0834bf0cf3fadf22e8bf_svg/play.svg","292","NOT_FOUND"
"svg/podium-outline.svg","ef163d86584478c727574fe8da99b1a61216cc1c3973ac77d16fcca9a65d7387","orgs/938847bd-ad89-4ee4-a8cc-4e62f513379a/apps/com.emberlink.pubqdemo/delta/934bd59ea40c7129e7ad24e3860b98d42c92f641edaa1bd5a197b4d29f9b6cb8_svg/podium-outline.svg","394","NOT_FOUND"
"svg/podium-sharp.svg","5d0be6a33bf64ef13452c502fc0ba966b5ab99a32992d9d222f925efddca082c","orgs/938847bd-ad89-4ee4-a8cc-4e62f513379a/apps/com.emberlink.pubqdemo/delta/d8f962b1b62c1a543f3d398c1623426893385345c6a337be73c3215fa2d4894d_svg/podium-sharp.svg","156","NOT_FOUND"
"svg/podium.svg","297e55ca18113ea6b5a1bc11830da5bd4618751b536baaecc8d68a68eb4bbee2","orgs/938847bd-ad89-4ee4-a8cc-4e62f513379a/apps/com.emberlink.pubqdemo/delta/1dba5b8b3959e4690d29398dc39feb247e91d9c6893fc1fb97ce8b8bc53e83fd_svg/podium.svg","352","NOT_FOUND"
"svg/power-outline.svg","4a8998d7081595d635e8ae6eeb96a828c90cf26b99c1297c30848c2f7c620b26","orgs/938847bd-ad89-4ee4-a8cc-4e62f513379a/apps/com.emberlink.pubqdemo/delta/aa3650aed55c99238f546bb4a7b050b10dd425cc309ffcad39ac8e054ad328aa_svg/power-outline.svg","292","NOT_FOUND"
"svg/power-sharp.svg","20a87d13e4a1ed3311d763bdfdc0affb81835b380d14a5bad6142cd5fff69709","orgs/938847bd-ad89-4ee4-a8cc-4e62f513379a/apps/com.emberlink.pubqdemo/delta/ebd6b2cb5be5124b22c7375b10e4e82beea65c8998acef91b68a5ad79dbb8096_svg/power-sharp.svg","426","NOT_FOUND"
"svg/power.svg","906248d62084baf8bdac0cdf45f994660f33e05b55bab4c1319fb53acd2db65e","orgs/938847bd-ad89-4ee4-a8cc-4e62f513379a/apps/com.emberlink.pubqdemo/delta/f1905058cc2e17461aa7e757e79b6c30665fba1abbfbb26d12a569569967c51d_svg/power.svg","458","NOT_FOUND"
"svg/pricetag-outline.svg","3af5ad5021060915bab6d3cb39c38d64b572378e99d3c38ae1f84035a2106dd2","orgs/938847bd-ad89-4ee4-a8cc-4e62f513379a/apps/com.emberlink.pubqdemo/delta/fadb300781a8366dd67284b41eb31eb2ef8069a8e9f6f38a838b592a421954c1_svg/pricetag-outline.svg","431","NOT_FOUND"
"svg/pricetag-sharp.svg","d5e050201b2f6e1cc28fe8fd9c8b7cee364578b9183960d6c141c15f516a1114","orgs/938847bd-ad89-4ee4-a8cc-4e62f513379a/apps/com.emberlink.pubqdemo/delta/0048fb1673c36ec68306d4dc2473e5a6f5652dab888a21636303983107764543_svg/pricetag-sharp.svg","173","NOT_FOUND"
"svg/pricetag.svg","e9acaee6df986d48da88c8ae404f0402d9fcf53e1694e42833b381b0c444c967","orgs/938847bd-ad89-4ee4-a8cc-4e62f513379a/apps/com.emberlink.pubqdemo/delta/7b168a337e47464126364b794fab9268e8ec35670c6324d4f29808f2c2dd84af_svg/pricetag.svg","356","NOT_FOUND"
"svg/pricetags-outline.svg","ff5125c3556d82399ebd79580bcf6d35058f4560af7bafa1afea2b1e7598e055","orgs/938847bd-ad89-4ee4-a8cc-4e62f513379a/apps/com.emberlink.pubqdemo/delta/7c73c021f5acd3e7adeaaf97d4197af7075e111b99d5465ea42764fcb002d4d8_svg/pricetags-outline.svg","576","NOT_FOUND"
"svg/pricetags-sharp.svg","da3c3e435e4ee0422a64537ff2a2612472145fe248b409b9de8ccbe74424b7c8","orgs/938847bd-ad89-4ee4-a8cc-4e62f513379a/apps/com.emberlink.pubqdemo/delta/b4b65559ad0cd7f1ecb81c7e7078ecb652f5ea5bf34581f112847f20deb58abd_svg/pricetags-sharp.svg","227","NOT_FOUND"
"svg/pricetags.svg","2c53f133b81c361f25ef42e897efda92316c7a7f579b796edabdebb0eebee46c","orgs/938847bd-ad89-4ee4-a8cc-4e62f513379a/apps/com.emberlink.pubqdemo/delta/c59d8144fc8ec70bc2bcaa3a6d7cb50b2eb0283c37dd8d338f7552408d282609_svg/pricetags.svg","469","NOT_FOUND"
"svg/print-outline.svg","2f849320affbaece26ed5cdfb363a039608b2fd32dfbd3230585fe067f3892ea","orgs/938847bd-ad89-4ee4-a8cc-4e62f513379a/apps/com.emberlink.pubqdemo/delta/e820bd6f882d404fd8643a580b32e4cd7643e45b617aae095e2bfe31db0e5cc7_svg/print-outline.svg","614","NOT_FOUND"
"svg/print-sharp.svg","6a72f3d37b18ae9d5295fc0d93540399220b3cc48b359fc7e4544f37f59ece16","orgs/938847bd-ad89-4ee4-a8cc-4e62f513379a/apps/com.emberlink.pubqdemo/delta/f4146f37a1107feb774152afb5f547befe9273ba27c6607d4386262c347b1c60_svg/print-sharp.svg","581","NOT_FOUND"
"svg/print.svg","f934c51effbf7f36e2e412569286cd1d842b59b2f2042021697953124dd65fdc","orgs/938847bd-ad89-4ee4-a8cc-4e62f513379a/apps/com.emberlink.pubqdemo/delta/49956db78fa79b9bb1c60f4249d81a11b472baca1482e28d378bab6d80ed2dcf_svg/print.svg","520","NOT_FOUND"
"svg/prism-outline.svg","5a363017b7437ca335a5c27887ccc4c683fbb16fa95747336ed7c45411a65bbb","orgs/938847bd-ad89-4ee4-a8cc-4e62f513379a/apps/com.emberlink.pubqdemo/delta/20cee597af776e2e807bf8439bfa75ef3ffa973b8fc81934719c740a65d3b5d1_svg/prism-outline.svg","368","NOT_FOUND"
"svg/prism-sharp.svg","e4ddbfa25a83756f8268e27d8374427d1522a38bb417eccd15e5087fb6225803","orgs/938847bd-ad89-4ee4-a8cc-4e62f513379a/apps/com.emberlink.pubqdemo/delta/ad149dedf2b8d5e38f71db5c72bc175726d2300c768ba3097537d19fcbb1a26f_svg/prism-sharp.svg","155","NOT_FOUND"
"svg/prism.svg","a114c0e7b4af83a537be76f4d3e233fca0c60b3a83d0f31b63851516d3bd34c3","orgs/938847bd-ad89-4ee4-a8cc-4e62f513379a/apps/com.emberlink.pubqdemo/delta/642c82fff6c3b8ad2afb5098b4ceb2876900c7d81d96f12077f1acb9348c5cdb_svg/prism.svg","402","NOT_FOUND"
"svg/pulse-outline.svg","0d37fac58e1c9dc2275bba0bd236d1d217531418b34df6ff9722d65ed3bcf2d9","orgs/938847bd-ad89-4ee4-a8cc-4e62f513379a/apps/com.emberlink.pubqdemo/delta/fad3c0c11c69967e2e57e982bcf9addd34538d9dab700201d0a44d269a8c0c0f_svg/pulse-outline.svg","358","NOT_FOUND"
"svg/pulse-sharp.svg","8df904e5ddf4e35ac7de2ce20ff53598a9351e5638f6c5a3f907f22ebc5a1ccd","orgs/938847bd-ad89-4ee4-a8cc-4e62f513379a/apps/com.emberlink.pubqdemo/delta/6da2d4247cd5e29e7682bb826d50edf70e4f48cd5f890e65396257ed4ed6654d_svg/pulse-sharp.svg","389","NOT_FOUND"
"svg/pulse.svg","068bfbb6c3e04d7efd034857cfa3c775a476066120f97342268ddc0382729b23","orgs/938847bd-ad89-4ee4-a8cc-4e62f513379a/apps/com.emberlink.pubqdemo/delta/d79bf6f8e72b2d9802579e39202168c1be116aab399ecdfebba201bb2ebb7727_svg/pulse.svg","420","NOT_FOUND"
"svg/push-outline.svg","8ef627650ce9d21aa42b6e5bd55705f6e7faf3dd90da5088f7faec41c49c58fe","orgs/938847bd-ad89-4ee4-a8cc-4e62f513379a/apps/com.emberlink.pubqdemo/delta/5f1d408f8b424e77ffc3a3df90641fb8a8b0e33740c54ef4b5f59eb1c1cd40b2_svg/push-outline.svg","425","NOT_FOUND"
"svg/push-sharp.svg","26de4ec458c6b1703beb006daa42507434035eb1ef90421372ea4b2945d6f60b","orgs/938847bd-ad89-4ee4-a8cc-4e62f513379a/apps/com.emberlink.pubqdemo/delta/6bb3b65abb1e673ea23483de31f3726be2d53b55a316464c4cd780d2003dd198_svg/push-sharp.svg","278","NOT_FOUND"
"svg/push.svg","cb9e473430d06fe395dbeb2df45c567d52ee0000794a1b4d47f6f7e7f06df47d","orgs/938847bd-ad89-4ee4-a8cc-4e62f513379a/apps/com.emberlink.pubqdemo/delta/fc5fc7b18d2e6bc698e3dbe6b14484e444a472dd614708dbfc420c78e22e91eb_svg/push.svg","368","NOT_FOUND"
"svg/qr-code-outline.svg","9191ff0b5df19bae6c381ca750f7da961d99585bad6500b06d9e4172754a75fb","orgs/938847bd-ad89-4ee4-a8cc-4e62f513379a/apps/com.emberlink.pubqdemo/delta/594f7efc293c6b66ca18259a93a0b68a9d63b1caccbb6ae7b504ecbcf51b3fa3_svg/qr-code-outline.svg","1030","NOT_FOUND"
"svg/qr-code-sharp.svg","b5be819ae4a9a464e3e3cf8a8bf57fecbec3d9efc2bda1643d88361ece2f218f","orgs/938847bd-ad89-4ee4-a8cc-4e62f513379a/apps/com.emberlink.pubqdemo/delta/1f8ed934556dcf7dd5a4d77d2cdad3cb7b3fad49f33988e373b597dbd2dfd504_svg/qr-code-sharp.svg","394","NOT_FOUND"
"svg/qr-code.svg","5c8ff0930d0e146b0e8d5015c8059883be4dde5e3036e11e1cbdc19d61e31ef0","orgs/938847bd-ad89-4ee4-a8cc-4e62f513379a/apps/com.emberlink.pubqdemo/delta/6d8b4662e8499398459affc5440655416a26d21193fe7163e5ecd6edb8db1159_svg/qr-code.svg","906","NOT_FOUND"
"svg/radio-button-off-outline.svg","0da75b3d34834de69d117d493ad7049685cc465fb85c230ba65fa259f3074df9","orgs/938847bd-ad89-4ee4-a8cc-4e62f513379a/apps/com.emberlink.pubqdemo/delta/be49b836d096db2ff1d502b4c910d8d157596a19c429fcdc6b2fa6996516725f_svg/radio-button-off-outline.svg","240","NOT_FOUND"
"svg/radio-button-off-sharp.svg","0da75b3d34834de69d117d493ad7049685cc465fb85c230ba65fa259f3074df9","orgs/938847bd-ad89-4ee4-a8cc-4e62f513379a/apps/com.emberlink.pubqdemo/delta/be49b836d096db2ff1d502b4c910d8d157596a19c429fcdc6b2fa6996516725f_svg/radio-button-off-sharp.svg","240","NOT_FOUND"
"svg/radio-button-off.svg","0da75b3d34834de69d117d493ad7049685cc465fb85c230ba65fa259f3074df9","orgs/938847bd-ad89-4ee4-a8cc-4e62f513379a/apps/com.emberlink.pubqdemo/delta/be49b836d096db2ff1d502b4c910d8d157596a19c429fcdc6b2fa6996516725f_svg/radio-button-off.svg","240","NOT_FOUND"
"svg/radio-button-on-outline.svg","e8a6a49c1a65944dd3895cbb3d159789b3ced8c4821f887e750d63eeae4a6166","orgs/938847bd-ad89-4ee4-a8cc-4e62f513379a/apps/com.emberlink.pubqdemo/delta/a1cb811352cc51209d5e1b8de975b11fabd88295b19b686ec4774cd5b916befd_svg/radio-button-on-outline.svg","275","NOT_FOUND"
"svg/radio-button-on-sharp.svg","e8a6a49c1a65944dd3895cbb3d159789b3ced8c4821f887e750d63eeae4a6166","orgs/938847bd-ad89-4ee4-a8cc-4e62f513379a/apps/com.emberlink.pubqdemo/delta/a1cb811352cc51209d5e1b8de975b11fabd88295b19b686ec4774cd5b916befd_svg/radio-button-on-sharp.svg","275","NOT_FOUND"
"svg/radio-button-on.svg","e8a6a49c1a65944dd3895cbb3d159789b3ced8c4821f887e750d63eeae4a6166","orgs/938847bd-ad89-4ee4-a8cc-4e62f513379a/apps/com.emberlink.pubqdemo/delta/a1cb811352cc51209d5e1b8de975b11fabd88295b19b686ec4774cd5b916befd_svg/radio-button-on.svg","275","NOT_FOUND"
"svg/radio-outline.svg","b7c20d6734f3062c057351ff9fb278d5354f6e3009c40b95f0eb9f97e8c2d0d6","orgs/938847bd-ad89-4ee4-a8cc-4e62f513379a/apps/com.emberlink.pubqdemo/delta/a4dd8a4ba4b55ad6a07f1dd0b6ae7ac52928391b5f97d4584e05e446f9a41264_svg/radio-outline.svg","543","NOT_FOUND"
"svg/radio-sharp.svg","6c166ea4d2d416d8d5be1bfb92e782a0cbe64e879e9405182a523a91f57a00e6","orgs/938847bd-ad89-4ee4-a8cc-4e62f513379a/apps/com.emberlink.pubqdemo/delta/2adc7f723accc683701c948fef041c91792ce0806cd5cd746611e1657cad7782_svg/radio-sharp.svg","915","NOT_FOUND"
"svg/radio.svg","6d11a783fa20be1752c6999cb1e2fae84ef0088ef8a666e74c79b21a38e663ab","orgs/938847bd-ad89-4ee4-a8cc-4e62f513379a/apps/com.emberlink.pubqdemo/delta/be470fef657189b36a2113ef3e56397fe41c7315ed7a30cbfd5104705ac88d4e_svg/radio.svg","948","NOT_FOUND"
"svg/rainy-outline.svg","9f09ab163c728f902bac4d6841eaf37f4cc7cdcccf3e5c9445a13c9eee09f333","orgs/938847bd-ad89-4ee4-a8cc-4e62f513379a/apps/com.emberlink.pubqdemo/delta/acaf038bf5ff4e6de50fdcc5befa53c4bece0ef3cfb5c9207f763a6f4ef5ae41_svg/rainy-outline.svg","583","NOT_FOUND"
"svg/rainy-sharp.svg","0036d0c95342a5a41014d7bec32efccbd1cc759027f6f985a0b1f949455725ac","orgs/938847bd-ad89-4ee4-a8cc-4e62f513379a/apps/com.emberlink.pubqdemo/delta/01d58dcb1ec2ed336af8dca7f941be42e1a2eaa909cbba087fe5e7f0fda3b3e8_svg/rainy-sharp.svg","733","NOT_FOUND"
"svg/rainy.svg","4125f1dfb1a2224d8a9f84b602c2b7e8a1869c32d7893ab33f1843d7bcd94f75","orgs/938847bd-ad89-4ee4-a8cc-4e62f513379a/apps/com.emberlink.pubqdemo/delta/3405c03e3b6c848babc2e50f33235acb41b03a3d321dadf37e9fbacf5e97419b_svg/rainy.svg","891","NOT_FOUND"
"svg/reader-outline.svg","6dc9f040b594de85ffdb56910653710ddecdccd29f7b21d48087e9916e6d493c","orgs/938847bd-ad89-4ee4-a8cc-4e62f513379a/apps/com.emberlink.pubqdemo/delta/4ca9b0a2d97396814bc1edc02f6362b67f65cecc8b75d7b6e70c37a9ecf4c59f_svg/reader-outline.svg","358","NOT_FOUND"
"svg/reader-sharp.svg","b5bb3e2b905428251c52232da66b560f6d1ad19c81e9eacc22c1827b05681ded","orgs/938847bd-ad89-4ee4-a8cc-4e62f513379a/apps/com.emberlink.pubqdemo/delta/249d8335232c1c1289316261fab2424ef214804c048f4b4d5411f0bf73b40b20_svg/reader-sharp.svg","246","NOT_FOUND"
"svg/reader.svg","38d4f0d5e2044330404119049a4ae7ffe76e86f999cbe46b53e96c6650da6bce","orgs/938847bd-ad89-4ee4-a8cc-4e62f513379a/apps/com.emberlink.pubqdemo/delta/dc3c5b28d477b9eef75d1e60223b5225fe06c335351bc3cae567dbed1cc7e67c_svg/reader.svg","358","NOT_FOUND"
"svg/receipt-outline.svg","574d53aa5fa8412f138a594a4f6d29e058157196df210c1c21a03d671a89b273","orgs/938847bd-ad89-4ee4-a8cc-4e62f513379a/apps/com.emberlink.pubqdemo/delta/3101caf5a5d51d763416d8f6ba476979472d3c2da78500e9ca9ed3f6a6282e84_svg/receipt-outline.svg","577","NOT_FOUND"
"svg/receipt-sharp.svg","e43f2ebcda5dd3b9fddd3bbc3ab54866b3d86ee499783e6febdc373b33982335","orgs/938847bd-ad89-4ee4-a8cc-4e62f513379a/apps/com.emberlink.pubqdemo/delta/78b8c656dfeec4e25ce4a9acbdde7f9213f9a307bb5e5a67b939b9497426a292_svg/receipt-sharp.svg","389","NOT_FOUND"
"svg/receipt.svg","9d4a51845e08e75e37ffb9a60677cdcf2b3ed0318ae2f94ab4008a5a37df8ff4","orgs/938847bd-ad89-4ee4-a8cc-4e62f513379a/apps/com.emberlink.pubqdemo/delta/a83fae8c4cc7493f8fc5f6a5b1550472180dee40a0d9c4abf8213354650a31f7_svg/receipt.svg","917","NOT_FOUND"
"svg/recording-outline.svg","d27ae91b9aa60ba8a3aaf89f09878bf3ef41ce9285d3ff61bee15005a51bfb2e","orgs/938847bd-ad89-4ee4-a8cc-4e62f513379a/apps/com.emberlink.pubqdemo/delta/cb283eefbc411f1145a56930937359e4d457b130032c5d16f19a8112d84988cd_svg/recording-outline.svg","458","NOT_FOUND"
"svg/recording-sharp.svg","24598bc0c78760a06bd4a158d598d3e2c01654993e6e1d8b270a969776957588","orgs/938847bd-ad89-4ee4-a8cc-4e62f513379a/apps/com.emberlink.pubqdemo/delta/1fff5c8988a662c9e1bfd3a32d31e84f0003f193113b34872a92dca7f5e4f43f_svg/recording-sharp.svg","285","NOT_FOUND"
"svg/recording.svg","e57f1b9134cb2aa661670dbf055f9490a48bd590c39510410a551915fd0e6bb7","orgs/938847bd-ad89-4ee4-a8cc-4e62f513379a/apps/com.emberlink.pubqdemo/delta/45f8d03c9d3497abb204408d7aa6dc509d4508adc37e1ecfdae8e5799baca65f_svg/recording.svg","426","NOT_FOUND"
"svg/refresh-circle-outline.svg","8ce1daba56ed3abbe9bb22f14f0bdc0d94ef646908ec7d435bff4c77e3a259df","orgs/938847bd-ad89-4ee4-a8cc-4e62f513379a/apps/com.emberlink.pubqdemo/delta/b7f858356310154003bdb0893aa1ef35f94d63de87b348b8864e2c7d4cb3eaae_svg/refresh-circle-outline.svg","507","NOT_FOUND"
"svg/refresh-circle-sharp.svg","fd1265f8312866aa5e7326df53463add6fa388d4615dd1773265710a904139cf","orgs/938847bd-ad89-4ee4-a8cc-4e62f513379a/apps/com.emberlink.pubqdemo/delta/8416b750d4ff87125eb2cac135382a874b8c802db69e129f64af63dd81ac2eee_svg/refresh-circle-sharp.svg","353","NOT_FOUND"
"svg/refresh-circle.svg","81a689a18dfe5b0d564874c45f7b91807b0ed5155a3e21ca1b5f596b13721ce9","orgs/938847bd-ad89-4ee4-a8cc-4e62f513379a/apps/com.emberlink.pubqdemo/delta/fa19e16be4a06c8cea5997532febf3204a207cd6cc35e1ff43f8db2f3abb1742_svg/refresh-circle.svg","416","NOT_FOUND"
"svg/refresh-outline.svg","d33be9a507b2beedf395617d717533e32f332cec96f9686be4b8a95a74aa21b2","orgs/938847bd-ad89-4ee4-a8cc-4e62f513379a/apps/com.emberlink.pubqdemo/delta/0204c1c2093a0738b75d97e59a31e5548727bd6d7d60274b2bcc2eea29b6717e_svg/refresh-outline.svg","359","NOT_FOUND"
"svg/refresh-sharp.svg","b4636d942490673671cab6e8ddc5fa2c3bc02fbb035ef1e24b3cd6716f30646f","orgs/938847bd-ad89-4ee4-a8cc-4e62f513379a/apps/com.emberlink.pubqdemo/delta/f44749afd1693ec3f925b6e493c07216311c58267792c7899625bc7a9c709761_svg/refresh-sharp.svg","360","NOT_FOUND"
"svg/refresh.svg","d33be9a507b2beedf395617d717533e32f332cec96f9686be4b8a95a74aa21b2","orgs/938847bd-ad89-4ee4-a8cc-4e62f513379a/apps/com.emberlink.pubqdemo/delta/0204c1c2093a0738b75d97e59a31e5548727bd6d7d60274b2bcc2eea29b6717e_svg/refresh.svg","359","NOT_FOUND"
"svg/reload-circle-outline.svg","0744f962ec545c3bb12fe63c68585c0692a0d33cb9a4d0f793444a4a5145418c","orgs/938847bd-ad89-4ee4-a8cc-4e62f513379a/apps/com.emberlink.pubqdemo/delta/1af7a07d1bf6aff1368b0c74740396a9a94a23f3209fe68d6488796d488d0eba_svg/reload-circle-outline.svg","556","NOT_FOUND"
"svg/reload-circle-sharp.svg","8ea566b87a3fd314d993ef41388f63d4620b48876ce06dd9fa97abe669a6c298","orgs/938847bd-ad89-4ee4-a8cc-4e62f513379a/apps/com.emberlink.pubqdemo/delta/199c0150dd56d5c50f30599c53b35f44b8c8c4cc3e596bd9c5bb3aa7ccd166a6_svg/reload-circle-sharp.svg","400","NOT_FOUND"
"svg/reload-circle.svg","d26550de5cb46d21a283e177b36ac068e52528a30a375c5305e2e2638017a74a","orgs/938847bd-ad89-4ee4-a8cc-4e62f513379a/apps/com.emberlink.pubqdemo/delta/a76fae332051e21ad5fd40bdfed9dbb3ad2f6faeaa66fa0c89b91772dba219ff_svg/reload-circle.svg","495","NOT_FOUND"
"svg/reload-outline.svg","a88d48513e0f5c405d3f2997e4b4b91027c198e40ac8b9d70c25dc045ad60fae","orgs/938847bd-ad89-4ee4-a8cc-4e62f513379a/apps/com.emberlink.pubqdemo/delta/bf09c952ed1028eb5ca2598766c7d28eab9f7f8a502bd7357b5db3cf6e54ed53_svg/reload-outline.svg","428","NOT_FOUND"
"svg/reload-sharp.svg","f80ab564a8be81712a51cb96019d0d68ed27f5a776e88855aa4c8aa355e86729","orgs/938847bd-ad89-4ee4-a8cc-4e62f513379a/apps/com.emberlink.pubqdemo/delta/74b52a98df0ade506da67c054ab5f700009f4e1be96844e2406f4222abc2e4fe_svg/reload-sharp.svg","404","NOT_FOUND"
"svg/reload.svg","a88d48513e0f5c405d3f2997e4b4b91027c198e40ac8b9d70c25dc045ad60fae","orgs/938847bd-ad89-4ee4-a8cc-4e62f513379a/apps/com.emberlink.pubqdemo/delta/bf09c952ed1028eb5ca2598766c7d28eab9f7f8a502bd7357b5db3cf6e54ed53_svg/reload.svg","428","NOT_FOUND"
"svg/remove-circle-outline.svg","885595888bfc493ed67de48dca4adf3fdbe2cffa1e6d82ee6714f50a9f5e982f","orgs/938847bd-ad89-4ee4-a8cc-4e62f513379a/apps/com.emberlink.pubqdemo/delta/7f848190ea4e4e161cbd45ababcef7bfcf69dc6b5d3de5ce8664f4881605c63a_svg/remove-circle-outline.svg","358","NOT_FOUND"
"svg/remove-circle-sharp.svg","98251ca3e73c80e1c501872aaa249727fc0eba07c11e1f65e7e66717a4fda691","orgs/938847bd-ad89-4ee4-a8cc-4e62f513379a/apps/com.emberlink.pubqdemo/delta/2baa6fc7ff905bdff1771d1199665a2f2e6c46c00a4f08b00994151890667192_svg/remove-circle-sharp.svg","203","NOT_FOUND"
"svg/remove-circle.svg","a3712d475d4aa117d561a42faeac7734b13504a34abb4977031bffc7292561d7","orgs/938847bd-ad89-4ee4-a8cc-4e62f513379a/apps/com.emberlink.pubqdemo/delta/9ab26f158deacd32a9b5d1ffcd08ff9d71da27497b42e1e94297a119939e6254_svg/remove-circle.svg","232","NOT_FOUND"
"svg/remove-outline.svg","6cd38ea20e2eed6920c49a908f3924a00e2c2dc2bf7069ce080603c4400e7901","orgs/938847bd-ad89-4ee4-a8cc-4e62f513379a/apps/com.emberlink.pubqdemo/delta/b6c68519c07ec4e0a00f860d3421b880b01efafd306364ab10a791e5b6779303_svg/remove-outline.svg","202","NOT_FOUND"
"svg/remove-sharp.svg","f2601d3b455848b720051289cf356a359bda3f5bff8c3e422a28718de11065a9","orgs/938847bd-ad89-4ee4-a8cc-4e62f513379a/apps/com.emberlink.pubqdemo/delta/0475a2e0eed8972fb425b3d86b0440a1a41e25da2f592b640326df371c09b2bc_svg/remove-sharp.svg","203","NOT_FOUND"
"svg/remove.svg","6cd38ea20e2eed6920c49a908f3924a00e2c2dc2bf7069ce080603c4400e7901","orgs/938847bd-ad89-4ee4-a8cc-4e62f513379a/apps/com.emberlink.pubqdemo/delta/b6c68519c07ec4e0a00f860d3421b880b01efafd306364ab10a791e5b6779303_svg/remove.svg","202","NOT_FOUND"
"svg/reorder-four-outline.svg","7113c42637162846cc53619dd684685c545636233957138bcdbe6ea6a354e232","orgs/938847bd-ad89-4ee4-a8cc-4e62f513379a/apps/com.emberlink.pubqdemo/delta/50ee5c70af4dd6814dcc1c8f6c45c2e2fdab5415f7a3d361ae8f0e29b53449e3_svg/reorder-four-outline.svg","234","NOT_FOUND"
"svg/reorder-four-sharp.svg","a63770bcf22716823fddc50cdb44e80c15d4d4e49e6b6e4d5e554723ade6b4a1","orgs/938847bd-ad89-4ee4-a8cc-4e62f513379a/apps/com.emberlink.pubqdemo/delta/56c3a573f380fcb893e27a4e5d949de8b6403e0819eefe2cc1938f707ce2993a_svg/reorder-four-sharp.svg","238","NOT_FOUND"
"svg/reorder-four.svg","f5b6d9b52dfdc96973fa8d659ba8f63ce912eaa1bab9be2074af93546d210080","orgs/938847bd-ad89-4ee4-a8cc-4e62f513379a/apps/com.emberlink.pubqdemo/delta/49069990c01b958e79c9889dddd4dabd3470c3504b628b8f27b85265ebdd161e_svg/reorder-four.svg","237","NOT_FOUND"
"svg/reorder-three-outline.svg","6e345d341774b7f39435d4fb8f1cf490e2f5f317be3ac47aaba3e62d2be92384","orgs/938847bd-ad89-4ee4-a8cc-4e62f513379a/apps/com.emberlink.pubqdemo/delta/b3e3a5242a1fa440e3bead97070d578274003ebeb4687be9a9399bd3fa2d6c61_svg/reorder-three-outline.svg","223","NOT_FOUND"
"svg/reorder-three-sharp.svg","ba8827207bc7a7111a21028480d738decceb79d1c1cddae0187c431292c174f2","orgs/938847bd-ad89-4ee4-a8cc-4e62f513379a/apps/com.emberlink.pubqdemo/delta/2edaab57cc2a6aac717745ea92acf9d2374d4f1df9a37274269c696ba3f756b3_svg/reorder-three-sharp.svg","226","NOT_FOUND"
"svg/reorder-three.svg","348f084480da9be39a197356119669332900a6f7a02f9b6341fadfbcb1e3ba5a","orgs/938847bd-ad89-4ee4-a8cc-4e62f513379a/apps/com.emberlink.pubqdemo/delta/49c310a2a280a7a202434b8e8bc53d9fd7a6fdcd5da8cdcc2daf07032955e50b_svg/reorder-three.svg","225","NOT_FOUND"
"svg/reorder-two-outline.svg","b2726d85b3b916d99a802cf093be2ef3740430aef01a1afd85a720425cf2626c","orgs/938847bd-ad89-4ee4-a8cc-4e62f513379a/apps/com.emberlink.pubqdemo/delta/d3020f6d7731595651be368738b109602e201c286ff76698494093868d7cecc3_svg/reorder-two-outline.svg","214","NOT_FOUND"
"svg/reorder-two-sharp.svg","b82f01633f58fed00e01d677a6fa5e46f52d6d689c141b68c52203ebf8c7c8ae","orgs/938847bd-ad89-4ee4-a8cc-4e62f513379a/apps/com.emberlink.pubqdemo/delta/326ea00359671129b870e18b08917ad99b95f627edaaa61fe9441c9a227b2448_svg/reorder-two-sharp.svg","214","NOT_FOUND"
"svg/reorder-two.svg","1fd2cd4d80c7a7805f66efa703827c3910eb8d80564e714d29e743c5f11183a7","orgs/938847bd-ad89-4ee4-a8cc-4e62f513379a/apps/com.emberlink.pubqdemo/delta/9cd61bfa512c3d4e204a933b9f3dac267a5b7ff8c2a89c9e80366690667fe359_svg/reorder-two.svg","213","NOT_FOUND"
"svg/repeat-outline.svg","5d27188c6f772446a8938aa5fa33204c2551510930ce25c339a5aacd55921d5f","orgs/938847bd-ad89-4ee4-a8cc-4e62f513379a/apps/com.emberlink.pubqdemo/delta/85cbed01381323a604a4cc194db160c2653f88ffb50e422d25d5b816b22c5f45_svg/repeat-outline.svg","522","NOT_FOUND"
"svg/repeat-sharp.svg","6595961066b61ec58d9281e3b3a5dccc7a553d755ec3fc165a6907bd4e17fea8","orgs/938847bd-ad89-4ee4-a8cc-4e62f513379a/apps/com.emberlink.pubqdemo/delta/41d1bc420624e660996a8050156a4b1c7fac017270a6eb87aa7eec0af5ac9431_svg/repeat-sharp.svg","473","NOT_FOUND"
"svg/repeat.svg","5d27188c6f772446a8938aa5fa33204c2551510930ce25c339a5aacd55921d5f","orgs/938847bd-ad89-4ee4-a8cc-4e62f513379a/apps/com.emberlink.pubqdemo/delta/85cbed01381323a604a4cc194db160c2653f88ffb50e422d25d5b816b22c5f45_svg/repeat.svg","522","NOT_FOUND"
"svg/resize-outline.svg","87761a09d5915df78af6f157352de86ed260268af40309b71c95c0d46125bc33","orgs/938847bd-ad89-4ee4-a8cc-4e62f513379a/apps/com.emberlink.pubqdemo/delta/3d2fe3492618cb8071a90670e6fc77ac933d0480df78dd5767889c0b854b05d4_svg/resize-outline.svg","247","NOT_FOUND"
"svg/resize-sharp.svg","e04a8b8d59f2619d1262eaec81b3c077f62733fff72cf7a0165f5e386260a0a9","orgs/938847bd-ad89-4ee4-a8cc-4e62f513379a/apps/com.emberlink.pubqdemo/delta/ea9545efb437b6c856e2bcbba24e6c29a3e3c5b024054445888e39c867dcaab4_svg/resize-sharp.svg","247","NOT_FOUND"
"svg/resize.svg","87761a09d5915df78af6f157352de86ed260268af40309b71c95c0d46125bc33","orgs/938847bd-ad89-4ee4-a8cc-4e62f513379a/apps/com.emberlink.pubqdemo/delta/3d2fe3492618cb8071a90670e6fc77ac933d0480df78dd5767889c0b854b05d4_svg/resize.svg","247","NOT_FOUND"
"svg/restaurant-outline.svg","53439d9b905a93ccbc85e307a5f954f47709e7ddf0968d69c6905305589cb0a5","orgs/938847bd-ad89-4ee4-a8cc-4e62f513379a/apps/com.emberlink.pubqdemo/delta/f4fdff03d3b32cfe463e19b0044e8426db32c6dbea5d28d81b2694cae2475eb4_svg/restaurant-outline.svg","774","NOT_FOUND"
"svg/restaurant-sharp.svg","f8c3e757d7c1efcd52fe65042a1d0e1c2e6ace20300c0e208e25fd6e7547112d","orgs/938847bd-ad89-4ee4-a8cc-4e62f513379a/apps/com.emberlink.pubqdemo/delta/8bb6ddbbb05de3f7009c5e9265202304f6c2bf639d0f0de2dd2fa58ca1ff7ccc_svg/restaurant-sharp.svg","646","NOT_FOUND"
"svg/restaurant.svg","33251247bffee45417b3beede7c4f1b5509e711516f39d4ab3a1f98569854069","orgs/938847bd-ad89-4ee4-a8cc-4e62f513379a/apps/com.emberlink.pubqdemo/delta/d62437aef8d4e0ddb63ed5e8707ecb7e09217db86744da739f1178144b6dce31_svg/restaurant.svg","1300","NOT_FOUND"
"svg/return-down-back-outline.svg","507a966a3ade9477799ffaa2e57b8b85cb4fd66243a018d513048d6b33ecb628","orgs/938847bd-ad89-4ee4-a8cc-4e62f513379a/apps/com.emberlink.pubqdemo/delta/6b9d2651442b36a32ccaabdd890c9bed905efd0814217a9fa71f8ddc9c94ad59_svg/return-down-back-outline.svg","357","NOT_FOUND"
"svg/return-down-back-sharp.svg","c649bbb2f497d28ec116ec581f8cc9fafbdd328a82fc0a050b78d7c1ddcfd73c","orgs/938847bd-ad89-4ee4-a8cc-4e62f513379a/apps/com.emberlink.pubqdemo/delta/afb8ce84cca6d4583decf9bfecb1545b9dbbfd10e5f8c66b17dfc0e6d7b85951_svg/return-down-back-sharp.svg","331","NOT_FOUND"
"svg/return-down-back.svg","507a966a3ade9477799ffaa2e57b8b85cb4fd66243a018d513048d6b33ecb628","orgs/938847bd-ad89-4ee4-a8cc-4e62f513379a/apps/com.emberlink.pubqdemo/delta/6b9d2651442b36a32ccaabdd890c9bed905efd0814217a9fa71f8ddc9c94ad59_svg/return-down-back.svg","357","NOT_FOUND"
"svg/return-down-forward-outline.svg","3219fb785d9cf91210843d73d09d2186bf97ae815be4cc2ca18ddacc87a5be03","orgs/938847bd-ad89-4ee4-a8cc-4e62f513379a/apps/com.emberlink.pubqdemo/delta/992939b29f3036f98a686c1396334826d19d354c1316614165ccd9a8aa8fdd87_svg/return-down-forward-outline.svg","359","NOT_FOUND"
"svg/return-down-forward-sharp.svg","ce87c7729e9226760308650890904b0eb1e9a986d698e070036325d1ff4d891c","orgs/938847bd-ad89-4ee4-a8cc-4e62f513379a/apps/com.emberlink.pubqdemo/delta/e7fa7171c830ea0db47eba79e893202785dc5d8d6adf867c33f9e4771238dc26_svg/return-down-forward-sharp.svg","331","NOT_FOUND"
"svg/return-down-forward.svg","3219fb785d9cf91210843d73d09d2186bf97ae815be4cc2ca18ddacc87a5be03","orgs/938847bd-ad89-4ee4-a8cc-4e62f513379a/apps/com.emberlink.pubqdemo/delta/992939b29f3036f98a686c1396334826d19d354c1316614165ccd9a8aa8fdd87_svg/return-down-forward.svg","359","NOT_FOUND"
"svg/return-up-back-outline.svg","ae24453c67e9a08143c5ef9785cd9320415880ecb28d5610e6ba6cb9780ab8b4","orgs/938847bd-ad89-4ee4-a8cc-4e62f513379a/apps/com.emberlink.pubqdemo/delta/9486a7aa43a4dc9c1c7f3aaeb667cb5f11a3cb57352bb2401c6456a545461775_svg/return-up-back-outline.svg","356","NOT_FOUND"
"svg/return-up-back-sharp.svg","343e3d9dc9f1ba0f2432949e49c9e02bcdd8acb42abd8e9861ea5bbf76ec0dcd","orgs/938847bd-ad89-4ee4-a8cc-4e62f513379a/apps/com.emberlink.pubqdemo/delta/f07e3324683f6ca0c33941155533aa07f429c5ddfa1b9a195c5d5437a5ecaed5_svg/return-up-back-sharp.svg","331","NOT_FOUND"
"svg/return-up-back.svg","ae24453c67e9a08143c5ef9785cd9320415880ecb28d5610e6ba6cb9780ab8b4","orgs/938847bd-ad89-4ee4-a8cc-4e62f513379a/apps/com.emberlink.pubqdemo/delta/9486a7aa43a4dc9c1c7f3aaeb667cb5f11a3cb57352bb2401c6456a545461775_svg/return-up-back.svg","356","NOT_FOUND"
"svg/return-up-forward-outline.svg","c673e1bb95819c8af792fbc47fe4862958e67cacaf4aa32f9233c6a88957f6b9","orgs/938847bd-ad89-4ee4-a8cc-4e62f513379a/apps/com.emberlink.pubqdemo/delta/8c629a8144aaf769b386ba165fc6adfb2b9dda8d516eeacd03bb87268a2218ee_svg/return-up-forward-outline.svg","358","NOT_FOUND"
"svg/return-up-forward-sharp.svg","f891140da0461364c033d8d36f25989d67906a001a0405d9c867fa5dbbf28845","orgs/938847bd-ad89-4ee4-a8cc-4e62f513379a/apps/com.emberlink.pubqdemo/delta/5a5bb06233cf46bd1aa69f8880ff30c56808afc95908f46864fd777f1aebeee2_svg/return-up-forward-sharp.svg","331","NOT_FOUND"
"svg/return-up-forward.svg","c673e1bb95819c8af792fbc47fe4862958e67cacaf4aa32f9233c6a88957f6b9","orgs/938847bd-ad89-4ee4-a8cc-4e62f513379a/apps/com.emberlink.pubqdemo/delta/8c629a8144aaf769b386ba165fc6adfb2b9dda8d516eeacd03bb87268a2218ee_svg/return-up-forward.svg","358","NOT_FOUND"
"svg/ribbon-outline.svg","ca01fbe8d07784058a5b98ae6548b6d85a6d6500246a71878490e3bbfcea16a6","orgs/938847bd-ad89-4ee4-a8cc-4e62f513379a/apps/com.emberlink.pubqdemo/delta/872df193809ba5dc5f26818eb96f0d7faa99719a0904f89c2c7f59b14ffed9ed_svg/ribbon-outline.svg","697","NOT_FOUND"
"svg/ribbon-sharp.svg","d8976c55471698f21778d6ec7c13b2cdaea56fc9e9f936314bbb9a792f4abf2a","orgs/938847bd-ad89-4ee4-a8cc-4e62f513379a/apps/com.emberlink.pubqdemo/delta/46c1fc4d8ada85fdb9eb682b24de6d85b6fff593b605f0fab9781a6c7cbc18c4_svg/ribbon-sharp.svg","467","NOT_FOUND"
"svg/ribbon.svg","42e37151b51b3c0c6c2acc27f7ab8767cdcb4f1839d3ba164b78876822cf0ff2","orgs/938847bd-ad89-4ee4-a8cc-4e62f513379a/apps/com.emberlink.pubqdemo/delta/52d49a16c04b840fd04ffed884d5ea7bf992d54702656b2943146af4cba5360b_svg/ribbon.svg","903","NOT_FOUND"
"svg/rocket-outline.svg","7a4045cc30fdd4c3805893c1e839e489d1a740cdff4544523634456f6fbd61ee","orgs/938847bd-ad89-4ee4-a8cc-4e62f513379a/apps/com.emberlink.pubqdemo/delta/9f1c1b27922449f61fed5f65f199494653d36beaf193034ba5b34a5f6c7e41a8_svg/rocket-outline.svg","932","NOT_FOUND"
"svg/rocket-sharp.svg","7441971e145cce0b7ecea21bd7f245261f639b077aadad95072b55a491019de7","orgs/938847bd-ad89-4ee4-a8cc-4e62f513379a/apps/com.emberlink.pubqdemo/delta/2eccc6be6dfea8364a8ca3af2265073be3543ed54db737729205f3306b1e7882_svg/rocket-sharp.svg","919","NOT_FOUND"
"svg/rocket.svg","953deae9fa0b8a27e6f207bba66b6de45a10c605eb0235214c725199b44822a4","orgs/938847bd-ad89-4ee4-a8cc-4e62f513379a/apps/com.emberlink.pubqdemo/delta/0a4076fd39a526f44b8e2c24ca19b8953ce00bcdeadd7d53c2caa52904089072_svg/rocket.svg","1165","NOT_FOUND"
"svg/rose-outline.svg","c5d08392c62f4ec3a8c9e947a1c3db7a7af2f2894b0d6d2921ee1b221322e178","orgs/938847bd-ad89-4ee4-a8cc-4e62f513379a/apps/com.emberlink.pubqdemo/delta/6a1666f8f8320db2cfef8fdaeab0683d5547b59c7e514bc7fb7c7192ad5ea41f_svg/rose-outline.svg","859","NOT_FOUND"
"svg/rose-sharp.svg","380d26026e81fb234039a99fdf6f6cf1af9be86ac6974ba5b16d85172cc4b12f","orgs/938847bd-ad89-4ee4-a8cc-4e62f513379a/apps/com.emberlink.pubqdemo/delta/3496538f1b42dec12339a746dc9bc384b364e4394cd81dc542e9a583e145a076_svg/rose-sharp.svg","1056","NOT_FOUND"
"svg/rose.svg","5b7271a89d72fd5ec8495724e202787a3d8c77bd0aedfb85818167246490f043","orgs/938847bd-ad89-4ee4-a8cc-4e62f513379a/apps/com.emberlink.pubqdemo/delta/942a25e669d4a097f5a66ec421b4f89b2f63fa6172446e4541ff1e13add5eddc_svg/rose.svg","1318","NOT_FOUND"
"svg/sad-outline.svg","2df24e3a085e6797a93e0bb9ebc0ec37b5e0aab65a5d79b08a6e3010a2a0ce1f","orgs/938847bd-ad89-4ee4-a8cc-4e62f513379a/apps/com.emberlink.pubqdemo/delta/d37a10eda55bef4e9ad12d27fe2db8be87a58faaa408e021e98a9111577329ec_svg/sad-outline.svg","391","NOT_FOUND"
"svg/sad-sharp.svg","0964d8ae8b8a66c1555c9ab25eea21424f7482c9cfba181923250c1070972664","orgs/938847bd-ad89-4ee4-a8cc-4e62f513379a/apps/com.emberlink.pubqdemo/delta/da72dc59b26731dacfe89fba0d9af2219389275d80e9cae5ca693f53db770e97_svg/sad-sharp.svg","387","NOT_FOUND"
"svg/sad.svg","dca0bf8f066e9e06a2db5e7b23dc68e7744a0712c2b4e6ef1c19f4c63650e1b3","orgs/938847bd-ad89-4ee4-a8cc-4e62f513379a/apps/com.emberlink.pubqdemo/delta/13a948cd34ae3054b2cdd378d9fc5238e46fbb186d5a55b290bd400229278045_svg/sad.svg","381","NOT_FOUND"
"svg/save-outline.svg","657fffffc624220f801a11cd98f4ae410cb5c891331684e7cf544c5d501f2d44","orgs/938847bd-ad89-4ee4-a8cc-4e62f513379a/apps/com.emberlink.pubqdemo/delta/ee1426f8269d95e2670eb4dc0cbc7fc537b22d5139c28a73752dad8029edbf32_svg/save-outline.svg","502","NOT_FOUND"
"svg/save-sharp.svg","119368c1e77e41a92f47fd820a33e563545be6efa24bec999e19be2075c41cfe","orgs/938847bd-ad89-4ee4-a8cc-4e62f513379a/apps/com.emberlink.pubqdemo/delta/d1ef4efad746afb70ce8688079c6a887a2a0f36accc7913a125234a1d3a91b02_svg/save-sharp.svg","273","NOT_FOUND"
"svg/save.svg","3afc7e8794e727622d7b3ce9540d84bbf833bc0f4fe0e91a51bfd9ec83228e18","orgs/938847bd-ad89-4ee4-a8cc-4e62f513379a/apps/com.emberlink.pubqdemo/delta/54fff9d230e7761660bfd5baf8d600fb6ab6f330eafc3a5a9ed28d1149bb7161_svg/save.svg","429","NOT_FOUND"
"svg/scale-outline.svg","3e4887bc6e1b4a33e2d40c31b1acf7568f55374998090b5c57c507c11af8383b","orgs/938847bd-ad89-4ee4-a8cc-4e62f513379a/apps/com.emberlink.pubqdemo/delta/7e151c802253cb454aca26d3f07961eecb0af91903bba2ae9623f11a8d1c1c56_svg/scale-outline.svg","563","NOT_FOUND"
"svg/scale-sharp.svg","e7cff77047e310baf64efb1c7d4652559de15bb22642200c4896e2e5af6102bf","orgs/938847bd-ad89-4ee4-a8cc-4e62f513379a/apps/com.emberlink.pubqdemo/delta/776ed4b1366edd2923a62cb8b5c942ff784c6bfa5b50ee4644b14a9478b7095a_svg/scale-sharp.svg","472","NOT_FOUND"
"svg/scale.svg","6cade8d74fff6e7948eafc2a1d949cf54e63f3240937c0cd1fe25e0fe34ee622","orgs/938847bd-ad89-4ee4-a8cc-4e62f513379a/apps/com.emberlink.pubqdemo/delta/6d109c92a60cd116e1d6539af0fe9d793bd70bca88ebd7fb9cddb5e8eb8b0acb_svg/scale.svg","527","NOT_FOUND"
"svg/scan-circle-outline.svg","37924cacf78d8cbd968f4d2e0bcacb5f0623b5ffe60066175bd52851b741a563","orgs/938847bd-ad89-4ee4-a8cc-4e62f513379a/apps/com.emberlink.pubqdemo/delta/dc7cf3155b9a3c0222f7d5136df9a756c9ab4a898acc2dafba81edced12b9ed0_svg/scan-circle-outline.svg","480","NOT_FOUND"
"svg/scan-circle-sharp.svg","f236f3962fc6a95b064f7be397150c13ef5a3a9812f85438755ce9e5082b967c","orgs/938847bd-ad89-4ee4-a8cc-4e62f513379a/apps/com.emberlink.pubqdemo/delta/991e9164f4f943608547c186bef4146e7564ad672f6f03993453518b2f964a3f_svg/scan-circle-sharp.svg","454","NOT_FOUND"
"svg/scan-circle.svg","95af2cec6c72696a998fa995aee778cabdefbcd52363e109135b34faada7683d","orgs/938847bd-ad89-4ee4-a8cc-4e62f513379a/apps/com.emberlink.pubqdemo/delta/be154c92b069c5e464aa96a376c9b83418fcbb12303887381ccca40802e02420_svg/scan-circle.svg","567","NOT_FOUND"
"svg/scan-outline.svg","8bc36cebb627a3b4b0e869bf38483c0d597b31f99daf0e9b50e5bfe6fdb1e2cc","orgs/938847bd-ad89-4ee4-a8cc-4e62f513379a/apps/com.emberlink.pubqdemo/delta/2febf7b875e4e6e913dac12f87970961ddb37f95dfa7efd2a3873badf1c475f3_svg/scan-outline.svg","323","NOT_FOUND"
"svg/scan-sharp.svg","d08872d1d6f1056de2659531657e4a778813e2e3ba45431766bba12e0e68130c","orgs/938847bd-ad89-4ee4-a8cc-4e62f513379a/apps/com.emberlink.pubqdemo/delta/ebac620ef4b5d72382a96e4ff04f3770f79acf778b51a7374107432eacc4d234_svg/scan-sharp.svg","371","NOT_FOUND"
"svg/scan.svg","c077bf5f35fa857e717181a5e6eba01dbb040d029ecab7638ad389900126fdd7","orgs/938847bd-ad89-4ee4-a8cc-4e62f513379a/apps/com.emberlink.pubqdemo/delta/8148ba512cd05030bca3df55686b4c8bab8f881b23d8d6854c13c45a700f9529_svg/scan.svg","322","NOT_FOUND"
"svg/school-outline.svg","36456e10df5688684c5e00fb424e653fdd11094ae3598414b1bc9f303790db3d","orgs/938847bd-ad89-4ee4-a8cc-4e62f513379a/apps/com.emberlink.pubqdemo/delta/3d4325b4473891e1bc40ee7daa42364a873093ecbd3394a70f8f92702a465f7c_svg/school-outline.svg","381","NOT_FOUND"
"svg/school-sharp.svg","37c7a3f1fc86db194ead731a16f87227887d419967b4a9bad4932f8a748d48a0","orgs/938847bd-ad89-4ee4-a8cc-4e62f513379a/apps/com.emberlink.pubqdemo/delta/ca61d37844eb85e36856782d5432d18137932eef3f8afe12ac7f28bc92290de5_svg/school-sharp.svg","223","NOT_FOUND"
"svg/school.svg","6f4c244f7223a068e0d31fcc198560854c3891eb1a57a434f16df0209f4991c8","orgs/938847bd-ad89-4ee4-a8cc-4e62f513379a/apps/com.emberlink.pubqdemo/delta/72e2f65736c30f534abb5f32b8b92889373afa10603cb401608db2ff8fbb83ad_svg/school.svg","534","NOT_FOUND"
"svg/search-circle-outline.svg","98e02707817cc9b079bffdb116589d547e70cc1032291e57e0838b568703c76a","orgs/938847bd-ad89-4ee4-a8cc-4e62f513379a/apps/com.emberlink.pubqdemo/delta/1d3ec85f45169f2295b7f6d594a8eaefdad5f5144bf589b6909fad018eb9927e_svg/search-circle-outline.svg","471","NOT_FOUND"
"svg/search-circle-sharp.svg","457ab151a856a7badc4ae3cd58d0f3ae6cc6e671e8ed8fa0f58e21ab1d047cc6","orgs/938847bd-ad89-4ee4-a8cc-4e62f513379a/apps/com.emberlink.pubqdemo/delta/94acd5bf546d6dcb83023707a83298233d531984b4ba4b46a735ddc3f1c3244a_svg/search-circle-sharp.svg","281","NOT_FOUND"
"svg/search-circle.svg","912e8a734012f38d26dad2cbad575b7305c77d7caa1654898458a39a568a5a5a","orgs/938847bd-ad89-4ee4-a8cc-4e62f513379a/apps/com.emberlink.pubqdemo/delta/8c0aa0a510c54e9a0e374d4e8844ab5a9be5eb3489667652cc6927250e3c41b1_svg/search-circle.svg","325","NOT_FOUND"
"svg/search-outline.svg","caf8661880f0819a0341c8ec1e853ac96e24a3458a4df2e80931321556fbaf5d","orgs/938847bd-ad89-4ee4-a8cc-4e62f513379a/apps/com.emberlink.pubqdemo/delta/a4060df365c32aba30f7303b6e6447184e8c0bc83a34f03522fb646af9c2f7a9_svg/search-outline.svg","366","NOT_FOUND"
"svg/search-sharp.svg","9e364ddf824191fada6da6836a48d8458eeeb524b3d3ee8f47660fd80fde54a9","orgs/938847bd-ad89-4ee4-a8cc-4e62f513379a/apps/com.emberlink.pubqdemo/delta/486b0a24fad1f275f83f7f60765a9a0a39e7ff6e3c44133de0aadf77fd678cdf_svg/search-sharp.svg","351","NOT_FOUND"
"svg/search.svg","cc611a69748385c2fbe59500b536a827d5337b7bbc436ccc496be3813a05ff51","orgs/938847bd-ad89-4ee4-a8cc-4e62f513379a/apps/com.emberlink.pubqdemo/delta/f899d6f30bcaae9180f5ec5f514f82ece08f2117f9a069e28be3b9d549b9f723_svg/search.svg","373","NOT_FOUND"
"svg/send-outline.svg","91b932649e3f0d07d01a5c9a75e485a5d6850820760fbdb46e8c87f89d926010","orgs/938847bd-ad89-4ee4-a8cc-4e62f513379a/apps/com.emberlink.pubqdemo/delta/5e2424b97615165d9237a005deebf48510ba29080f08d524328212c8656442eb_svg/send-outline.svg","400","NOT_FOUND"
"svg/send-sharp.svg","3893355329e35610b3f0cc7ac5a87402aa74eb705e521a0bb13b97062a4b5ccb","orgs/938847bd-ad89-4ee4-a8cc-4e62f513379a/apps/com.emberlink.pubqdemo/delta/0eec7886f2ed1b12d57d4dde40fb9300340575f66f2f912f87a0d3eddc80a010_svg/send-sharp.svg","136","NOT_FOUND"
"svg/send.svg","cdbd52ca053d1548e6d1763da8a369794c81751563e44d3d036f0426611d942a","orgs/938847bd-ad89-4ee4-a8cc-4e62f513379a/apps/com.emberlink.pubqdemo/delta/44bfc8e01ecb4f61ab8a18b358589f9d69e875ca6980b1f866a6d5ba92165ce4_svg/send.svg","406","NOT_FOUND"
"svg/server-outline.svg","674d176d75fd9e68f7f174266cfb8d2797c5877820bb1a24076ca75d00d7e471","orgs/938847bd-ad89-4ee4-a8cc-4e62f513379a/apps/com.emberlink.pubqdemo/delta/246ede4b586ebc32bfb438839aae46c718d717168f63054ede6b2bb667f72864_svg/server-outline.svg","511","NOT_FOUND"
"svg/server-sharp.svg","e4b9cacf443f93a9331f46c6b3968f419d033f31075fc4c01d2721129c2f8f6f","orgs/938847bd-ad89-4ee4-a8cc-4e62f513379a/apps/com.emberlink.pubqdemo/delta/4557036b489511878c014cac1b03003d58415e34ccd68b1eb8a3bcac0b76361f_svg/server-sharp.svg","1186","NOT_FOUND"
"svg/server.svg","cd03697a8bb14cbfa0df31631b9d118b29a274e851ffa67b24c3d72ed9d72943","orgs/938847bd-ad89-4ee4-a8cc-4e62f513379a/apps/com.emberlink.pubqdemo/delta/8dc13cbd9f08946c80705c52f0c2c402832643a345424d3a5b00042376dc7ebf_svg/server.svg","1308","NOT_FOUND"
"svg/settings-outline.svg","6c85490faa54633e3e6d409e1a8538062583be838070a3166b98b0ab7b06ae8c","orgs/938847bd-ad89-4ee4-a8cc-4e62f513379a/apps/com.emberlink.pubqdemo/delta/323fdc5a882eca5cbc8a091c0d7fb9f1d2317a55f6eee32d002a59deea6c3706_svg/settings-outline.svg","1289","NOT_FOUND"
"svg/settings-sharp.svg","e5625d04b320b37be0e7eb8cf2345ac00ddca65e2236818a2db5a2822929c135","orgs/938847bd-ad89-4ee4-a8cc-4e62f513379a/apps/com.emberlink.pubqdemo/delta/8c8fa46532e3e3b6aaf40d84d7b891599749dfebcb16df21578e9128d4950d18_svg/settings-sharp.svg","907","NOT_FOUND"
"svg/settings.svg","8d90d01bc9fdf4bf5a8818463f96e7f933b1399af9c3d05d02b7d589cb351b02","orgs/938847bd-ad89-4ee4-a8cc-4e62f513379a/apps/com.emberlink.pubqdemo/delta/28c6dda7892ce1eecbf49339a4111f934be894d2d392d6929e35a16cf1469518_svg/settings.svg","1329","NOT_FOUND"
"svg/shapes-outline.svg","e948cad669ba6ba7121f9ec12a2836162280ab43e628ca41047927fff21db47c","orgs/938847bd-ad89-4ee4-a8cc-4e62f513379a/apps/com.emberlink.pubqdemo/delta/93eea63586c2de5ad44cf2aeac099bfba046404266791e44e733de43282eeb20_svg/shapes-outline.svg","305","NOT_FOUND"
"svg/shapes-sharp.svg","88698ab6cf9cde18ca6fcf41e9b914d06d4b4c011844806c4f7ca19e410e6d9f","orgs/938847bd-ad89-4ee4-a8cc-4e62f513379a/apps/com.emberlink.pubqdemo/delta/bb9e820ff38f9d45e04a7d28e206d1c095da628dab1f19a6792b3aa5980aab67_svg/shapes-sharp.svg","274","NOT_FOUND"
"svg/shapes.svg","323755a4078f3941bf1455d8b26eec25def2c9974ddabe41806af67fa0ea7128","orgs/938847bd-ad89-4ee4-a8cc-4e62f513379a/apps/com.emberlink.pubqdemo/delta/2661cd9bae41ca68639582f291bcdc7b15cc6e362376de128ec604ce925cc2a9_svg/shapes.svg","291","NOT_FOUND"
"svg/share-outline.svg","3456d1c3a8a276ee30cbce2d6295c933d9354ff4e6c665f11b5a3fdb897e8367","orgs/938847bd-ad89-4ee4-a8cc-4e62f513379a/apps/com.emberlink.pubqdemo/delta/a935346d5c16230b5bf669dfb75f2e65add0834bf752225c4db3185f4f05ca63_svg/share-outline.svg","320","NOT_FOUND"
"svg/share-sharp.svg","b01ccfad7f78ce30de3eaa376b9c904baff90a49fa098d33d6ae3c7b84b3cffa","orgs/938847bd-ad89-4ee4-a8cc-4e62f513379a/apps/com.emberlink.pubqdemo/delta/ff5ba8861265de35f48187077dff68660f4fba389ea2e7e78a30bb571074a7db_svg/share-sharp.svg","277","NOT_FOUND"
"svg/share-social-outline.svg","322ebe881f4565272843fa8dbb090019f5ee71bc944f9ff07af18716a0fe484b","orgs/938847bd-ad89-4ee4-a8cc-4e62f513379a/apps/com.emberlink.pubqdemo/delta/42bb0ef5cced034b2edf4bd506925ae24027bed625febe5b4e2621a6fb0f48ac_svg/share-social-outline.svg","629","NOT_FOUND"
"svg/share-social-sharp.svg","62d279e590574c366f884072a40673abfa88d785fef956ba82e225a3e59c3d7d","orgs/938847bd-ad89-4ee4-a8cc-4e62f513379a/apps/com.emberlink.pubqdemo/delta/2067fb51d9b6b9ba6bf9bb3a051f4a6f1752bbba56fe07afb2bbffe6fbe4b6cd_svg/share-social-sharp.svg","275","NOT_FOUND"
"svg/share-social.svg","2626681ce636ca2dfd99111b64ee331cad2c6bb76f0e186765c2f817c31fa8e6","orgs/938847bd-ad89-4ee4-a8cc-4e62f513379a/apps/com.emberlink.pubqdemo/delta/b607743bed11a2735dd37a2955a9d478634d6a56a478e4b422d72163215dd109_svg/share-social.svg","268","NOT_FOUND"
"svg/share.svg","8dfe96d40e4569dc6df251dc7ff4df791e35c45613fe30e20631670d3295fcd5","orgs/938847bd-ad89-4ee4-a8cc-4e62f513379a/apps/com.emberlink.pubqdemo/delta/fea9a2d2f116c327e23f5e2fc987bd7fc8455b19f17c8751411613be624d94a6_svg/share.svg","367","NOT_FOUND"
"svg/shield-checkmark-outline.svg","4269e8a4fa5e01311714768b1a62d29ff1690f7e1f1e561a1aa4b5c52168d1e4","orgs/938847bd-ad89-4ee4-a8cc-4e62f513379a/apps/com.emberlink.pubqdemo/delta/eeec7163a38ced2d096f8aef274c7897243cb9cc3d4f9ab3dc7e55f91008e109_svg/shield-checkmark-outline.svg","478","NOT_FOUND"
"svg/shield-checkmark-sharp.svg","cb7244a25ddba79534bfbd52f0a8352c604780d8ee940384e2ae91092ebeba79","orgs/938847bd-ad89-4ee4-a8cc-4e62f513379a/apps/com.emberlink.pubqdemo/delta/2b91d7333202d678edcfbf84d659abc9b7af0c852b51551c3304802a29afaf2c_svg/shield-checkmark-sharp.svg","531","NOT_FOUND"
"svg/shield-checkmark.svg","3bcb48ed9b31b813f262f83ea5981d0f26154972895664aad3ccb2da08857ed8","orgs/938847bd-ad89-4ee4-a8cc-4e62f513379a/apps/com.emberlink.pubqdemo/delta/2ff7a800070ef24d3bf393848158f0d0028aea990e64f842cb2729419930bb49_svg/shield-checkmark.svg","623","NOT_FOUND"
"svg/shield-half-outline.svg","0352786f638e3db3fc5d041f9e5efafb43e3a8ee930c0bae0e0fad6c1a8691f0","orgs/938847bd-ad89-4ee4-a8cc-4e62f513379a/apps/com.emberlink.pubqdemo/delta/f802116c17bd0a3c041d26c7625c78e81cfad5926ce6e38f737bf254527ce0c1_svg/shield-half-outline.svg","436","NOT_FOUND"
"svg/shield-half-sharp.svg","03a5ebf18c386c5f77539377dedace15e5f25dbc423878f2e3591431d57edab9","orgs/938847bd-ad89-4ee4-a8cc-4e62f513379a/apps/com.emberlink.pubqdemo/delta/8f820478c4214e577a3da32ef31c44c57b6b969c2f9c5f23c7ee8a1945f7da3e_svg/shield-half-sharp.svg","535","NOT_FOUND"
"svg/shield-half.svg","d08b98ab06bfaf8a72eedb3fe2439c9181e027d4faac22369220abfba31bb4b4","orgs/938847bd-ad89-4ee4-a8cc-4e62f513379a/apps/com.emberlink.pubqdemo/delta/66444b64d172190bcac18ab7bedd95b7b4f7f2a2b3b42cec0c3653cb195cb2fe_svg/shield-half.svg","436","NOT_FOUND"
"svg/shield-outline.svg","85287c5c772b113b27678dd7857dc72b19d0cdbfc1160ab8bc21f6a1f62160d9","orgs/938847bd-ad89-4ee4-a8cc-4e62f513379a/apps/com.emberlink.pubqdemo/delta/c364ec0c985f06a96435bd516e9c5d8b1429083baf33ea0960c0c90f06aca038_svg/shield-outline.svg","344","NOT_FOUND"
"svg/shield-sharp.svg","09fd4c1ae6238f1ef71f18bb2ee5b11c2b2587b5320f321ca29478144e369ba4","orgs/938847bd-ad89-4ee4-a8cc-4e62f513379a/apps/com.emberlink.pubqdemo/delta/2e085089c7f8ac50135e0c3700501f2b5e5cdf28b07ac536696974cafc8d7e0b_svg/shield-sharp.svg","360","NOT_FOUND"
"svg/shield.svg","3548f8e9ac03f830fe050ee7b4908f9b6cc2fcff74b1d9e6a1e4d6722bf81fb6","orgs/938847bd-ad89-4ee4-a8cc-4e62f513379a/apps/com.emberlink.pubqdemo/delta/76a08b08bf7f940f29f6e70525dff4d5f06446c95d35a968d2486d8e74cfa045_svg/shield.svg","475","NOT_FOUND"
"svg/shirt-outline.svg","05e70da1e28f61fa561bebcdf3b12025c13af639d730c09d6452486066972983","orgs/938847bd-ad89-4ee4-a8cc-4e62f513379a/apps/com.emberlink.pubqdemo/delta/a5b4fa14deb49a7ce09869d9e1bbd98faee02c83c11f046d90736d9d42889d96_svg/shirt-outline.svg","546","NOT_FOUND"
"svg/shirt-sharp.svg","f995e8a7aff062e2e35f166f844a810ae02cb42b14da8267229972340916f7c9","orgs/938847bd-ad89-4ee4-a8cc-4e62f513379a/apps/com.emberlink.pubqdemo/delta/ce721d6019deead1293b64b73ed5c9dc0b7c140ab996bd260ff43966ace463ba_svg/shirt-sharp.svg","336","NOT_FOUND"
"svg/shirt.svg","2e085186c39ec94071dbef8fa08c329a2639fd85fe8a33959e92f901657644f6","orgs/938847bd-ad89-4ee4-a8cc-4e62f513379a/apps/com.emberlink.pubqdemo/delta/fdfaa750ae93b04992d2b682fc2050156db7d954037c3eb0e1c8d8b7bc7b507a_svg/shirt.svg","676","NOT_FOUND"
"svg/shuffle-outline.svg","572ad5b0fb296d1168aa8cff65ce9a3d2c494ec704d5a4364835fc72a46ea790","orgs/938847bd-ad89-4ee4-a8cc-4e62f513379a/apps/com.emberlink.pubqdemo/delta/8061b8de7e1d6440f8b80cd777c7587892723227ab3146c07f7d51861a459b65_svg/shuffle-outline.svg","504","NOT_FOUND"
"svg/shuffle-sharp.svg","423b8199a1f991dd4584060e335b21726b33ee30cf3b21a6a6acedcaba673f53","orgs/938847bd-ad89-4ee4-a8cc-4e62f513379a/apps/com.emberlink.pubqdemo/delta/de2f952b58cf40b4c0795c8afca584bebac792b3f088d329bfe62a03d0482fb7_svg/shuffle-sharp.svg","394","NOT_FOUND"
"svg/shuffle.svg","572ad5b0fb296d1168aa8cff65ce9a3d2c494ec704d5a4364835fc72a46ea790","orgs/938847bd-ad89-4ee4-a8cc-4e62f513379a/apps/com.emberlink.pubqdemo/delta/8061b8de7e1d6440f8b80cd777c7587892723227ab3146c07f7d51861a459b65_svg/shuffle.svg","504","NOT_FOUND"
"svg/skull-outline.svg","ac5c529f39f0e0dc5153ce595c9ccfca21bebe4ec3e475a76662e6e05fd70f66","orgs/938847bd-ad89-4ee4-a8cc-4e62f513379a/apps/com.emberlink.pubqdemo/delta/fd7bb5e3974b7905520e5c6a9a45a4632ccb70f2e6a6293c7adb2b9eeb80ce59_svg/skull-outline.svg","864","NOT_FOUND"
"svg/skull-sharp.svg","ed6887eee22cbc33dfcb55559b92fd7ce05bfaa6f261b073d78a149b876cfc2b","orgs/938847bd-ad89-4ee4-a8cc-4e62f513379a/apps/com.emberlink.pubqdemo/delta/51d6f788673401f687ce084fddcc701a783c54420cb56c0edd3fad6802f90369_svg/skull-sharp.svg","391","NOT_FOUND"
"svg/skull.svg","1657debea5fd17680cd83076309e94e74848f83bd3af2690827e081df7afa51c","orgs/938847bd-ad89-4ee4-a8cc-4e62f513379a/apps/com.emberlink.pubqdemo/delta/58ce6341c8ba1472cd844325af9a518892978e3de858fda65f99a261c4a00efb_svg/skull.svg","983","NOT_FOUND"
"svg/snow-outline.svg","ded9623db8b51f7b74865c79ec8f439d8f208d966363a0bab9c47c648ce26aa2","orgs/938847bd-ad89-4ee4-a8cc-4e62f513379a/apps/com.emberlink.pubqdemo/delta/c4e94f7e21d28f4f9bf448ca9746cf68fdd17ef64a2ad74ff21ab003162194c3_svg/snow-outline.svg","511","NOT_FOUND"
"svg/snow-sharp.svg","bdac0f5cb93a7e30e40273fd609e07b646bf91ca857ab39ff4b69104f4f76fff","orgs/938847bd-ad89-4ee4-a8cc-4e62f513379a/apps/com.emberlink.pubqdemo/delta/bb30e09b0bad5f115abe4517df97eee4b7b498d0487796059afe85742d652cfe_svg/snow-sharp.svg","1389","NOT_FOUND"
"svg/snow.svg","efc02b71e97822fc9b8a52f40d868c4d20120d88aa35ad68b89d344c8afbca5d","orgs/938847bd-ad89-4ee4-a8cc-4e62f513379a/apps/com.emberlink.pubqdemo/delta/3231fb0b6d5ddd61d97a1a64e4345580b5e3c32c8b086f7331646d8c2ed16d3d_svg/snow.svg","1465","NOT_FOUND"
"svg/sparkles-outline.svg","2ddbc7196ae1d24dfcf6a5a98d807ed73b8f5714346fb4ce52215344bdf24d85","orgs/938847bd-ad89-4ee4-a8cc-4e62f513379a/apps/com.emberlink.pubqdemo/delta/f54148f8784de8ad6ac426da2f086ed5dcaa4b9f011d85768b488aad4615f0ee_svg/sparkles-outline.svg","590","NOT_FOUND"
"svg/sparkles-sharp.svg","2ee8579762a5e5d1444a7d77f838e4e87c0442abd79b4c2f2b7bab1ca29be2c1","orgs/938847bd-ad89-4ee4-a8cc-4e62f513379a/apps/com.emberlink.pubqdemo/delta/0ab2bbc61ee513a7fa4519576c0ae94a7625b47ef0204dd2fea7f48410122d2d_svg/sparkles-sharp.svg","338","NOT_FOUND"
"svg/sparkles.svg","e62fb921db884e3093748470547d28195e2deda6751e348cd39ec863d5166383","orgs/938847bd-ad89-4ee4-a8cc-4e62f513379a/apps/com.emberlink.pubqdemo/delta/a2b56282923943725073ea18e1543113e9d5139b02f18a2612709039d8d75e9f_svg/sparkles.svg","1134","NOT_FOUND"
"svg/speedometer-outline.svg","faa6e96b6c09c5983e9380b133e2d03ff0e749b2f20f967e962adc28fd56231a","orgs/938847bd-ad89-4ee4-a8cc-4e62f513379a/apps/com.emberlink.pubqdemo/delta/fd144f041a6c9320ae25675de015132321fa3935dfb4201d55f919397fbcac40_svg/speedometer-outline.svg","748","NOT_FOUND"
"svg/speedometer-sharp.svg","38bc0fb8701dadc634af4def1ab7028bd0c91c509071961b74b88b11fd0cbf4b","orgs/938847bd-ad89-4ee4-a8cc-4e62f513379a/apps/com.emberlink.pubqdemo/delta/5a1f1abe379fa0dde8b235d569a198ab9b93495bbec40b95e732b86f82b532c6_svg/speedometer-sharp.svg","644","NOT_FOUND"
"svg/speedometer.svg","0a52f96dd17bd4382d42d095d19688500bbb24ba91e48b8debd2073bcb6a2173","orgs/938847bd-ad89-4ee4-a8cc-4e62f513379a/apps/com.emberlink.pubqdemo/delta/d8fd532a17ce768b95faf57de86f0c36fbac2b086053157d0f85e9a5f26912b1_svg/speedometer.svg","750","NOT_FOUND"
"svg/square-outline.svg","3f0bebe5788816cc3a617810aef903cc037003732984d13f9f029d08af948265","orgs/938847bd-ad89-4ee4-a8cc-4e62f513379a/apps/com.emberlink.pubqdemo/delta/56444d88fbcad83533e67913e1689b5c0a3fc1e54f3342d505d5d7255bd540f5_svg/square-outline.svg","308","NOT_FOUND"
"svg/square-sharp.svg","ceecc650e3d8fcad288feaa14f6371b01cfb17878068bf06f3a247772ab0bb27","orgs/938847bd-ad89-4ee4-a8cc-4e62f513379a/apps/com.emberlink.pubqdemo/delta/422078b812d663a30a97be8e43f080739ed67986ac2fbda6c354d6fcdf6d6c65_svg/square-sharp.svg","114","NOT_FOUND"
"svg/square.svg","186ceb14be0d9d2ff9eb864dbeb4f3070a7facfa8f257efb091e32b9b18987c5","orgs/938847bd-ad89-4ee4-a8cc-4e62f513379a/apps/com.emberlink.pubqdemo/delta/37b78fc0223a8d3312922182a91a416a7cf3ed3ad9c09c13e1d8ecc1846cd680_svg/square.svg","214","NOT_FOUND"
"svg/star-half-outline.svg","21ede1be85e5967bae8aa1cbc38ff37cc05ac825e1358b45644ddd58742b831e","orgs/938847bd-ad89-4ee4-a8cc-4e62f513379a/apps/com.emberlink.pubqdemo/delta/ee50575b7702afd4defea59075321e3c6fbbc01c171d2788e8eab32dee1f373b_svg/star-half-outline.svg","285","NOT_FOUND"
"svg/star-half-sharp.svg","25f7a615a404c7dd5279842d8ebcfe7e485189db377db1910227c5750ef835b3","orgs/938847bd-ad89-4ee4-a8cc-4e62f513379a/apps/com.emberlink.pubqdemo/delta/0381eda9c66ad6b55e649deb160845f9287a9825d632435f43a7820a35e5a771_svg/star-half-sharp.svg","300","NOT_FOUND"
"svg/star-half.svg","21ede1be85e5967bae8aa1cbc38ff37cc05ac825e1358b45644ddd58742b831e","orgs/938847bd-ad89-4ee4-a8cc-4e62f513379a/apps/com.emberlink.pubqdemo/delta/ee50575b7702afd4defea59075321e3c6fbbc01c171d2788e8eab32dee1f373b_svg/star-half.svg","285","NOT_FOUND"
"svg/star-outline.svg","a05162d33f4885f605b7171da85d76724ac2e7997799b1e5c98b4cea656b982e","orgs/938847bd-ad89-4ee4-a8cc-4e62f513379a/apps/com.emberlink.pubqdemo/delta/86e5ba723bc48b2e736c84c1098242c62126094edf51774832256bd4d9915e23_svg/star-outline.svg","235","NOT_FOUND"
"svg/star-sharp.svg","477c3f310fb0721432db751fc4eef3faa0d06b7b64dabb08aeb49fae52b5547d","orgs/938847bd-ad89-4ee4-a8cc-4e62f513379a/apps/com.emberlink.pubqdemo/delta/094838227ad595a522fd40ba53f2e7f9ceb07549650a46f5b420d5bb42809bca_svg/star-sharp.svg","196","NOT_FOUND"
"svg/star.svg","77e670f5963dddfb13211abbed3162aabfcac2fe3a54a0796a679a8ab04f75df","orgs/938847bd-ad89-4ee4-a8cc-4e62f513379a/apps/com.emberlink.pubqdemo/delta/fcc25484ff30259083262a42ff6fe728243da02552bb7026890906449a5e07b1_svg/star.svg","326","NOT_FOUND"
"svg/stats-chart-outline.svg","374517c013774abdecf5d0f46a23048a614ccd29e6473ca7cf45f49e1403660a","orgs/938847bd-ad89-4ee4-a8cc-4e62f513379a/apps/com.emberlink.pubqdemo/delta/2117601d4f567219ceee1e8a1a78bb91e99b52dd578cd1ec912b5627dcade8ba_svg/stats-chart-outline.svg","702","NOT_FOUND"
"svg/stats-chart-sharp.svg","a0d68ecdd93f778e7a0fb749dd35fb2e81e760ec7491f9e07d06d3ff1f163014","orgs/938847bd-ad89-4ee4-a8cc-4e62f513379a/apps/com.emberlink.pubqdemo/delta/ad7003a465604701078e10e563e1e66fda2789c5073a7d4efd9cf53b005d4906_svg/stats-chart-sharp.svg","173","NOT_FOUND"
"svg/stats-chart.svg","43a6801bb7499dbf8ce4d06fff501c2b310c1967e48e6fb85a09f2b38f2ef73e","orgs/938847bd-ad89-4ee4-a8cc-4e62f513379a/apps/com.emberlink.pubqdemo/delta/beedf4ccedb7ac810e1328ccf7732d2109c0730dc93efa3bec2eba9248f8fe69_svg/stats-chart.svg","474","NOT_FOUND"
"svg/stop-circle-outline.svg","132fca8138de62464ace1bd63b20de08e33c992133a162eadca87d2a01ce01e9","orgs/938847bd-ad89-4ee4-a8cc-4e62f513379a/apps/com.emberlink.pubqdemo/delta/1cb62fdb880342b4f9fc9736d773c1c649b93bb452599530b8e4f278edc43eab_svg/stop-circle-outline.svg","398","NOT_FOUND"
"svg/stop-circle-sharp.svg","1e3350492f5661eeb5b9d5236c8ffcf4830afeab7b0c7111b2db612a6a38ce00","orgs/938847bd-ad89-4ee4-a8cc-4e62f513379a/apps/com.emberlink.pubqdemo/delta/100dec43e54543f6977903067e67bb87914d4893da5b789206666c3ffd1660ba_svg/stop-circle-sharp.svg","203","NOT_FOUND"
"svg/stop-circle.svg","55552bf03516ea027b68af7359a535ff8b227a61fe0b59070d57e335a04389bf","orgs/938847bd-ad89-4ee4-a8cc-4e62f513379a/apps/com.emberlink.pubqdemo/delta/c2c6dadd8fbac6a18e00daa7e8ffc5fc9e720b60da595307cef91eb5c5909181_svg/stop-circle.svg","323","NOT_FOUND"
"svg/stop-outline.svg","b4448b18de380e20af5006babe0c6bb267d0b6f42d8077082333ac120d0dceed","orgs/938847bd-ad89-4ee4-a8cc-4e62f513379a/apps/com.emberlink.pubqdemo/delta/f9d0f091b5f5099e891fa536fb5f6bfd3dcdbe50b5a2974079de430c870a3eba_svg/stop-outline.svg","217","NOT_FOUND"
"svg/stop-sharp.svg","80c334a9be650317f1e5c4229c2e1c26eca5484859397f0534515afc80a61f64","orgs/938847bd-ad89-4ee4-a8cc-4e62f513379a/apps/com.emberlink.pubqdemo/delta/a861da705728d9d573efdf7f86e4fc9b77edd0caebccff3eb81a7fd62310b0b5_svg/stop-sharp.svg","114","NOT_FOUND"
"svg/stop.svg","770466744466c5135c31d00af2861bee1b9f5d3615e1eb10a1461bbfec5bfdf9","orgs/938847bd-ad89-4ee4-a8cc-4e62f513379a/apps/com.emberlink.pubqdemo/delta/2f1cd4c7ec903a4bd36da9375ade1825588759272e38597947be76c33494e306_svg/stop.svg","192","NOT_FOUND"
"svg/stopwatch-outline.svg","e87d8d45237d039ed86177fcc2e5dec12186b907b9582d8d0585300fb4eca98c","orgs/938847bd-ad89-4ee4-a8cc-4e62f513379a/apps/com.emberlink.pubqdemo/delta/bda34789f518977c480ab8376a90891883bd174d93e717466b42f10b86321edb_svg/stopwatch-outline.svg","569","NOT_FOUND"
"svg/stopwatch-sharp.svg","005e2c2bf5d29b01bb991612ef1649c45986e65f5bccfa7218a07f38ffb9be69","orgs/938847bd-ad89-4ee4-a8cc-4e62f513379a/apps/com.emberlink.pubqdemo/delta/18a9d09d9c5e9657780c77b603b6f7da261324e2d492fe2d66bfb7b4ac72c5a6_svg/stopwatch-sharp.svg","334","NOT_FOUND"
"svg/stopwatch.svg","f451e5cb2df3c0afbc5c5a292262caf8faba51b999b9de51bec3ac3b33eba7e2","orgs/938847bd-ad89-4ee4-a8cc-4e62f513379a/apps/com.emberlink.pubqdemo/delta/d331914373172a2beebe36626e64c6f906effb97f689bc4035a8ca50ffd0c521_svg/stopwatch.svg","402","NOT_FOUND"
"svg/storefront-outline.svg","3f109bbde0292cf2117485aedb678b0a50abbb512f4fa7c5349dc36a9269c04c","orgs/938847bd-ad89-4ee4-a8cc-4e62f513379a/apps/com.emberlink.pubqdemo/delta/023026e3949333a824fd8d8a4007a5e3823aa0aa843e9ebf1af5dfcf1b157a67_svg/storefront-outline.svg","678","NOT_FOUND"
"svg/storefront-sharp.svg","a929a82c0ad6e523e478cf842a5f4d2fdce6d3b171ba1b9a4e98f67aa852f63c","orgs/938847bd-ad89-4ee4-a8cc-4e62f513379a/apps/com.emberlink.pubqdemo/delta/2a1133e8e75b536101d9e645b5536f4509b041a6f4a1c7b74a80959394b89024_svg/storefront-sharp.svg","1116","NOT_FOUND"
"svg/storefront.svg","fd9075a6e380af8c9080a0bf803f81fd4ba7673230578eccc60f83ef14f8610b","orgs/938847bd-ad89-4ee4-a8cc-4e62f513379a/apps/com.emberlink.pubqdemo/delta/cbd296dda1d9589c0ae1f3b57830b2b90cf0a0cab5173184d73f8203d0fd4f17_svg/storefront.svg","1423","NOT_FOUND"
"svg/subway-outline.svg","056e1a7a19be9589a44fdaeecc33df979b257c81de2cc574338f456a350954e3","orgs/938847bd-ad89-4ee4-a8cc-4e62f513379a/apps/com.emberlink.pubqdemo/delta/4b7c6317165b7afb26be679f7d3e70339ffb52ea0311d9d5100c8c0c273825db_svg/subway-outline.svg","847","NOT_FOUND"
"svg/subway-sharp.svg","fb9c6a3ba0e3b40e8ed14c170ad0fffe400653ede07052f3b09aa0b9170a6aee","orgs/938847bd-ad89-4ee4-a8cc-4e62f513379a/apps/com.emberlink.pubqdemo/delta/2f81ffef9433bdfa575560b5268e845a683c6539a5f7d60eba579d3259433aec_svg/subway-sharp.svg","523","NOT_FOUND"
"svg/subway.svg","85cb0165e15b896c7a303430b80c77ecf5f61b0cca232a2f3de3b544d844ca44","orgs/938847bd-ad89-4ee4-a8cc-4e62f513379a/apps/com.emberlink.pubqdemo/delta/b8d5dbf536018e91360b1e5b4265fbf1992e28701db3deb084d6cee024e0c874_svg/subway.svg","615","NOT_FOUND"
"svg/sunny-outline.svg","fdd98a78c0bebc8465a5c25d05a772f89781af6cdeeccef124db10ae336f91ef","orgs/938847bd-ad89-4ee4-a8cc-4e62f513379a/apps/com.emberlink.pubqdemo/delta/d8235f498c1d03738f7114782ef67e9727e253a68a29d8c47a1aa4a338d24ee6_svg/sunny-outline.svg","467","NOT_FOUND"
"svg/sunny-sharp.svg","dfe08f0ae7432b61c0df262e31ce228c2f8a1bddcd2aad73f8e0f483956bcea6","orgs/938847bd-ad89-4ee4-a8cc-4e62f513379a/apps/com.emberlink.pubqdemo/delta/cea1f9998e67a2c49fbaf105fba17142d0da55df4b2214f1408459b538ed8b6a_svg/sunny-sharp.svg","459","NOT_FOUND"
"svg/sunny.svg","26fcabfd6f1d3dec89a18d50a0fe58bcc4377856f4655f9b95df091a59a53c51","orgs/938847bd-ad89-4ee4-a8cc-4e62f513379a/apps/com.emberlink.pubqdemo/delta/a64138d313b64d525d4f21088a2e4654f35301d9372a663ebd835017d8b4a0f5_svg/sunny.svg","847","NOT_FOUND"
"svg/swap-horizontal-outline.svg","29acbbf2b40ddaf2210bacf61049aa682594f4fde35a8e8ec276c77c004b11e9","orgs/938847bd-ad89-4ee4-a8cc-4e62f513379a/apps/com.emberlink.pubqdemo/delta/a031ff1d12f8e4c196ef008453b2802daac3108deb271603aaa12f324e1faa45_svg/swap-horizontal-outline.svg","262","NOT_FOUND"
"svg/swap-horizontal-sharp.svg","424597fd9fa246f497e80c67a7cd6b8d5044bf7abf0bfea18401512d54e03499","orgs/938847bd-ad89-4ee4-a8cc-4e62f513379a/apps/com.emberlink.pubqdemo/delta/c908286052857be8fe4a9df5df1d8cd5d66c64c3e3b2f46ad7295fbb420ed713_svg/swap-horizontal-sharp.svg","262","NOT_FOUND"
"svg/swap-horizontal.svg","29acbbf2b40ddaf2210bacf61049aa682594f4fde35a8e8ec276c77c004b11e9","orgs/938847bd-ad89-4ee4-a8cc-4e62f513379a/apps/com.emberlink.pubqdemo/delta/a031ff1d12f8e4c196ef008453b2802daac3108deb271603aaa12f324e1faa45_svg/swap-horizontal.svg","262","NOT_FOUND"
"svg/swap-vertical-outline.svg","f616c6c7318154abe9285116ede790b8584106a54e48719733cd038957b33439","orgs/938847bd-ad89-4ee4-a8cc-4e62f513379a/apps/com.emberlink.pubqdemo/delta/8d90d2422d5f432e75eb0a4d22e6a6f3854d874f71af7a786760adc2c636bd86_svg/swap-vertical-outline.svg","262","NOT_FOUND"
"svg/swap-vertical-sharp.svg","1eb4924b396fe370ba2558600b07438d873e840af42dd0aad2f0d19f08fe7fda","orgs/938847bd-ad89-4ee4-a8cc-4e62f513379a/apps/com.emberlink.pubqdemo/delta/77d6a14013a07b84dc57059a086e0a08cc02950c8d55bf73b92cfb97f7713552_svg/swap-vertical-sharp.svg","262","NOT_FOUND"
"svg/swap-vertical.svg","f616c6c7318154abe9285116ede790b8584106a54e48719733cd038957b33439","orgs/938847bd-ad89-4ee4-a8cc-4e62f513379a/apps/com.emberlink.pubqdemo/delta/8d90d2422d5f432e75eb0a4d22e6a6f3854d874f71af7a786760adc2c636bd86_svg/swap-vertical.svg","262","NOT_FOUND"
"svg/sync-circle-outline.svg","3e56c2d2f67a3e87198d5d08482e69dde5b6626f7dbbbe3a309ea9307bc199c3","orgs/938847bd-ad89-4ee4-a8cc-4e62f513379a/apps/com.emberlink.pubqdemo/delta/101126c2c90ae9009cdbda4411f35489e162142550af552f4a3cf72d7bae8d3d_svg/sync-circle-outline.svg","610","NOT_FOUND"
"svg/sync-circle-sharp.svg","55e13ab0f90121f23d7599068124beedd51277148fcde50bd86e1240b0db4e1e","orgs/938847bd-ad89-4ee4-a8cc-4e62f513379a/apps/com.emberlink.pubqdemo/delta/8a75234eac4bb8675c5303e8fa8227e3ea394b648f288b6c15372572e9984360_svg/sync-circle-sharp.svg","488","NOT_FOUND"
"svg/sync-circle.svg","3f06da5957b1c8baf3d52e0d84f60bafede9e35d56a0618feb419850ae361cae","orgs/938847bd-ad89-4ee4-a8cc-4e62f513379a/apps/com.emberlink.pubqdemo/delta/7fb4ec7d6845549eca9ff36e8ec0b72216fbb5edc3fa72037fb0b4061f2d74ae_svg/sync-circle.svg","556","NOT_FOUND"
"svg/sync-outline.svg","fb5e04ea353b7e40778d20f3a6f292c48dc876a9ef4580a539c6c47384e8ebb8","orgs/938847bd-ad89-4ee4-a8cc-4e62f513379a/apps/com.emberlink.pubqdemo/delta/6544134aaeed1a6565be253b21716eee58c7b45252d01d62530910f86d9a9caa_svg/sync-outline.svg","487","NOT_FOUND"
"svg/sync-sharp.svg","080633ca5bda25a610af8b0ef3e5edd45b1ef3be3187540a46f63c16751fe1c3","orgs/938847bd-ad89-4ee4-a8cc-4e62f513379a/apps/com.emberlink.pubqdemo/delta/851b15b6dd27749075e02df84ec09bca58a63885634bed9ee9c0bd1649c0fb24_svg/sync-sharp.svg","487","NOT_FOUND"
"svg/sync.svg","fb5e04ea353b7e40778d20f3a6f292c48dc876a9ef4580a539c6c47384e8ebb8","orgs/938847bd-ad89-4ee4-a8cc-4e62f513379a/apps/com.emberlink.pubqdemo/delta/6544134aaeed1a6565be253b21716eee58c7b45252d01d62530910f86d9a9caa_svg/sync.svg","487","NOT_FOUND"
"svg/tablet-landscape-outline.svg","e8a7e14c3d6638e4b4d2bcc66c803cd20db99f598e804d9c1a641335c762b7f2","orgs/938847bd-ad89-4ee4-a8cc-4e62f513379a/apps/com.emberlink.pubqdemo/delta/907dd882896b9a0c012efec61071d15c8c365aa91351d99b9b471f6baa3613dd_svg/tablet-landscape-outline.svg","272","NOT_FOUND"
"svg/tablet-landscape-sharp.svg","6d6813d5fdf73a321c95cee6e870d7159ef20c3cef0b54548ef453b3026606c9","orgs/938847bd-ad89-4ee4-a8cc-4e62f513379a/apps/com.emberlink.pubqdemo/delta/6716c60ebeea87ad37012f4b05d9bcf0fb556f811611b6b2dd222a88978373b3_svg/tablet-landscape-sharp.svg","206","NOT_FOUND"
"svg/tablet-landscape.svg","2ebefd7af9272984128c84c804ea1fd0fac6241b6555f6a00fceec7d611f053c","orgs/938847bd-ad89-4ee4-a8cc-4e62f513379a/apps/com.emberlink.pubqdemo/delta/391fbeaba1097be96c216d2afb0e5843a4d0caf5cf76fb5d05600a83a9802beb_svg/tablet-landscape.svg","617","NOT_FOUND"
"svg/tablet-portrait-outline.svg","eeaaa601f3bb7bd90b59994986782be432a085539e943cce716a947e2541eddb","orgs/938847bd-ad89-4ee4-a8cc-4e62f513379a/apps/com.emberlink.pubqdemo/delta/3769ae7d72119032fe57c25c2a146172aaaa92265af9c57384aea77920f19cf4_svg/tablet-portrait-outline.svg","240","NOT_FOUND"
"svg/tablet-portrait-sharp.svg","2cdacd737655ff2c0f39e246131f7095838a607b3fc99986d2abfc25afc395d0","orgs/938847bd-ad89-4ee4-a8cc-4e62f513379a/apps/com.emberlink.pubqdemo/delta/c635f5164d3cab01a07bac73292ae3d87e76ff2c04154450b4eefa57e0a42ac3_svg/tablet-portrait-sharp.svg","208","NOT_FOUND"
"svg/tablet-portrait.svg","f349931b0778c9238ece797787fd82414361d9d4c124b57cefb48bd5e05fdccb","orgs/938847bd-ad89-4ee4-a8cc-4e62f513379a/apps/com.emberlink.pubqdemo/delta/199965c83c7bb23e682c9d4c71a3f0cf91a6026e86b45ad5e80c75253d6ce3ec_svg/tablet-portrait.svg","616","NOT_FOUND"
"svg/telescope-outline.svg","fd2739712ff9613fd3e0bd02697f395ffbfa725aba14d5d5d3fb56215eaf2c26","orgs/938847bd-ad89-4ee4-a8cc-4e62f513379a/apps/com.emberlink.pubqdemo/delta/058176fe1e35a658a8c8d7336a59e351d1c69900d47450b3d1329efdc2a7041b_svg/telescope-outline.svg","815","NOT_FOUND"
"svg/telescope-sharp.svg","84b97f5d0dd083b3538bf125f10c38ec7d1728627dfcf314e80688db4315b217","orgs/938847bd-ad89-4ee4-a8cc-4e62f513379a/apps/com.emberlink.pubqdemo/delta/df6b1c1424d244c1611da8517654b072bec3e7f2050541a39ded5ec837e08134_svg/telescope-sharp.svg","386","NOT_FOUND"
"svg/telescope.svg","e6cc4d1af8c7f9a8e14259092e4d79264ac431dd8687d712d5f7a1adbfde9529","orgs/938847bd-ad89-4ee4-a8cc-4e62f513379a/apps/com.emberlink.pubqdemo/delta/ac0a65af9963bbf88749a753b259088df453e870c611f6440b6a42d88e7b525d_svg/telescope.svg","1001","NOT_FOUND"
"svg/tennisball-outline.svg","0c67c666318bdcba4ac88d9c01d22b1b83615ee139f7f0780ef686f55ea2ab80","orgs/938847bd-ad89-4ee4-a8cc-4e62f513379a/apps/com.emberlink.pubqdemo/delta/62ace4e4ff34bcdf39d865f4c147e8e1578db8d143968c8eb3152db94c292ba2_svg/tennisball-outline.svg","483","NOT_FOUND"
"svg/tennisball-sharp.svg","9f3b4af1269c0d96b2b9c37f53f15e67d733e13a07df35b278360f1732fbd42a","orgs/938847bd-ad89-4ee4-a8cc-4e62f513379a/apps/com.emberlink.pubqdemo/delta/6e888a1bcfec08175b77b770143d584f779a94866df2a3011261e3d3c4a2f40f_svg/tennisball-sharp.svg","730","NOT_FOUND"
"svg/tennisball.svg","7ba6bf81f9aa80b15653ad3c7d5719fb5de668852256becf760486f7edac420c","orgs/938847bd-ad89-4ee4-a8cc-4e62f513379a/apps/com.emberlink.pubqdemo/delta/650a18604cf8a82b878e40e2c91689e4ae3f8d7240aa3a1f429076242685237d_svg/tennisball.svg","654","NOT_FOUND"
"svg/terminal-outline.svg","fcdc78490aef46b1b357637db694f6b81cc59777984e703b454d67c5385f3bfc","orgs/938847bd-ad89-4ee4-a8cc-4e62f513379a/apps/com.emberlink.pubqdemo/delta/dcf3a7abb6343aa6185a30a6b62fcbfc707f3439111165669d311183129b3ddc_svg/terminal-outline.svg","353","NOT_FOUND"
"svg/terminal-sharp.svg","f7b059d9cce5746c240aaac357855c6682d5f2f7c4bd84dd7e00b3b5d7d11643","orgs/938847bd-ad89-4ee4-a8cc-4e62f513379a/apps/com.emberlink.pubqdemo/delta/1d83815a10c257dd3fc562a846335b8d86d198fd620dd0d10b78db1ad0716a50_svg/terminal-sharp.svg","272","NOT_FOUND"
"svg/terminal.svg","1ec993865959051b7173a86f11c63d84c958fdcc308baa0be60b3029b0735dd0","orgs/938847bd-ad89-4ee4-a8cc-4e62f513379a/apps/com.emberlink.pubqdemo/delta/eb4f4b65315b614b65b8798b043826ceb0425fa98385230275e85e7883ca258b_svg/terminal.svg","376","NOT_FOUND"
"svg/text-outline.svg","ac9441ffff93d1a08261fe8787ed3a586c43449f8fc3edf5ff55b97baf045aba","orgs/938847bd-ad89-4ee4-a8cc-4e62f513379a/apps/com.emberlink.pubqdemo/delta/ac809fba61b3ddbb21e2e73df8a43e8a363ba20333b5d573046c029ffda001a6_svg/text-outline.svg","484","NOT_FOUND"
"svg/text-sharp.svg","993017a8115e5ec580ebdcdd2ee6af9c9a962838ee44fdcd3cebffe04083b569","orgs/938847bd-ad89-4ee4-a8cc-4e62f513379a/apps/com.emberlink.pubqdemo/delta/b08dc7e23cc643ae5175459fbada53f3296d0e0242e2ad648f490cfc03c491a3_svg/text-sharp.svg","701","NOT_FOUND"
"svg/text.svg","bd8880a00c112381ceb04e8ed8420f9d5c5dee201bef869b93f4c7a5aa2747d0","orgs/938847bd-ad89-4ee4-a8cc-4e62f513379a/apps/com.emberlink.pubqdemo/delta/af8e49cf056d9626f7a541d714aa1caf6a57f4403ea47296adf5f06724af2cfe_svg/text.svg","907","NOT_FOUND"
"svg/thermometer-outline.svg","026ff804f5b24eb355ff5886829e58b1a5e416482db35123a14721cc46f3a8ce","orgs/938847bd-ad89-4ee4-a8cc-4e62f513379a/apps/com.emberlink.pubqdemo/delta/47821e3ed7cef03ef346d577a7bf294e18c3eeb620db47aafc21cb21e99d06aa_svg/thermometer-outline.svg","418","NOT_FOUND"
"svg/thermometer-sharp.svg","9e178a0bca267c96cf2538b1c213e818fb6a5613673ba967fbe166beaff368be","orgs/938847bd-ad89-4ee4-a8cc-4e62f513379a/apps/com.emberlink.pubqdemo/delta/6ad32199dbc3a8be11f5f85526bb359347e34ad1513973b5b785a7e46bcc77ab_svg/thermometer-sharp.svg","274","NOT_FOUND"
"svg/thermometer.svg","11713537a236dc8602eb0812adc6a24ca04ffe88a746a433d82cfd50b3288d53","orgs/938847bd-ad89-4ee4-a8cc-4e62f513379a/apps/com.emberlink.pubqdemo/delta/982d467d627b786e85b359a70f49a9d8a0c44f8bbf790b8acc4a006e1128a7ee_svg/thermometer.svg","455","NOT_FOUND"
"svg/thumbs-down-outline.svg","eeedd0e0373c5a84d711ee4953f70e78ca787e5d2a3f2f3a7160f70a24e61ad8","orgs/938847bd-ad89-4ee4-a8cc-4e62f513379a/apps/com.emberlink.pubqdemo/delta/1023062587e5b67f05d5a857d93b64ae1a5993c7336262c4dd9aacc564776a66_svg/thumbs-down-outline.svg","927","NOT_FOUND"
"svg/thumbs-down-sharp.svg","ecb8590ac911c6d6bf4298cc754dfa4cad5518d6bbae51b3d3b603ec058e7f50","orgs/938847bd-ad89-4ee4-a8cc-4e62f513379a/apps/com.emberlink.pubqdemo/delta/ae6b53be68d84f9ea73634e316c59764970a97e3ce872f67351968e4e4b50de2_svg/thumbs-down-sharp.svg","640","NOT_FOUND"
"svg/thumbs-down.svg","addbc000429eeb442568e6595731b3f1f5a98f3b940a1b876d12880c0c4b5522","orgs/938847bd-ad89-4ee4-a8cc-4e62f513379a/apps/com.emberlink.pubqdemo/delta/0cbcc05c757e1c6fc798ece9ccee0e34c841931fbedb0c7b8a8cdf67cc031e96_svg/thumbs-down.svg","1771","NOT_FOUND"
"svg/thumbs-up-outline.svg","2b283618834eced8ee6274b4775aa39dcb703d31c141e10a8ee2504c12548e03","orgs/938847bd-ad89-4ee4-a8cc-4e62f513379a/apps/com.emberlink.pubqdemo/delta/4a7fb834f1df90fa6aa33e391de2606b92adb229fa1f26ee0dc64dcbefc3c58f_svg/thumbs-up-outline.svg","936","NOT_FOUND"
"svg/thumbs-up-sharp.svg","0ddf4d539fac376d6a762ced207939693f4758c92e925b7755a27038135283a0","orgs/938847bd-ad89-4ee4-a8cc-4e62f513379a/apps/com.emberlink.pubqdemo/delta/eaf5c0fb7b9c18950654bfb8f4972038e778dd4c35f2d5015ef0df4c4626c3f1_svg/thumbs-up-sharp.svg","350","NOT_FOUND"
"svg/thumbs-up.svg","2f666a260ddcc56813cf658f107bb026ea1a0a4232b3757bfc02362d059bd681","orgs/938847bd-ad89-4ee4-a8cc-4e62f513379a/apps/com.emberlink.pubqdemo/delta/35850b0b20fb3f6636e710009f9ad3d4fc4a93de735f06da6426999ada0dec55_svg/thumbs-up.svg","1806","NOT_FOUND"
"svg/thunderstorm-outline.svg","bc3249b78644e29127b29cbe9b6cf1e5028d8f31ceee6c04b6285a0f040d0647","orgs/938847bd-ad89-4ee4-a8cc-4e62f513379a/apps/com.emberlink.pubqdemo/delta/2225a60de320c1d5cb58767f1453d1085dc5987c9f0f19171bcfa5d3834596d5_svg/thunderstorm-outline.svg","502","NOT_FOUND"
"svg/thunderstorm-sharp.svg","66cc485ca308b9dbf7fbc65d441779853a5fe6a3e505969faa0ea6d5949929dd","orgs/938847bd-ad89-4ee4-a8cc-4e62f513379a/apps/com.emberlink.pubqdemo/delta/eda4603a210a8c1d047ab12f884d5b268b070b048196fb22f2b5e90bbe30d06f_svg/thunderstorm-sharp.svg","538","NOT_FOUND"
"svg/thunderstorm.svg","8fe057d476bafdd305ee2f3de95f76c8c745b43e8add90172b54b1e9e6b1ce0f","orgs/938847bd-ad89-4ee4-a8cc-4e62f513379a/apps/com.emberlink.pubqdemo/delta/87059be2a94c0bfda117b506c9a54e6ecc045ba41df8bd531c5777f823444983_svg/thunderstorm.svg","729","NOT_FOUND"
"svg/ticket-outline.svg","79832c5a81b7196134ef2e90e7003d0ff75cef1ed0e266b550ce79a54b8d8fe5","orgs/938847bd-ad89-4ee4-a8cc-4e62f513379a/apps/com.emberlink.pubqdemo/delta/5e70f75f763c55f8e28ab0f7de3ea2c5a867922de207a102fe203b8ea55efa91_svg/ticket-outline.svg","913","NOT_FOUND"
"svg/ticket-sharp.svg","261a86dcf18eac1c5f29195a71c1d53b689dd42e20b864e729a3ad2754ec2368","orgs/938847bd-ad89-4ee4-a8cc-4e62f513379a/apps/com.emberlink.pubqdemo/delta/eddf5dacb08938ddc378d939574fd3504d02cef9922a9e8163a83daeea0cc1ae_svg/ticket-sharp.svg","481","NOT_FOUND"
"svg/ticket.svg","f184cdf61564e4a8e131f144c64a54901c27509155671684509e8606b2400eb5","orgs/938847bd-ad89-4ee4-a8cc-4e62f513379a/apps/com.emberlink.pubqdemo/delta/5c47521eb084c90673946aa237e3412a9622563d500717830b6c78a06bb299ed_svg/ticket.svg","1002","NOT_FOUND"
"svg/time-outline.svg","b6faa631605c5422facb391f32f24de50a09abd8c6cf55d4643f5a3a3da279a9","orgs/938847bd-ad89-4ee4-a8cc-4e62f513379a/apps/com.emberlink.pubqdemo/delta/caec3a80fe50408c198cc5d2b59b7fa2f6b23d22d5c4c02a60f6f097c7ebe8a7_svg/time-outline.svg","360","NOT_FOUND"
"svg/time-sharp.svg","2e5fc61b2634cd843f843509a37a349cb1321de88cf68e7820df062658452008","orgs/938847bd-ad89-4ee4-a8cc-4e62f513379a/apps/com.emberlink.pubqdemo/delta/92f18f4a01923ef56b3fea5ec13fb9972c3f9d9bf4c0246ccb6dcb3b5f3eed2e_svg/time-sharp.svg","310","NOT_FOUND"
"svg/time.svg","b444fe5e13a1fd48f174bad9d0e88902a58d46f5776de67700773a536e94fe3d","orgs/938847bd-ad89-4ee4-a8cc-4e62f513379a/apps/com.emberlink.pubqdemo/delta/2c4ff6f7ab51f5b14b51080d7ecc6b422e4109c04b02c405a9da95c13ffa4895_svg/time.svg","257","NOT_FOUND"
"svg/timer-outline.svg","3ac580902a1d3310bba75b791515d36be7f4b7fcedc152a84b99f810910a4c9c","orgs/938847bd-ad89-4ee4-a8cc-4e62f513379a/apps/com.emberlink.pubqdemo/delta/8cec8eb1494238661385cdd4722ed823e848ef0b9cf324ccb517191c07e1ae8f_svg/timer-outline.svg","470","NOT_FOUND"
"svg/timer-sharp.svg","48898d0cfeebb08a6efca4cc56273a4eaa2d52fc141cab11a0f573a497c634cb","orgs/938847bd-ad89-4ee4-a8cc-4e62f513379a/apps/com.emberlink.pubqdemo/delta/ee251f824a07169143be207078e66c8d2119baf99fd4fd160f07db4b325f7a93_svg/timer-sharp.svg","460","NOT_FOUND"
"svg/timer.svg","7209e092bad568de91f5af4cd16e26dc626c2d926e0432622358ed8b8e6249ed","orgs/938847bd-ad89-4ee4-a8cc-4e62f513379a/apps/com.emberlink.pubqdemo/delta/525bd1f62b6b976c0c21d28ed4080a8a6f37b0542466ad4251f457b13d6daf76_svg/timer.svg","602","NOT_FOUND"
"svg/today-outline.svg","5bb2b07fefcee725f65669c2e02096bf4ce6883419da724100c9fa096dc6b736","orgs/938847bd-ad89-4ee4-a8cc-4e62f513379a/apps/com.emberlink.pubqdemo/delta/0518292ec4cda6b6a515ef95515f297d2c17bc6725b061abe78630270af860f2_svg/today-outline.svg","600","NOT_FOUND"
"svg/today-sharp.svg","2485262e5cfa8f1115d94cbf6fdd58b5dc26b336ea3712a4866f14ad423cba09","orgs/938847bd-ad89-4ee4-a8cc-4e62f513379a/apps/com.emberlink.pubqdemo/delta/098d206340e3db0946a1eb7d38aee04633779ea5323e5d80a70880f95f535743_svg/today-sharp.svg","393","NOT_FOUND"
"svg/today.svg","bebf13bef955c8fe13d0d40f2780255137ebae0545b92ea1010d896c12ae618a","orgs/938847bd-ad89-4ee4-a8cc-4e62f513379a/apps/com.emberlink.pubqdemo/delta/aed030fa85581161eaf2cf094165ab59d2ecd4cee6e821c93d65dd1c279ecfba_svg/today.svg","533","NOT_FOUND"
"svg/toggle-outline.svg","c8314e9889737744afc07e4f8e0ae0f4959e0f65d403193862def43cbae43a95","orgs/938847bd-ad89-4ee4-a8cc-4e62f513379a/apps/com.emberlink.pubqdemo/delta/dea74952058789b41d8077ca8d9d13c15071c60f751b1f45b6e1e7bb714377cc_svg/toggle-outline.svg","326","NOT_FOUND"
"svg/toggle-sharp.svg","7995bcf94a8fcbc7b2d15731c847dbabdaad991bb88d89fae81d1bb15a283dc9","orgs/938847bd-ad89-4ee4-a8cc-4e62f513379a/apps/com.emberlink.pubqdemo/delta/5138a248882cbffe06f3e7266f650831243e49cd68f010fd9321c2d1f398049d_svg/toggle-sharp.svg","200","NOT_FOUND"
"svg/toggle.svg","bc9969c5513164aebfbb5619845be115a7deecd97fb2a9fb2ffa0561b046f36e","orgs/938847bd-ad89-4ee4-a8cc-4e62f513379a/apps/com.emberlink.pubqdemo/delta/936d9347da4cf60e4606d2e8e83090806d5f943ce3be83e632dc70ea413d46fe_svg/toggle.svg","250","NOT_FOUND"
"svg/trail-sign-outline.svg","c02c53897f26b66077b154033b0eb15a0255092d22aa79333bfa9b5d5ea259ae","orgs/938847bd-ad89-4ee4-a8cc-4e62f513379a/apps/com.emberlink.pubqdemo/delta/f07c92641ccf3f313ab51ec5900487319e855bcf85f72cdb2c2092d48bd883d7_svg/trail-sign-outline.svg","467","NOT_FOUND"
"svg/trail-sign-sharp.svg","0999986672314f88e96a21951a24bec72fc43fb78cd5180067511aa238dd88a8","orgs/938847bd-ad89-4ee4-a8cc-4e62f513379a/apps/com.emberlink.pubqdemo/delta/36ebe0a66fff2fa562fb8e2f320dbf1384af0c3cd59d037d7141833d2354adf9_svg/trail-sign-sharp.svg","197","NOT_FOUND"
"svg/trail-sign.svg","e4498a0bcf3690ea713bbbb0f4b105887de4c25c950ecdd2f854df6070be2cf9","orgs/938847bd-ad89-4ee4-a8cc-4e62f513379a/apps/com.emberlink.pubqdemo/delta/48d01f0adc1766fdcffd2248459dfb4f3baa9e8429b7957a69f8c568202bd879_svg/trail-sign.svg","471","NOT_FOUND"
"svg/train-outline.svg","8ce14bb74ba970386b2b1af430849b590f13a5b901a337df15b8b929e9bfcddf","orgs/938847bd-ad89-4ee4-a8cc-4e62f513379a/apps/com.emberlink.pubqdemo/delta/ded568aa13474cba5e0887d6f6568cf13cfbe16adf3e22663f34dd7b9f44d953_svg/train-outline.svg","509","NOT_FOUND"
"svg/train-sharp.svg","a363b306f127a6eb1b29970bcd76f25cc0e58e3aff727fbe707887473ffd0a13","orgs/938847bd-ad89-4ee4-a8cc-4e62f513379a/apps/com.emberlink.pubqdemo/delta/64e71c467b080bb2c14ef82995bd734da076bab82f50945a976aab95f8f73e15_svg/train-sharp.svg","456","NOT_FOUND"
"svg/train.svg","6d1b23f1ea69502f0ddd67df1dd9188a26be4471b092e82930d46dab3bb5a75f","orgs/938847bd-ad89-4ee4-a8cc-4e62f513379a/apps/com.emberlink.pubqdemo/delta/28a95d04a6e88a8328df01f7287d377256e9dc005b8b5bc5a0338cf27fd3bc64_svg/train.svg","859","NOT_FOUND"
"svg/transgender-outline.svg","c181e93cee5c0c27b9ed80ec8ba305c9709adea8b80787830cab4de21a911608","orgs/938847bd-ad89-4ee4-a8cc-4e62f513379a/apps/com.emberlink.pubqdemo/delta/c542b6c6321d2d27b8063077e32a82095101036647452354b4d0fccedc44e0fc_svg/transgender-outline.svg","442","NOT_FOUND"
"svg/transgender-sharp.svg","c6861a64a616483f8cf537f97263b0d23f913f56d258b426222286197c22f412","orgs/938847bd-ad89-4ee4-a8cc-4e62f513379a/apps/com.emberlink.pubqdemo/delta/14f85496663c07ba6663d307ab48384b5c41ce6ea4c5f4c8707986b53520f4b6_svg/transgender-sharp.svg","581","NOT_FOUND"
"svg/transgender.svg","aa94c1b4df0aab1a7aad33db20f08ffc0a7fcb37738e3abb3bfd225c96288926","orgs/938847bd-ad89-4ee4-a8cc-4e62f513379a/apps/com.emberlink.pubqdemo/delta/64dc71b04aec0875794ddbe9e9073c7ca107c0dc228120259df1a79603c19c12_svg/transgender.svg","766","NOT_FOUND"
"svg/trash-bin-outline.svg","ed4cc5017bf78763ff6843ac6c588df796021f0596ebfc465c0fe89c08ffb60c","orgs/938847bd-ad89-4ee4-a8cc-4e62f513379a/apps/com.emberlink.pubqdemo/delta/efb33af261a7075194956659d7c1ab34f74e69d76e6982c41ab17114cdf7b6d5_svg/trash-bin-outline.svg","565","NOT_FOUND"
"svg/trash-bin-sharp.svg","3fc1d2004f172085407f00fc57b823bcf905fc056fde697e36daef109dd9d8d4","orgs/938847bd-ad89-4ee4-a8cc-4e62f513379a/apps/com.emberlink.pubqdemo/delta/29f7e4e093e366584d401a2926e32bdea141e4469ca439613cb4cde23aa5a735_svg/trash-bin-sharp.svg","610","NOT_FOUND"
"svg/trash-bin.svg","965a4528360a974fa62da921fa6fa9613923d1c640e3cd620a88f7025ac28c48","orgs/938847bd-ad89-4ee4-a8cc-4e62f513379a/apps/com.emberlink.pubqdemo/delta/00d313637bc4661092678d76994be5e5bfe7b61cd2a568f26fa5021161d45494_svg/trash-bin.svg","500","NOT_FOUND"
"svg/trash-outline.svg","118afc686b21eddeedb62e306ff283bb67a949935fa3e6f6482847b965e06e04","orgs/938847bd-ad89-4ee4-a8cc-4e62f513379a/apps/com.emberlink.pubqdemo/delta/62c35ae7ce0b795302b255ffa2d97deb235e714b779ecfcf23f9000b14636f9a_svg/trash-outline.svg","580","NOT_FOUND"
"svg/trash-sharp.svg","52214f0154919d025d887b18ad9834c1a8a778dd275eb4d4ff5166c20934fe22","orgs/938847bd-ad89-4ee4-a8cc-4e62f513379a/apps/com.emberlink.pubqdemo/delta/6799dcc0446c77c896d11e4b93aa901230fae467d28f9d674048857a4f75eb66_svg/trash-sharp.svg","535","NOT_FOUND"
"svg/trash.svg","6919cadd2396378717e7aad32d6a178f164105c5999c804fe54ec4b6305be8be","orgs/938847bd-ad89-4ee4-a8cc-4e62f513379a/apps/com.emberlink.pubqdemo/delta/fed1a2e048e3e656aea0feaec643bbd6cacdfb8a665594448d1cd86d811662e3_svg/trash.svg","651","NOT_FOUND"
"svg/trending-down-outline.svg","89aaac924aece68553a191d5251d87e3d88f7b97ff7dc4f28a6b995d3acd6f0f","orgs/938847bd-ad89-4ee4-a8cc-4e62f513379a/apps/com.emberlink.pubqdemo/delta/797b4f47aa172db7f7c455ea86327d899fee490164fb736115efadc619b91853_svg/trending-down-outline.svg","393","NOT_FOUND"
"svg/trending-down-sharp.svg","62ccc3074112fa68488ea9ef718294e5b90eb7246222989a0a1ae24b42b357c5","orgs/938847bd-ad89-4ee4-a8cc-4e62f513379a/apps/com.emberlink.pubqdemo/delta/7871973c266089efc40d099df7a3cef6b314513004e4f2df7d1a37a3878c2bf8_svg/trending-down-sharp.svg","341","NOT_FOUND"
"svg/trending-down.svg","89aaac924aece68553a191d5251d87e3d88f7b97ff7dc4f28a6b995d3acd6f0f","orgs/938847bd-ad89-4ee4-a8cc-4e62f513379a/apps/com.emberlink.pubqdemo/delta/797b4f47aa172db7f7c455ea86327d899fee490164fb736115efadc619b91853_svg/trending-down.svg","393","NOT_FOUND"
"svg/trending-up-outline.svg","06ca2e1158c619af58bbb6aa8496e5dd4cd56860fee73aaea8026b40b4dc3ebe","orgs/938847bd-ad89-4ee4-a8cc-4e62f513379a/apps/com.emberlink.pubqdemo/delta/3d5cd35327f8c4dfd7e96978244097e083fc56b7fae60b9e4fcfb805d36e7e41_svg/trending-up-outline.svg","393","NOT_FOUND"
"svg/trending-up-sharp.svg","340ca4ca38288222439e754aacbf04bbc8bbc9fed0b67dc4f13ff53af5cfff35","orgs/938847bd-ad89-4ee4-a8cc-4e62f513379a/apps/com.emberlink.pubqdemo/delta/e0268062aa52ca8948286c193bc0f09970d130ad21cf9419665850cd607b47e6_svg/trending-up-sharp.svg","341","NOT_FOUND"
"svg/trending-up.svg","06ca2e1158c619af58bbb6aa8496e5dd4cd56860fee73aaea8026b40b4dc3ebe","orgs/938847bd-ad89-4ee4-a8cc-4e62f513379a/apps/com.emberlink.pubqdemo/delta/3d5cd35327f8c4dfd7e96978244097e083fc56b7fae60b9e4fcfb805d36e7e41_svg/trending-up.svg","393","NOT_FOUND"
"svg/triangle-outline.svg","1516d4593425ccf8681287e648093d5e587c523089dc4912bd72a12b4e4679f3","orgs/938847bd-ad89-4ee4-a8cc-4e62f513379a/apps/com.emberlink.pubqdemo/delta/3ba2b5ac491f1c805f4cc49387cc62b484898a6e80b406237308e66d4363a6ed_svg/triangle-outline.svg","213","NOT_FOUND"
"svg/triangle-sharp.svg","bb9eed3d5db2310d51778c10ca7b673f14559e42c425ebee9f20d98c32edcdec","orgs/938847bd-ad89-4ee4-a8cc-4e62f513379a/apps/com.emberlink.pubqdemo/delta/316a5432033a70e4a8dbe8dc53bba0214ebc066947cecc5b25c5395f4af3966f_svg/triangle-sharp.svg","115","NOT_FOUND"
"svg/triangle.svg","8e9b529e14b0826d461d2a39f8ef6f77d2f77d69b865f53113cd11fbdf1342de","orgs/938847bd-ad89-4ee4-a8cc-4e62f513379a/apps/com.emberlink.pubqdemo/delta/59c66ca444d6a1e36a759b504a824ebeae03f46c192332903649c897d3cf277e_svg/triangle.svg","187","NOT_FOUND"
"svg/trophy-outline.svg","1f59ad0adea1264888ce8e040e7b1f1b7616a1c53aa02223a90243fe799c285c","orgs/938847bd-ad89-4ee4-a8cc-4e62f513379a/apps/com.emberlink.pubqdemo/delta/720d48602a4eabe16010ff769214d6714a97446cecf61312ac785544aa438a22_svg/trophy-outline.svg","553","NOT_FOUND"
"svg/trophy-sharp.svg","5ce7391fbf45659ca0eba530f568e9b6ce2d193a402cd7f66f1dbae9dc6c067d","orgs/938847bd-ad89-4ee4-a8cc-4e62f513379a/apps/com.emberlink.pubqdemo/delta/9b5aff8ef99e14ba5f82bf9c3b77b698ae7ea305405658d6e5b95e6c38c07ff8_svg/trophy-sharp.svg","601","NOT_FOUND"
"svg/trophy.svg","6860a3774c31e33bcb5cf83d2f19229d8023b302bb20dd9daed898ac06e28286","orgs/938847bd-ad89-4ee4-a8cc-4e62f513379a/apps/com.emberlink.pubqdemo/delta/0110eaca2e6853052eae5331c31bc44cba15b73e6bc199068be38fefe47f3d31_svg/trophy.svg","1006","NOT_FOUND"
"svg/tv-outline.svg","dfb61b0a018a0993c6fee69f7350a9f5019af95cb2c8f83109026e4ff33bda74","orgs/938847bd-ad89-4ee4-a8cc-4e62f513379a/apps/com.emberlink.pubqdemo/delta/365b13b323185b7b24c3584ad81d3cbb5929d473a0e01561994e522af6427f9c_svg/tv-outline.svg","322","NOT_FOUND"
"svg/tv-sharp.svg","ace9b67ac6b484de6e03838bba060f608b8948534799e5133f3f0ae2c40086ad","orgs/938847bd-ad89-4ee4-a8cc-4e62f513379a/apps/com.emberlink.pubqdemo/delta/3002f79eda6a9c6c531351240defb280d5b26ffedc72a03f3dd305c2cabf2708_svg/tv-sharp.svg","235","NOT_FOUND"
"svg/tv.svg","8a3c2ccbbac8ea81d41cebf9d6367e48172fc986e1ea6855ae33a7a8ff3577c1","orgs/938847bd-ad89-4ee4-a8cc-4e62f513379a/apps/com.emberlink.pubqdemo/delta/af3e122d3953756341203047ccfe5e7ba404b4400067aa2c8eff7418bbd099df_svg/tv.svg","338","NOT_FOUND"
"svg/umbrella-outline.svg","fa403e4d84589a8b69e7e491004eb3c5b369cf21e0eaa54d4a685d2027def97f","orgs/938847bd-ad89-4ee4-a8cc-4e62f513379a/apps/com.emberlink.pubqdemo/delta/a855ad3e4ef6fe1b9a71b2f9e2072525a2cc69dcee2b87af653229f6fb119bf3_svg/umbrella-outline.svg","428","NOT_FOUND"
"svg/umbrella-sharp.svg","e85cc55f0bbfc1983e70e4c7922d0f2babb35a789f0c70d7e432653be633c692","orgs/938847bd-ad89-4ee4-a8cc-4e62f513379a/apps/com.emberlink.pubqdemo/delta/e829c79c62aad918021dbaf9f8fde600958738acce93654c7a71113d48b6a736_svg/umbrella-sharp.svg","691","NOT_FOUND"
"svg/umbrella.svg","0a7fa613e4fb32c1b36e6596f343b4409de48bce0cd8e12860e9943c67d8e843","orgs/938847bd-ad89-4ee4-a8cc-4e62f513379a/apps/com.emberlink.pubqdemo/delta/d7efc8a3ad271f74aaf8a6ca459c20e7e8bfd28fbc4c638cf0d734bce2a1f21c_svg/umbrella.svg","757","NOT_FOUND"
"svg/unlink-outline.svg","c6e666bb116879d03476757075f508c9041f642c24bba5a0cb1eb4de00038f7f","orgs/938847bd-ad89-4ee4-a8cc-4e62f513379a/apps/com.emberlink.pubqdemo/delta/dd0996db46f82d689d69179f6732b91338bb4db868fcf04b20e7da87a9aa2c91_svg/unlink-outline.svg","253","NOT_FOUND"
"svg/unlink-sharp.svg","0bb855caa2af44b9792718ed51aa42a91b7d2c8f66db895b8044615c4786d9c5","orgs/938847bd-ad89-4ee4-a8cc-4e62f513379a/apps/com.emberlink.pubqdemo/delta/0d49257e1ff1e587a84f9a07499cf5f6c0113ded5fcff6a39fa59a2fa6b73696_svg/unlink-sharp.svg","267","NOT_FOUND"
"svg/unlink.svg","368556324045a11f76d943211f2809d6868678dda4eaba612b205a02a8e66b8f","orgs/938847bd-ad89-4ee4-a8cc-4e62f513379a/apps/com.emberlink.pubqdemo/delta/1800d9a6fd66f18ac8050d9c36e9061494e080a5fafc5c96f70968be4b1a8047_svg/unlink.svg","266","NOT_FOUND"
"svg/videocam-off-outline.svg","32c3f19a8ea57650e16eb9b1e7283a9ad9250b2526f27aaf35096a07b55ba7eb","orgs/938847bd-ad89-4ee4-a8cc-4e62f513379a/apps/com.emberlink.pubqdemo/delta/e94c783670576275a9a4ee46fa8b0b1be5666aeb34a278eaf2f30d3f2d9aa5b1_svg/videocam-off-outline.svg","588","NOT_FOUND"
"svg/videocam-off-sharp.svg","74617912a008753258bbffb2b04057661b7759762ae6dbd111540ca676605bdc","orgs/938847bd-ad89-4ee4-a8cc-4e62f513379a/apps/com.emberlink.pubqdemo/delta/9286967f563fb7883064293343b7dd99324f7e187d268359c3da7fa58bb48f29_svg/videocam-off-sharp.svg","301","NOT_FOUND"
"svg/videocam-off.svg","9b1c9240a9872d4a17dd12de262f1ccb140636c1efa5233d218f2919047f68ce","orgs/938847bd-ad89-4ee4-a8cc-4e62f513379a/apps/com.emberlink.pubqdemo/delta/c1a2ba03ff9d5c4da17f56f26cc0d14e628d786e6dbce8a5adbe2e4902481c37_svg/videocam-off.svg","650","NOT_FOUND"
"svg/videocam-outline.svg","ce2188a90691c533736d1d092941db7f8da690a0c508711a2361acb17e5ba45e","orgs/938847bd-ad89-4ee4-a8cc-4e62f513379a/apps/com.emberlink.pubqdemo/delta/d078d4ad5c3bbe20cf981380682fabb14e0bbe1430833124dbaf53a45d0791ed_svg/videocam-outline.svg","539","NOT_FOUND"
"svg/videocam-sharp.svg","17620c85d6390b021df9fb2df2fd191d834f4a15e68b437d8836346ee521c957","orgs/938847bd-ad89-4ee4-a8cc-4e62f513379a/apps/com.emberlink.pubqdemo/delta/0c6875719aad6c192fcba449028596e8bc68a132423024c81e7f6fac3663e893_svg/videocam-sharp.svg","207","NOT_FOUND"
"svg/videocam.svg","36687d38ecf34f6534b3367c1ee419976abc179c1c4837e13a96c7592d209909","orgs/938847bd-ad89-4ee4-a8cc-4e62f513379a/apps/com.emberlink.pubqdemo/delta/cb41bda0ad9441ed3078207ab6b1e21d02a7924fd6b8e90c6c339239ded5dcba_svg/videocam.svg","428","NOT_FOUND"
"svg/volume-high-outline.svg","e44bb8344629c8231d7a92eb4300624e5406e2d381720aa8fd87db738ce43682","orgs/938847bd-ad89-4ee4-a8cc-4e62f513379a/apps/com.emberlink.pubqdemo/delta/b04be919aca7b55f516734ad15951160801fe9d3285bef97211ee2c645a2e14a_svg/volume-high-outline.svg","510","NOT_FOUND"
"svg/volume-high-sharp.svg","1dbc1bb2d09c6e96eab8ab650c419d0af2ec42958e9a271b70267018df8b78cf","orgs/938847bd-ad89-4ee4-a8cc-4e62f513379a/apps/com.emberlink.pubqdemo/delta/98595e849cf230150cf3b49ddf5046d7c9dd2a0ba6395a26124b5c1d603d4a54_svg/volume-high-sharp.svg","396","NOT_FOUND"
"svg/volume-high.svg","2b66bc6481231d1cdd55a8c083661664ef138ad4a62531e28d9f1c9fd7cee6b7","orgs/938847bd-ad89-4ee4-a8cc-4e62f513379a/apps/com.emberlink.pubqdemo/delta/075138675e74eb26786eac7a9ce3be8f909ee145a7c4afcbc4b5dc2f4ff2b862_svg/volume-high.svg","909","NOT_FOUND"
"svg/volume-low-outline.svg","64185d1c6b5b6444671a7521c81613645e263fce5a058409056f61369b650f56","orgs/938847bd-ad89-4ee4-a8cc-4e62f513379a/apps/com.emberlink.pubqdemo/delta/3f34c165331f5537d798c6442327be2db3db11cd8d408f0c8fa627cda5754676_svg/volume-low-outline.svg","412","NOT_FOUND"
"svg/volume-low-sharp.svg","a4406bcdc7bb5276ac86fae94730d515b739992df5824c9f9ba5fa5a8c26edc2","orgs/938847bd-ad89-4ee4-a8cc-4e62f513379a/apps/com.emberlink.pubqdemo/delta/5996bda39ca3b1abdae02f0f29db5a2308e951fbd5aabcce9ba8e45aa0e6b365_svg/volume-low-sharp.svg","324","NOT_FOUND"
"svg/volume-low.svg","38ebf61acd46a882f7a29e2e56e6332c0365c7ea653c3e7e3fb024ec79397087","orgs/938847bd-ad89-4ee4-a8cc-4e62f513379a/apps/com.emberlink.pubqdemo/delta/3b8f5155e8b5343146b7674349e27527b3b6a09eca0d5ad6252ef5303c13aaa0_svg/volume-low.svg","464","NOT_FOUND"
"svg/volume-medium-outline.svg","aab20c76ca361ff234a3dc2e2c68ad745104b4139e3bf37e6abe4b76752fa9c5","orgs/938847bd-ad89-4ee4-a8cc-4e62f513379a/apps/com.emberlink.pubqdemo/delta/865d75cf78cbf6f6102f6c33aba4ddaa0c12b5436532347c96b9a018cf62fe9a_svg/volume-medium-outline.svg","457","NOT_FOUND"
"svg/volume-medium-sharp.svg","528d6960a513a4bdd997d83a953d07da4025f32716f58b9cafb30b53447dfe34","orgs/938847bd-ad89-4ee4-a8cc-4e62f513379a/apps/com.emberlink.pubqdemo/delta/cf3e85d2eb9b6fa08cbd018cd93680dca3e9869ae48edf16c459f494593f0c6a_svg/volume-medium-sharp.svg","344","NOT_FOUND"
"svg/volume-medium.svg","79b37ec330e64b19f495eb3bf0ee79c4be60d592d613ad071a0f141607a93d95","orgs/938847bd-ad89-4ee4-a8cc-4e62f513379a/apps/com.emberlink.pubqdemo/delta/8da4eb7d200095bc5148fb1d864e6214ddd748ee16b27fa7b7ed59cec8c968f6_svg/volume-medium.svg","673","NOT_FOUND"
"svg/volume-mute-outline.svg","9b02edc11edf2abcdac15cedc6b75cf01a380aafbe6894b552cd50cccfc33ac2","orgs/938847bd-ad89-4ee4-a8cc-4e62f513379a/apps/com.emberlink.pubqdemo/delta/fdb33e973f5f13bff31cfdb5730b31696af194c909f44590b5fc466417742875_svg/volume-mute-outline.svg","1322","NOT_FOUND"
"svg/volume-mute-sharp.svg","dd6f933dde03cc84a1acdd4af8d6d9c008442215bfe2b1a8819c31ad28e043ad","orgs/938847bd-ad89-4ee4-a8cc-4e62f513379a/apps/com.emberlink.pubqdemo/delta/28c0aa9ed69ca10108155a39f5950ebbf0b42a04480c61cfab9752a78710a5bf_svg/volume-mute-sharp.svg","830","NOT_FOUND"
"svg/volume-mute.svg","acb9fc8b064a51c4dba2401365acdeb5a2f9323a5c643e3859916c1a30120b53","orgs/938847bd-ad89-4ee4-a8cc-4e62f513379a/apps/com.emberlink.pubqdemo/delta/05dbf23384531d0384cb85cf595a7242addffae07a373879023ebf8ab30f8602_svg/volume-mute.svg","1167","NOT_FOUND"
"svg/volume-off-outline.svg","7050f89574caccd48027808375f6a43d7c08cfb0f9cce5f8d87b489bc514dadc","orgs/938847bd-ad89-4ee4-a8cc-4e62f513379a/apps/com.emberlink.pubqdemo/delta/71d4f84f0a2cc74a90838458b1ee11286e00b80a68be823daa146f4e6b37b70b_svg/volume-off-outline.svg","357","NOT_FOUND"
"svg/volume-off-sharp.svg","8aa8b6af6198cb4a7215700540c01bce76b5f8c5132a1233993e993d3484629b","orgs/938847bd-ad89-4ee4-a8cc-4e62f513379a/apps/com.emberlink.pubqdemo/delta/7be9c655612828def24c1fde5ea96a7b62f8d234aab992a2190eaac45a1d4d01_svg/volume-off-sharp.svg","137","NOT_FOUND"
"svg/volume-off.svg","062f94a51406b15c8640d04b0a5ff845f343af8621322a38bcbea3b459b884d0","orgs/938847bd-ad89-4ee4-a8cc-4e62f513379a/apps/com.emberlink.pubqdemo/delta/ddc5469bb4e3e9571a9b57c7e22861f9037227d333f0fdb6cd6be794982c58b4_svg/volume-off.svg","298","NOT_FOUND"
"svg/walk-outline.svg","fe50e17cf6a8d3823a3e1431b4b190a656d970f988a895e3b2dc13da84a369eb","orgs/938847bd-ad89-4ee4-a8cc-4e62f513379a/apps/com.emberlink.pubqdemo/delta/72b5c22a633fa28bccadfeb88b3763e18beb936eaea8d0a8f436179504515e2f_svg/walk-outline.svg","525","NOT_FOUND"
"svg/walk-sharp.svg","bdfdd20c51b9ad6284ef3175c5724469830789fa419fa6eac498bc079fb05b95","orgs/938847bd-ad89-4ee4-a8cc-4e62f513379a/apps/com.emberlink.pubqdemo/delta/331f7cc6995489b3aa26d27c92882cbcf8be4af1891aa3befc37a1952983eac9_svg/walk-sharp.svg","642","NOT_FOUND"
"svg/walk.svg","45132f0f7e6723eb27befb0095b3c4981ce5ba23bbbe2959aa4667b86e1f4f54","orgs/938847bd-ad89-4ee4-a8cc-4e62f513379a/apps/com.emberlink.pubqdemo/delta/14d86be76b05a399c9dce9b2024c269ca0da5a675fbdf1bcf72fe5fa5a87d4b0_svg/walk.svg","908","NOT_FOUND"
"svg/wallet-outline.svg","8d39d0f3f685c2a9c4ccda437303c3ca0ab4a372fd74bf8d003326fb6d6ac044","orgs/938847bd-ad89-4ee4-a8cc-4e62f513379a/apps/com.emberlink.pubqdemo/delta/dee04ca983498ddf598c70901323e9ba2e052c568bb8c997df01d8faa53b46fe_svg/wallet-outline.svg","428","NOT_FOUND"
"svg/wallet-sharp.svg","587a9b235e0b034ff05a923cf9d3c9e51e75d99d36d2a019e7abde83c6e09973","orgs/938847bd-ad89-4ee4-a8cc-4e62f513379a/apps/com.emberlink.pubqdemo/delta/b8a0dd2987554b053912e70cdb075c48bd648710aa96689e3d77716c59071875_svg/wallet-sharp.svg","489","NOT_FOUND"
"svg/wallet.svg","67c3c05a4d4540191e60c38db55519248b763b363562b06cc73fdead540280a8","orgs/938847bd-ad89-4ee4-a8cc-4e62f513379a/apps/com.emberlink.pubqdemo/delta/a1a4fb9c80b6faf2799a0b464f264c732aedb4e1ebdcc387be12451f5695fab7_svg/wallet.svg","515","NOT_FOUND"
"svg/warning-outline.svg","396c1fa83b5bf8e376243254427a05e671f57517625d2ad8ec3c22cdb6c9b081","orgs/938847bd-ad89-4ee4-a8cc-4e62f513379a/apps/com.emberlink.pubqdemo/delta/d147780cb8706303ff6bfecd1475d2fbac141e5fec3f774043a7c11c6b6f5f32_svg/warning-outline.svg","567","NOT_FOUND"
"svg/warning-sharp.svg","6750986ba7dcb329486cc3124a65c275ee6174ec1e24cf2b5b01a5a9c36aef09","orgs/938847bd-ad89-4ee4-a8cc-4e62f513379a/apps/com.emberlink.pubqdemo/delta/dd6742d1501cfacfebe5db6c68b25990ce3203bd625fc34aa7a0aa891404eed5_svg/warning-sharp.svg","244","NOT_FOUND"
"svg/warning.svg","322398bb13a24c6ff43311cbe6040162698c2d3cf7a9394928bb3973090e0a2e","orgs/938847bd-ad89-4ee4-a8cc-4e62f513379a/apps/com.emberlink.pubqdemo/delta/22850dfb82b98fe0939827505abccc7bc031cd76be3f898743776301723fd543_svg/warning.svg","385","NOT_FOUND"
"svg/watch-outline.svg","267abba4461a6858c964cb47f7d128bf3bb52e7295045ae5ff40e2ebef066ccb","orgs/938847bd-ad89-4ee4-a8cc-4e62f513379a/apps/com.emberlink.pubqdemo/delta/bbb030fdaa6ecc8bb4ba9f212a1b578d73dccc33682c6feebcfee14f2b6faf22_svg/watch-outline.svg","395","NOT_FOUND"
"svg/watch-sharp.svg","cf286786b4b6022027a0efd2b341716c7485e8ce2d4dcbb79f70ac7f2d8fa861","orgs/938847bd-ad89-4ee4-a8cc-4e62f513379a/apps/com.emberlink.pubqdemo/delta/a659c734fe1f340975fe6938ee9729e6806a327c70f095a3f29c1ca2af4d79f4_svg/watch-sharp.svg","371","NOT_FOUND"
"svg/watch.svg","8d4ebf1681f3f206810b03999b70646c6d377745a2ff212e685e6bebcc1317b8","orgs/938847bd-ad89-4ee4-a8cc-4e62f513379a/apps/com.emberlink.pubqdemo/delta/e6c891c8651558c5a03c2b7aa68d0ef3ca9ffa43d7c597e041cfebe6c30f0c32_svg/watch.svg","480","NOT_FOUND"
"svg/water-outline.svg","aa7ee5f250bdb25dc3faacebc9ad2cd0df4a79b03f2746649b861a672985184c","orgs/938847bd-ad89-4ee4-a8cc-4e62f513379a/apps/com.emberlink.pubqdemo/delta/5196094db01d734413bb4266d2d5bed30addb75735c8165e4b06fb16c7c11b76_svg/water-outline.svg","440","NOT_FOUND"
"svg/water-sharp.svg","3f77770cc5691244e6681266d1bea315e48ca4041af0cb25016dc6afdd19941e","orgs/938847bd-ad89-4ee4-a8cc-4e62f513379a/apps/com.emberlink.pubqdemo/delta/78fa0fdc72e6c99fd02e879e90397136fc63ec1fea4fb28b58cb54dd274821cd_svg/water-sharp.svg","261","NOT_FOUND"
"svg/water.svg","1ffec7ef7e099b9440aa0af0f72b39847afc1d29768b4d6f7d2fcc3a00cc029c","orgs/938847bd-ad89-4ee4-a8cc-4e62f513379a/apps/com.emberlink.pubqdemo/delta/073bb6a4b278a91aab78f2be4cee2d47c34f3b6782381946d65a23e052a2e231_svg/water.svg","395","NOT_FOUND"
"svg/wifi-outline.svg","cbd6d24ea6921522abe8a64381375e7a338a684d292e5281f7ec295cd5f04730","orgs/938847bd-ad89-4ee4-a8cc-4e62f513379a/apps/com.emberlink.pubqdemo/delta/4040e852145b97985ef089da0d5c5d7934b151f18db11a5e19991a60b44366e6_svg/wifi-outline.svg","545","NOT_FOUND"
"svg/wifi-sharp.svg","c96c63c8ebec23d6de0d2e6d5610df9beee3e1956bda4b53ae25cbaf8482413e","orgs/938847bd-ad89-4ee4-a8cc-4e62f513379a/apps/com.emberlink.pubqdemo/delta/afd42c29839f21ca7d4528690f306d6f5d053ac358cbb7465a4699ba3f6e8279_svg/wifi-sharp.svg","1784","NOT_FOUND"
"svg/wifi.svg","75a2adb7df4abcb7b2880d6d6d5fc3038acb35b3af30cd93f0b9596a8c0f8fbb","orgs/938847bd-ad89-4ee4-a8cc-4e62f513379a/apps/com.emberlink.pubqdemo/delta/94e1ae3ef8560fed3c9039e1c846dcf7e5dab7cae7750a66fdc11c25fe948ea2_svg/wifi.svg","2231","NOT_FOUND"
"svg/wine-outline.svg","ff11a259fb615e6d51444063b3afa9e44d71bdb459113fa97ca527f463a6ae39","orgs/938847bd-ad89-4ee4-a8cc-4e62f513379a/apps/com.emberlink.pubqdemo/delta/b3e2420ea3dc36c8c7fad87980624ea216683030b68ca195bc0ebeab291c7410_svg/wine-outline.svg","451","NOT_FOUND"
"svg/wine-sharp.svg","1a8acb451d0a4368550b748fd140d34989b1958d67d6d009e3d9fd172847a870","orgs/938847bd-ad89-4ee4-a8cc-4e62f513379a/apps/com.emberlink.pubqdemo/delta/43b22396bc1ceb878079f5b1857e65941087575f80e9568762f51aac15e7fc9e_svg/wine-sharp.svg","200","NOT_FOUND"
"svg/wine.svg","0118328d15980679b547d97b409b14254afae8c59790a97cafd39215b26c4155","orgs/938847bd-ad89-4ee4-a8cc-4e62f513379a/apps/com.emberlink.pubqdemo/delta/ba9123f21c3a911573b9712323c755bbfd701ab2a7238b102b11680b4bb8c184_svg/wine.svg","479","NOT_FOUND"
"svg/woman-outline.svg","d8ea716d650bc32f6f3acb03cf2b9f34f6cb862c165f470ddf5b29da4a5351fd","orgs/938847bd-ad89-4ee4-a8cc-4e62f513379a/apps/com.emberlink.pubqdemo/delta/fcdb5c2db64a9ebe3675479d9ba6356a797158916f2a8270384e944386b3bb64_svg/woman-outline.svg","887","NOT_FOUND"
"svg/woman-sharp.svg","079e2623228ad196afc44effb39a0a48f3fd05b821d73f1ae51de5c9904e5db7","orgs/938847bd-ad89-4ee4-a8cc-4e62f513379a/apps/com.emberlink.pubqdemo/delta/cdd57ce5c85a2ee0fc57faadbafc5b7dbb86bb4e5a1bf5ffea6089fbe6c9d0b7_svg/woman-sharp.svg","469","NOT_FOUND"
"svg/woman.svg","41d2c80f7b9606e27b0394c8672a05d93f48959afba300a8e898be5c8b116455","orgs/938847bd-ad89-4ee4-a8cc-4e62f513379a/apps/com.emberlink.pubqdemo/delta/af74dedd5b880b0f52be10bbe663f0d9ea857baf62bef9357e4f8ae975f4cbab_svg/woman.svg","740","NOT_FOUND"
"vipps.7ccd09c7804449c9.svg","2dc4dc01be20e5c9f6b1d17f9d27a96b0afe6623ff6fc6b1f7212c0ce1a5df0e","orgs/938847bd-ad89-4ee4-a8cc-4e62f513379a/apps/com.emberlink.pubqdemo/delta/bb6704294fde03af00b53a20244b3d39eb1036e86a12ba1349a8bc092c161f79_vipps.7ccd09c7804449c9.svg","4808","NOT_FOUND"
