file_name,file_hash,s3_path,db_file_size,error
"assets/aaa_mobile_android_eula.html.br","e11afae26d2e5dbc4f8eb301c751c32111f3e7f4d4cbe4ef5be686a7e266c65f","orgs/6e9b9e3b-c6be-4991-b03b-cf1f1d2eab4a/apps/com.aaa.iphone.discounts.5fc6b2fe/delta/9463bdf649950b9dc1aff080a950e89d31d36a9a93a587b7d50b395ac583eefb_assets/aaa_mobile_android_eula.html.br","6866","NOT_FOUND"
"assets/aaa_mobile_ios_eula.html.br","54737b755440fb7221900aabd216b79be96bfeab6d1b7c03af3c20ff3a0b7cfa","orgs/6e9b9e3b-c6be-4991-b03b-cf1f1d2eab4a/apps/com.aaa.iphone.discounts.5fc6b2fe/delta/1b5b7af5a8d17f56f6e30bb7343b785285173a58e72c91dc1d263d9255a777b5_assets/aaa_mobile_ios_eula.html.br","6847","NOT_FOUND"
"assets/alerts/aaa-logo-error.svg","2a0e6b9a43ce3e7fa7a84ee277e698ee9eb307ce863dac65ebe89376161a4812","orgs/6e9b9e3b-c6be-4991-b03b-cf1f1d2eab4a/apps/com.aaa.iphone.discounts.5fc6b2fe/delta/a796123503c54fbf1d350545df908eabb59203b750b6a8907df14d2d01fdf0cc_assets/alerts/aaa-logo-error.svg","2130","NOT_FOUND"
"assets/alerts/alert-error-triangle.svg","1efb650c55125e789247e71f8ee5f037f7133a9706a5a41acc20ad700bf38783","orgs/6e9b9e3b-c6be-4991-b03b-cf1f1d2eab4a/apps/com.aaa.iphone.discounts.5fc6b2fe/delta/d0da140108d430fc7e45ab0beb4e9e71266bf547759f836f684927674e38a070_assets/alerts/alert-error-triangle.svg","853","NOT_FOUND"
"assets/alerts/poi-error-default.svg","09ed32eaa834f7d02acff9965a1b13c589485601c13ea5c63d94779f91de819c","orgs/6e9b9e3b-c6be-4991-b03b-cf1f1d2eab4a/apps/com.aaa.iphone.discounts.5fc6b2fe/delta/ad0bb5eb95b3705a959de9b0133ff58074c80c39984b0c6e625fe3a091b0597a_assets/alerts/poi-error-default.svg","353","NOT_FOUND"
"assets/alerts/poi-error-location.svg","ffb057024a6320c86c1599f0a78431ad6ced9c860d4e13eb8fe41f9e8dfd6a72","orgs/6e9b9e3b-c6be-4991-b03b-cf1f1d2eab4a/apps/com.aaa.iphone.discounts.5fc6b2fe/delta/8a80249aa9b114bfb469146a07d7e2abeffe3ce93ef68a4251b419d95f219a5c_assets/alerts/poi-error-location.svg","953","NOT_FOUND"
"assets/alerts/poi-error-network.svg","6e3d4fea8e16fea32ce4a261e0f96f1e33dbe68a93f08f345cfcd9ecea5968cf","orgs/6e9b9e3b-c6be-4991-b03b-cf1f1d2eab4a/apps/com.aaa.iphone.discounts.5fc6b2fe/delta/f9ecdaa46b362d592fa3d26a99fb2fc7c9eea5c24fe4be0259200b1031c889a8_assets/alerts/poi-error-network.svg","750","NOT_FOUND"
"assets/automotive/img/battery-quote-vin-car.webp","45374a89613af158ec9f51609c2bb4b2cadc9c129866df3ecf62eb3b476a1c5d","orgs/6e9b9e3b-c6be-4991-b03b-cf1f1d2eab4a/apps/com.aaa.iphone.discounts.5fc6b2fe/delta/c3adb018a2e0f2871c9954cfb1a8d9abb5416ef3e1999bd4a2887a86395daf60_assets/automotive/img/battery-quote-vin-car.webp","111264","NOT_FOUND"
"assets/automotive/img/carplay-ev.webp","21af802e003c801dbfe3f9a71de1ba79caf0c0e3fceef3b80198642727716565","orgs/6e9b9e3b-c6be-4991-b03b-cf1f1d2eab4a/apps/com.aaa.iphone.discounts.5fc6b2fe/delta/c02d37b474e8f0c78d59e96a578a92de54d013d7c68c11787a38ecb73c1923af_assets/automotive/img/carplay-ev.webp","78820","NOT_FOUND"
"assets/automotive/img/carplay-gas.webp","a1eacbb290d63ca521ed352136d1c7f73b1a747bb2090b9a0b4ce253df1850ae","orgs/6e9b9e3b-c6be-4991-b03b-cf1f1d2eab4a/apps/com.aaa.iphone.discounts.5fc6b2fe/delta/455e0d8a9f79b0cd5490b0a7a7e7b2888e8932b38260d6276735e56b6ad4a559_assets/automotive/img/carplay-gas.webp","72300","NOT_FOUND"
"assets/automotive/img/carplay-roadside.webp","8af2ddf37dbe9faf841c437ef48a6119d1c50604f7b622b436e6d05ad6a6701b","orgs/6e9b9e3b-c6be-4991-b03b-cf1f1d2eab4a/apps/com.aaa.iphone.discounts.5fc6b2fe/delta/ab1351a2a2a0eba2f8ca68e329c26d02d05d3234b9ea2b1bdf4dc738c8601258_assets/automotive/img/carplay-roadside.webp","56180","NOT_FOUND"
"assets/automotive/img/carplay-side.webp","2aec0393b322af2bc7d1cadfd2985b448f5616f8d743c95e192bc9b34f62e8f9","orgs/6e9b9e3b-c6be-4991-b03b-cf1f1d2eab4a/apps/com.aaa.iphone.discounts.5fc6b2fe/delta/7a0adabafd3291ae2fcc953b463c0a9bdf387262ec81f40d609b55909def9a0d_assets/automotive/img/carplay-side.webp","68762","NOT_FOUND"
"assets/automotive/img/onboarding-home-section.webp","2d10968bb1d8490d4510ab3ef79389309fc07b82a9647ff020e24853f6d36e9e","orgs/6e9b9e3b-c6be-4991-b03b-cf1f1d2eab4a/apps/com.aaa.iphone.discounts.5fc6b2fe/delta/8463fabc2728c0046122ebb51dc6ffb2e5748d85c7e1eb5256023405b3a52708_assets/automotive/img/onboarding-home-section.webp","55708","NOT_FOUND"
"assets/automotive/svg/battery-quotes-engine.svg","483b8ad15c9a1489df5b20e158ad9574f5661354f92d95d48e398a6360375090","orgs/6e9b9e3b-c6be-4991-b03b-cf1f1d2eab4a/apps/com.aaa.iphone.discounts.5fc6b2fe/delta/17a7ef08978a551246a3b61373c5b6552cd6aef4a054100e66857645f48287cc_assets/automotive/svg/battery-quotes-engine.svg","2386","NOT_FOUND"
"assets/automotive/svg/car-makes/acura.svg","1f11d4374c13f358811fd5d96c7f449d0369a9e43e7d25cd46ff8d17a4e95ab1","orgs/6e9b9e3b-c6be-4991-b03b-cf1f1d2eab4a/apps/com.aaa.iphone.discounts.5fc6b2fe/delta/e8f27ce415a6292bfdd89b385b317861fedad28652e2d71db3345c04ebb5fc3f_assets/automotive/svg/car-makes/acura.svg","775","NOT_FOUND"
"assets/automotive/svg/car-makes/alfa-romeo-alt.svg","d745bc575b1c364c61ea83206de1022d7b118ebd9cf5d4d659a049fa049fb3b6","orgs/6e9b9e3b-c6be-4991-b03b-cf1f1d2eab4a/apps/com.aaa.iphone.discounts.5fc6b2fe/delta/9f73559d3accfc8d9e8409210babab8f01f98235213f1eb6461985cc860940f9_assets/automotive/svg/car-makes/alfa-romeo-alt.svg","5194","NOT_FOUND"
"assets/automotive/svg/car-makes/alfa-romeo.svg","9c241cbfe98e991bd6f6318c73044c58b0830f57625c41a8630a340e405ca448","orgs/6e9b9e3b-c6be-4991-b03b-cf1f1d2eab4a/apps/com.aaa.iphone.discounts.5fc6b2fe/delta/3856465447b0cebf51a0126e5e58411df451aaca144af79214033818ba589141_assets/automotive/svg/car-makes/alfa-romeo.svg","6726","NOT_FOUND"
"assets/automotive/svg/car-makes/am-general.svg","3dc1c0ca7c50583cdc9ca2e9359488174110185c7e83e75d2b0b0cbb51e856e7","orgs/6e9b9e3b-c6be-4991-b03b-cf1f1d2eab4a/apps/com.aaa.iphone.discounts.5fc6b2fe/delta/7e88e789caf4043da780555026b9d6c643b3f5448109a5c983f87025abf203ab_assets/automotive/svg/car-makes/am-general.svg","4235","NOT_FOUND"
"assets/automotive/svg/car-makes/aston-martin-alt.svg.br","cd213aec3317ee19087e1389319f69d47f2c1908cec7d1f092cb8301a24d8633","orgs/6e9b9e3b-c6be-4991-b03b-cf1f1d2eab4a/apps/com.aaa.iphone.discounts.5fc6b2fe/delta/952a29319df3318c47cb0a382a7549ecf003f852e6bf1bde4b07b7cc19698ce8_assets/automotive/svg/car-makes/aston-martin-alt.svg.br","3560","NOT_FOUND"
"assets/automotive/svg/car-makes/aston-martin.svg.br","c82bae811641c0e5a21042a89270a2e1d189595cc972b2630c75ae9a021fc921","orgs/6e9b9e3b-c6be-4991-b03b-cf1f1d2eab4a/apps/com.aaa.iphone.discounts.5fc6b2fe/delta/6e970842f4427b9e57477f209c3494acda7c1ea61407f925191a51345004964d_assets/automotive/svg/car-makes/aston-martin.svg.br","3140","NOT_FOUND"
"assets/automotive/svg/car-makes/audi.svg","58af054c0d2fa5313d646b67e47df2df81ec2f394443996f3ce76891c4723913","orgs/6e9b9e3b-c6be-4991-b03b-cf1f1d2eab4a/apps/com.aaa.iphone.discounts.5fc6b2fe/delta/cca6da1c0555ebf9b966cff1fb8a3a019d57c3265e246351b2f46f6fa48a8cb4_assets/automotive/svg/car-makes/audi.svg","7631","NOT_FOUND"
"assets/automotive/svg/car-makes/bentley.svg.br","485dfe0847b6166ebec9d20f3484b5532626839d8d4b50065ab31f377beb3fff","orgs/6e9b9e3b-c6be-4991-b03b-cf1f1d2eab4a/apps/com.aaa.iphone.discounts.5fc6b2fe/delta/21de3084cce3e84db2b2e29ff361cd0370b20552db7bf4b6d5de2546a122d92a_assets/automotive/svg/car-makes/bentley.svg.br","11281","NOT_FOUND"
"assets/automotive/svg/car-makes/bmw.svg","fc2c3b697f1a38eedcd47c150c1fbe2e52d483d470b37c2e18c8119087f8390c","orgs/6e9b9e3b-c6be-4991-b03b-cf1f1d2eab4a/apps/com.aaa.iphone.discounts.5fc6b2fe/delta/b8eb1673bd4c1768ce630f9ccbe3bea1b88d9a80a59d21999723fe512763445d_assets/automotive/svg/car-makes/bmw.svg","2626","NOT_FOUND"
"assets/automotive/svg/car-makes/bugatti.svg","9d7d0faf2d0f52b9d3151c84ca40ca9fbea7915866c1ffe8b17375cb995e85db","orgs/6e9b9e3b-c6be-4991-b03b-cf1f1d2eab4a/apps/com.aaa.iphone.discounts.5fc6b2fe/delta/a5857a879b53de5d96b62ebe6c4c99763f5903347b821a0ac6c399c574ed8f22_assets/automotive/svg/car-makes/bugatti.svg","895","NOT_FOUND"
"assets/automotive/svg/car-makes/buick.svg","e69c3781716ac449aba46384a049f2b22c3cc924ed5ec3b983599af796e957db","orgs/6e9b9e3b-c6be-4991-b03b-cf1f1d2eab4a/apps/com.aaa.iphone.discounts.5fc6b2fe/delta/33f16bd1b350025cdfb96006fcb71006149870a83523be02ed36511a1938798e_assets/automotive/svg/car-makes/buick.svg","1777","NOT_FOUND"
"assets/automotive/svg/car-makes/cadillac.svg.br","e28addb6d671069ef4159fdd4dd85d356860d2a05b9a7a512d3936fa2f56e6d4","orgs/6e9b9e3b-c6be-4991-b03b-cf1f1d2eab4a/apps/com.aaa.iphone.discounts.5fc6b2fe/delta/c5d118ca7e665bff2a603204fb3a7ef0c33ee39a6720996816ad5824ab4c5594_assets/automotive/svg/car-makes/cadillac.svg.br","3230","NOT_FOUND"
"assets/automotive/svg/car-makes/chevrolet.svg","d9faa1a74b1543d0fee368061d61272804749a8ec90c200d92ea56834e94a271","orgs/6e9b9e3b-c6be-4991-b03b-cf1f1d2eab4a/apps/com.aaa.iphone.discounts.5fc6b2fe/delta/8318749f00aabbcd22618e1f8054bdec9ae3f1a6a674f04036b0a58236fb5e81_assets/automotive/svg/car-makes/chevrolet.svg","1371","NOT_FOUND"
"assets/automotive/svg/car-makes/chrysler.svg","1bdd34779719e4f80482c7413ec9837e9647372d08a1e6ef193eadf90a100854","orgs/6e9b9e3b-c6be-4991-b03b-cf1f1d2eab4a/apps/com.aaa.iphone.discounts.5fc6b2fe/delta/34c3cfc4e8ca6bd8d4a6d988fdefb0aacbc7b79d53bd13b525001b2241aef59d_assets/automotive/svg/car-makes/chrysler.svg","706","NOT_FOUND"
"assets/automotive/svg/car-makes/citroen.svg","b7e76d4903596a3fbc5cfb279417956ad6d25b31ad2f683806af940613ff0470","orgs/6e9b9e3b-c6be-4991-b03b-cf1f1d2eab4a/apps/com.aaa.iphone.discounts.5fc6b2fe/delta/652103a2a101ec13bcd9193a7276b07feb7a2eb80fcdcedb03b0222fd027c3ec_assets/automotive/svg/car-makes/citroen.svg","3711","NOT_FOUND"
"assets/automotive/svg/car-makes/dacia.svg","aef30ea3b5d3b1d3de31147993ade02d8f6e5bf82be5a38b1b9f3691af63f99f","orgs/6e9b9e3b-c6be-4991-b03b-cf1f1d2eab4a/apps/com.aaa.iphone.discounts.5fc6b2fe/delta/9e39d96d01145b5e772fe221d33c66ce72f19d4f783878daee6bef6836c00b94_assets/automotive/svg/car-makes/dacia.svg","6439","NOT_FOUND"
"assets/automotive/svg/car-makes/daewoo.svg","9c803c418ea52d39a2908bf3b927e1b4406f43a6d0f0253e625f3d69e8373bf1","orgs/6e9b9e3b-c6be-4991-b03b-cf1f1d2eab4a/apps/com.aaa.iphone.discounts.5fc6b2fe/delta/727c3a5c52a4910e36d6091c785be1fade8e717dbdf38ddafc806fa41de2fb86_assets/automotive/svg/car-makes/daewoo.svg","1375","NOT_FOUND"
"assets/automotive/svg/car-makes/default.svg","da0f49a890e501c65d2ce4633773b63cf81dbe8688313f6f34b36c7839acda3d","orgs/6e9b9e3b-c6be-4991-b03b-cf1f1d2eab4a/apps/com.aaa.iphone.discounts.5fc6b2fe/delta/44ed81f777010674610a7a065680f6183c580e956d44b9fd921ac1bf8b83d9f4_assets/automotive/svg/car-makes/default.svg","3168","NOT_FOUND"
"assets/automotive/svg/car-makes/dodge.svg","0017d1a491a498491ebe2ecdab5a65286fb631b38104fab02e9a6345d13609fe","orgs/6e9b9e3b-c6be-4991-b03b-cf1f1d2eab4a/apps/com.aaa.iphone.discounts.5fc6b2fe/delta/699878d711440533c3f9a0dfcd3d20b11822b9e44e0f05bffe0f2d5f76f33f0b_assets/automotive/svg/car-makes/dodge.svg","530","NOT_FOUND"
"assets/automotive/svg/car-makes/eagle.svg","0e9cebd952a24c48bbaa75aca99f884f48b354ae4f30a01c949b0a98d98f2afa","orgs/6e9b9e3b-c6be-4991-b03b-cf1f1d2eab4a/apps/com.aaa.iphone.discounts.5fc6b2fe/delta/bfe16480d64143b4bd5c5e3d719ac07fd40971afe43369b1f2497501eeed528e_assets/automotive/svg/car-makes/eagle.svg","5562","NOT_FOUND"
"assets/automotive/svg/car-makes/ferrari.svg.br","4f915aca94bd0c50ffd9322574a78cecb32044e2110ceef9e9a1262333bbcab1","orgs/6e9b9e3b-c6be-4991-b03b-cf1f1d2eab4a/apps/com.aaa.iphone.discounts.5fc6b2fe/delta/72c8eddf7eaf5c1cb1cd777e8327354ffd36fd24909525906f23b49c2d456601_assets/automotive/svg/car-makes/ferrari.svg.br","5908","NOT_FOUND"
"assets/automotive/svg/car-makes/fiat-alt.svg.br","e2c51e831a210e2331bdd16f6d5a3cd01242d971475dda7a28dc0e04e82e7874","orgs/6e9b9e3b-c6be-4991-b03b-cf1f1d2eab4a/apps/com.aaa.iphone.discounts.5fc6b2fe/delta/fab9bbe7803c4b3ff6c931d4c9c547797d41d0242ce5a35a37f0a7d4f3f7eaff_assets/automotive/svg/car-makes/fiat-alt.svg.br","3325","NOT_FOUND"
"assets/automotive/svg/car-makes/fiat.svg","0b2af2bd41bc9c6be54cc209bbbc9fdee9f1082496b90abf5e301c3476faecaf","orgs/6e9b9e3b-c6be-4991-b03b-cf1f1d2eab4a/apps/com.aaa.iphone.discounts.5fc6b2fe/delta/a5739f2d94ff4c7b7194c205b62fb8b97118e0cbddfb64548d62e983864c2d0e_assets/automotive/svg/car-makes/fiat.svg","2935","NOT_FOUND"
"assets/automotive/svg/car-makes/fisker.svg","ef55b24ca39457e6af0fb26ea81bc158aa36d8f3584a9eeda299c7715ca81f6c","orgs/6e9b9e3b-c6be-4991-b03b-cf1f1d2eab4a/apps/com.aaa.iphone.discounts.5fc6b2fe/delta/ca45f4472bede0d83210160eb1009d6cbf28f6e074ad66ff83408ecf9cc7b963_assets/automotive/svg/car-makes/fisker.svg","2649","NOT_FOUND"
"assets/automotive/svg/car-makes/ford.svg","fc7f0266d379885f2cbbd8d24fdeef4b1ab7e6325091d4e23fd3d1ceef1ebbf2","orgs/6e9b9e3b-c6be-4991-b03b-cf1f1d2eab4a/apps/com.aaa.iphone.discounts.5fc6b2fe/delta/fd4c994c6fed6790a733851439b82120e234c2751ee3c63476dc1a08fa75cc31_assets/automotive/svg/car-makes/ford.svg","4178","NOT_FOUND"
"assets/automotive/svg/car-makes/genesis.svg","fc981a39528c25cab277051c1173c923f72a17185b213ef341908dfc79c8140e","orgs/6e9b9e3b-c6be-4991-b03b-cf1f1d2eab4a/apps/com.aaa.iphone.discounts.5fc6b2fe/delta/f8cbb757e7e11ae2117f8233ba3e49ab4f2d5a1ea12757c5f8bd42fdc5feb563_assets/automotive/svg/car-makes/genesis.svg","5472","NOT_FOUND"
"assets/automotive/svg/car-makes/geo.svg","d1b33d941bc4f7202531b5dfdf4800d809bcc38ae72d9a0fd0adede6f5c9bfef","orgs/6e9b9e3b-c6be-4991-b03b-cf1f1d2eab4a/apps/com.aaa.iphone.discounts.5fc6b2fe/delta/89ecbd8749bb9354aa715834b17afa1fe387b2bfaec7342c0863501a45083ce0_assets/automotive/svg/car-makes/geo.svg","2880","NOT_FOUND"
"assets/automotive/svg/car-makes/gmc.svg","2890606ff064300c0332315e62d29ef63fc95c0ae4db128b52ad0c2e0c6b9ada","orgs/6e9b9e3b-c6be-4991-b03b-cf1f1d2eab4a/apps/com.aaa.iphone.discounts.5fc6b2fe/delta/6856cd9b6aa25a8536a10c08ea0059f60463d38db30c8ca917f31f3b1dcc0855_assets/automotive/svg/car-makes/gmc.svg","958","NOT_FOUND"
"assets/automotive/svg/car-makes/honda.svg","0fef3262388f8b66e26994479a53eede6931235398efa1d7e66e307d862bb9a4","orgs/6e9b9e3b-c6be-4991-b03b-cf1f1d2eab4a/apps/com.aaa.iphone.discounts.5fc6b2fe/delta/f85f7ba4977c3bdbd1967e6b03e398909f4eeff182d61cc767f0f6451b7c20b1_assets/automotive/svg/car-makes/honda.svg","1783","NOT_FOUND"
"assets/automotive/svg/car-makes/hummer.svg","4d6cce50f8c702df92a9e473cdbd686140642b00ceaade3b64e4b5b9c78a95d1","orgs/6e9b9e3b-c6be-4991-b03b-cf1f1d2eab4a/apps/com.aaa.iphone.discounts.5fc6b2fe/delta/d511439cc7b016a564513dddcbf439bc168ccca3f9f1461f5f8bafcfbb0206c9_assets/automotive/svg/car-makes/hummer.svg","1466","NOT_FOUND"
"assets/automotive/svg/car-makes/hyundai.svg","efbb2ecf5ccea67ed8b8cc5df4fd24d5f6af83e2fd85b21aa7e12a18740b64b3","orgs/6e9b9e3b-c6be-4991-b03b-cf1f1d2eab4a/apps/com.aaa.iphone.discounts.5fc6b2fe/delta/7bc0a6fcefd12a021511ac08b9f9d70c75f34ffc1165905057707f8a9a9cadf2_assets/automotive/svg/car-makes/hyundai.svg","2283","NOT_FOUND"
"assets/automotive/svg/car-makes/infiniti.svg","edac110c1f5bbe322e40c93e851dfd67a3d248a209a2099097e1658993671d4e","orgs/6e9b9e3b-c6be-4991-b03b-cf1f1d2eab4a/apps/com.aaa.iphone.discounts.5fc6b2fe/delta/df039363ebcf796554ffe8412722f6a58da6a70c2307b0bf8674b40a33b3f5fe_assets/automotive/svg/car-makes/infiniti.svg","835","NOT_FOUND"
"assets/automotive/svg/car-makes/isuzu.svg","94192a079a05454351310c512e7e8975cddc6abf11d17c90949da7ce02a5aed6","orgs/6e9b9e3b-c6be-4991-b03b-cf1f1d2eab4a/apps/com.aaa.iphone.discounts.5fc6b2fe/delta/4acd99d6e81335475989659e17b4f976e703c0934941a5b829d588c9175b493b_assets/automotive/svg/car-makes/isuzu.svg","1026","NOT_FOUND"
"assets/automotive/svg/car-makes/jaguar-alt.svg","02923777b5edd7f1de2017499430b2e8ab65b09d5fbea862a45143ea5a276b53","orgs/6e9b9e3b-c6be-4991-b03b-cf1f1d2eab4a/apps/com.aaa.iphone.discounts.5fc6b2fe/delta/2c8662b8a8b6519f8d3959acfe56d9f2ba57d8ecacd206eda214b51e2b10c7be_assets/automotive/svg/car-makes/jaguar-alt.svg","3471","NOT_FOUND"
"assets/automotive/svg/car-makes/jaguar.svg","6c824bea4fd66127853b0c7e8f05fb9d919293286bcda98f97e1fb88f18deb82","orgs/6e9b9e3b-c6be-4991-b03b-cf1f1d2eab4a/apps/com.aaa.iphone.discounts.5fc6b2fe/delta/0a1a1d00c70f0af3eb0a38a3d7bbbe588c5e27df2735ca8e4828e31c767187ab_assets/automotive/svg/car-makes/jaguar.svg","1237","NOT_FOUND"
"assets/automotive/svg/car-makes/jeep-alt.svg","5767c44e83b40f8484a67e0510a9fb5795fbd23838418d7cb14bb3d2f29a52d5","orgs/6e9b9e3b-c6be-4991-b03b-cf1f1d2eab4a/apps/com.aaa.iphone.discounts.5fc6b2fe/delta/aa054b59aa1a276026133d87de52084110cc2a7a1e79f0c11d5b01609ea81915_assets/automotive/svg/car-makes/jeep-alt.svg","1846","NOT_FOUND"
"assets/automotive/svg/car-makes/jeep.svg","13e62017111c2b30d7c30b6e541163bb2ebed60fe199363635e4337a7e4691db","orgs/6e9b9e3b-c6be-4991-b03b-cf1f1d2eab4a/apps/com.aaa.iphone.discounts.5fc6b2fe/delta/dce83a502c8ab82fbdbb3e1fb2757141df6a143cb1c8035f014bdbedebbcdc4f_assets/automotive/svg/car-makes/jeep.svg","3507","NOT_FOUND"
"assets/automotive/svg/car-makes/kia.svg","249592e5311d645b8709410d5ab0e1763adc5544e4f62d12989c1f92450ea251","orgs/6e9b9e3b-c6be-4991-b03b-cf1f1d2eab4a/apps/com.aaa.iphone.discounts.5fc6b2fe/delta/1995aec9a1dca6b2f1e249da50a4f746fa02615ca22b78a8a6f21ecef9ad6934_assets/automotive/svg/car-makes/kia.svg","978","NOT_FOUND"
"assets/automotive/svg/car-makes/lamborghini-alt.svg","e4e91ea83dd0fdbfd7a3923f57b83dad50056bd961d65fc35d83736558000508","orgs/6e9b9e3b-c6be-4991-b03b-cf1f1d2eab4a/apps/com.aaa.iphone.discounts.5fc6b2fe/delta/7f1809231fd7c60aadd97cb446a4ca530a3a058e0093a983098fd626cfe85a3a_assets/automotive/svg/car-makes/lamborghini-alt.svg","8189","NOT_FOUND"
"assets/automotive/svg/car-makes/lamborghini.svg","ca55b58eaeaaeaf36b88f745dffef48685cf17f0f43f62968935d0ee9414720c","orgs/6e9b9e3b-c6be-4991-b03b-cf1f1d2eab4a/apps/com.aaa.iphone.discounts.5fc6b2fe/delta/127ef6654594d14fa5e20062099c98db5beee09d49b2b11709d85610208fdd4b_assets/automotive/svg/car-makes/lamborghini.svg","5850","NOT_FOUND"
"assets/automotive/svg/car-makes/land-rover.svg","5123e92af8103780a69d25e05dec356317cdee5ee1283d115fba9a84d59c14b5","orgs/6e9b9e3b-c6be-4991-b03b-cf1f1d2eab4a/apps/com.aaa.iphone.discounts.5fc6b2fe/delta/7ebbeda225774d5700696276961bcfd5ace3d5140ca4268e8c0e76779017b7c2_assets/automotive/svg/car-makes/land-rover.svg","2717","NOT_FOUND"
"assets/automotive/svg/car-makes/lexus.svg","24659448d91ec970e9d8f085406bf185435e38d9cec7a7203b034b23d6200dc5","orgs/6e9b9e3b-c6be-4991-b03b-cf1f1d2eab4a/apps/com.aaa.iphone.discounts.5fc6b2fe/delta/a1f4e81d9ef401148677bb667e6a51e9cba7e678264bfb3e5fe74c294b4968d7_assets/automotive/svg/car-makes/lexus.svg","1032","NOT_FOUND"
"assets/automotive/svg/car-makes/lincoln.svg","d55630a9b2fc6587f49963e3ace929f407c3ffe2996dcf8527e99c1aa6037d89","orgs/6e9b9e3b-c6be-4991-b03b-cf1f1d2eab4a/apps/com.aaa.iphone.discounts.5fc6b2fe/delta/5dd38a6d756d73c2b823a3f1e1c0c09a46d595ebb61e2c02e7028cc5823ded42_assets/automotive/svg/car-makes/lincoln.svg","1901","NOT_FOUND"
"assets/automotive/svg/car-makes/lotus-alt.svg","47a38483b15629156ecd19bc3a4e648b2ed3cf81365b2202826ccb63002d0233","orgs/6e9b9e3b-c6be-4991-b03b-cf1f1d2eab4a/apps/com.aaa.iphone.discounts.5fc6b2fe/delta/4add17c53785a050b941b891e374569461eb5ad674f9821171b49b1fc8c2e002_assets/automotive/svg/car-makes/lotus-alt.svg","6233","NOT_FOUND"
"assets/automotive/svg/car-makes/lotus.svg","b091b5d114326fe2f48d75974eeb864fbfa8357d92381a9be8a5d7c28a2857e7","orgs/6e9b9e3b-c6be-4991-b03b-cf1f1d2eab4a/apps/com.aaa.iphone.discounts.5fc6b2fe/delta/d547e87d3f9f8df9f574cdb724b494497fccd7a026b36c0f3e790bdf140c5164_assets/automotive/svg/car-makes/lotus.svg","5805","NOT_FOUND"
"assets/automotive/svg/car-makes/maserati.svg","d92c247fe8090588413ffc3ead40d745e55b3e3ecb6fd05b204d34cd659a6452","orgs/6e9b9e3b-c6be-4991-b03b-cf1f1d2eab4a/apps/com.aaa.iphone.discounts.5fc6b2fe/delta/26e7378c29a338bd7d8bb2201cff067dc606c861d850fa8ca63a588ffd368be9_assets/automotive/svg/car-makes/maserati.svg","2019","NOT_FOUND"
"assets/automotive/svg/car-makes/maybach.svg","921b09b2b6a020fedfe7f61b867356183947507cafc8090bd71c3086a7d4f641","orgs/6e9b9e3b-c6be-4991-b03b-cf1f1d2eab4a/apps/com.aaa.iphone.discounts.5fc6b2fe/delta/d35c6f396f5bbeb8a647cfe4dbc7cfaa50d3cec0cd301f51d5950deed089b304_assets/automotive/svg/car-makes/maybach.svg","2967","NOT_FOUND"
"assets/automotive/svg/car-makes/mazda-alt.svg","4cb0b49861a5208537167b22fd26cd71b50f55e42d7126a6a518bfa245aea906","orgs/6e9b9e3b-c6be-4991-b03b-cf1f1d2eab4a/apps/com.aaa.iphone.discounts.5fc6b2fe/delta/b08ca2fb353088a40fd2c023720d9cf2430e38bb84061d45a7af94b8130b7d1a_assets/automotive/svg/car-makes/mazda-alt.svg","3363","NOT_FOUND"
"assets/automotive/svg/car-makes/mazda.svg","e76fefc272ad72baa081c0f4c78771a066415ff8f64f988a08c531479c92dfd2","orgs/6e9b9e3b-c6be-4991-b03b-cf1f1d2eab4a/apps/com.aaa.iphone.discounts.5fc6b2fe/delta/f90b35883638944746da44a81503696989ad9d90ab40761d07c4de5212c32c46_assets/automotive/svg/car-makes/mazda.svg","1078","NOT_FOUND"
"assets/automotive/svg/car-makes/mclaren-alt.svg","6f32a826e4a79dcb6242d9e4dd7659a0204d06d8746e03f73526cf06f3566f21","orgs/6e9b9e3b-c6be-4991-b03b-cf1f1d2eab4a/apps/com.aaa.iphone.discounts.5fc6b2fe/delta/e3278ae01754016ac68e6538f7620773ac5729bf87a9d1e5bcc46fafe56c1398_assets/automotive/svg/car-makes/mclaren-alt.svg","3373","NOT_FOUND"
"assets/automotive/svg/car-makes/mclaren.svg","5d09b0754845d40a3d366d9aad8dc171ea71547e6b089f73a8b188de9d65345a","orgs/6e9b9e3b-c6be-4991-b03b-cf1f1d2eab4a/apps/com.aaa.iphone.discounts.5fc6b2fe/delta/ddf6805760bdc03b85dcf62b7fa7ab3cb6df54f1eb9d65b65e8da4da10191671_assets/automotive/svg/car-makes/mclaren.svg","920","NOT_FOUND"
"assets/automotive/svg/car-makes/mercedes-benz-alt.svg","0e18053ad720638f826d22fa7096d63059e2e2f2b68b117380d9337ddd047ad3","orgs/6e9b9e3b-c6be-4991-b03b-cf1f1d2eab4a/apps/com.aaa.iphone.discounts.5fc6b2fe/delta/461922611ab9d81191fda1fd32f2ec9337e1d927c30914dce806f739a3da5787_assets/automotive/svg/car-makes/mercedes-benz-alt.svg","1537","NOT_FOUND"
"assets/automotive/svg/car-makes/mercedes-benz.svg","233edc7bce8d0a9148f9802269cbc51ff5254fff6ec8467f89deb83ba4f95b6e","orgs/6e9b9e3b-c6be-4991-b03b-cf1f1d2eab4a/apps/com.aaa.iphone.discounts.5fc6b2fe/delta/9b48f44b48566ce50d1f3d37d2fb8da86729c8600cda9cf756c69634e03bedee_assets/automotive/svg/car-makes/mercedes-benz.svg","1018","NOT_FOUND"
"assets/automotive/svg/car-makes/mercury.svg","bd44609d170bf401f148dff6f5d47d139560f2cf26fb36a0750b66b861f721c6","orgs/6e9b9e3b-c6be-4991-b03b-cf1f1d2eab4a/apps/com.aaa.iphone.discounts.5fc6b2fe/delta/75b72f75ca6b69fdb5bc1b13c22c3f5bff9049ffb6b4a8a2e9a5e1b531d9ff24_assets/automotive/svg/car-makes/mercury.svg","1081","NOT_FOUND"
"assets/automotive/svg/car-makes/mini-alt.svg","b70b5d644116452c5d70c04c39dd1fa14eb358584791bec5be7be110adec2970","orgs/6e9b9e3b-c6be-4991-b03b-cf1f1d2eab4a/apps/com.aaa.iphone.discounts.5fc6b2fe/delta/e3e88c9d9ed8c88516012aee4c75bba451cde124ef457db2ff23b817ff66d46d_assets/automotive/svg/car-makes/mini-alt.svg","2649","NOT_FOUND"
"assets/automotive/svg/car-makes/mini.svg","f88f666ecbbafde680cca582024c5bed869b3a76dfcbc616fad3eae1ae4599e4","orgs/6e9b9e3b-c6be-4991-b03b-cf1f1d2eab4a/apps/com.aaa.iphone.discounts.5fc6b2fe/delta/a85917f3f9d5cb29cdebfe438c30acffe94381c2c5bc55e8036d5cdd858edffe_assets/automotive/svg/car-makes/mini.svg","1936","NOT_FOUND"
"assets/automotive/svg/car-makes/mitsubishi.svg","47b05e17746c14c2d4bd336abb848505c0862550d4a3149a1d6ff5b1a91043b6","orgs/6e9b9e3b-c6be-4991-b03b-cf1f1d2eab4a/apps/com.aaa.iphone.discounts.5fc6b2fe/delta/745fa9f425c9ca4d7c92f75276d8fc6c762f92e9779ba73d9d2da1f2fc6fe6f4_assets/automotive/svg/car-makes/mitsubishi.svg","499","NOT_FOUND"
"assets/automotive/svg/car-makes/nissan.svg","881d2d305e450464c03b7aafccc09e7f4f588104ce48cda1f0d09aa69c514080","orgs/6e9b9e3b-c6be-4991-b03b-cf1f1d2eab4a/apps/com.aaa.iphone.discounts.5fc6b2fe/delta/61b61e861e840e5a8b294c19bf0e03f25770580060d591f76afbb46ffc05b5ed_assets/automotive/svg/car-makes/nissan.svg","2585","NOT_FOUND"
"assets/automotive/svg/car-makes/oldsmobile.svg","45f07742571ed7074ca4b8eb6ab9fe2d9ec9ee0ffd4bb62a11bb3efef9175768","orgs/6e9b9e3b-c6be-4991-b03b-cf1f1d2eab4a/apps/com.aaa.iphone.discounts.5fc6b2fe/delta/d37d4b48ce3f67db18f0440c5d9f17604ff2454e68ffaa21259af9aa192731cd_assets/automotive/svg/car-makes/oldsmobile.svg","773","NOT_FOUND"
"assets/automotive/svg/car-makes/opel.svg","c8eaa5b1ce2cf4090f73cd3cf84d049eb26fb2b25f1acbbfb49214c3b72d21a0","orgs/6e9b9e3b-c6be-4991-b03b-cf1f1d2eab4a/apps/com.aaa.iphone.discounts.5fc6b2fe/delta/9bba0a29d8585de1ef71f2a01bd07a7ef4497f35d240756bcda0e08b1be39207_assets/automotive/svg/car-makes/opel.svg","2299","NOT_FOUND"
"assets/automotive/svg/car-makes/panoz.svg.br","a04d62f66834285c54296b444005164b0a3238c61ded733df109eac27c9297a5","orgs/6e9b9e3b-c6be-4991-b03b-cf1f1d2eab4a/apps/com.aaa.iphone.discounts.5fc6b2fe/delta/f49d8a7b87c9bd73f16ff52bf286a7e3db32196c8073df41a9b9b545c81d0be6_assets/automotive/svg/car-makes/panoz.svg.br","6169","NOT_FOUND"
"assets/automotive/svg/car-makes/peugeot-alt.svg","3501f72c1ae8ebbcc95617b9419772a33f175a0a561a566bf9d291f2ae9aaab4","orgs/6e9b9e3b-c6be-4991-b03b-cf1f1d2eab4a/apps/com.aaa.iphone.discounts.5fc6b2fe/delta/3329f6f4c26a083c0b2482017595378f67cc3578fee397b088a781b39bf58dc8_assets/automotive/svg/car-makes/peugeot-alt.svg","5962","NOT_FOUND"
"assets/automotive/svg/car-makes/peugeot.svg","c472a09b2bcf1700c35b32ce4ffee29e6442e3c1a877c8859c9f18c8a941d5ad","orgs/6e9b9e3b-c6be-4991-b03b-cf1f1d2eab4a/apps/com.aaa.iphone.discounts.5fc6b2fe/delta/a608a5655a24df9d6e8dae7c7f7508b974ba17b8b52323a7f12399fdeb68bb3b_assets/automotive/svg/car-makes/peugeot.svg","5544","NOT_FOUND"
"assets/automotive/svg/car-makes/plymouth.svg","27454340f01e20b918a53bdd7fdbcb0a2506ce6ac043b00a4feda4599e41dc7e","orgs/6e9b9e3b-c6be-4991-b03b-cf1f1d2eab4a/apps/com.aaa.iphone.discounts.5fc6b2fe/delta/b85b3eeb0473cfaaa93cac521ed37c8d7ac20e104a65f4f8ac4dee55e15c0b98_assets/automotive/svg/car-makes/plymouth.svg","3104","NOT_FOUND"
"assets/automotive/svg/car-makes/pontiac.svg","35ecba97b0a0e84dfec5192bb51b600dd9535cbddc1bbcf2ed760b7ff1b6b238","orgs/6e9b9e3b-c6be-4991-b03b-cf1f1d2eab4a/apps/com.aaa.iphone.discounts.5fc6b2fe/delta/cb52ff5e25047bf05c47334487ff9dd0e889f996a4fb62fffc7693cee2a75c0b_assets/automotive/svg/car-makes/pontiac.svg","1685","NOT_FOUND"
"assets/automotive/svg/car-makes/porsche.svg.br","d55cc6089934bdf93c742d39528eebfa6ad5f7cae78c07ac627fab745170c3a4","orgs/6e9b9e3b-c6be-4991-b03b-cf1f1d2eab4a/apps/com.aaa.iphone.discounts.5fc6b2fe/delta/c34b96ac66c1734bf606aacbe31fcad11a3e7e1410b8656737f788f22cd76669_assets/automotive/svg/car-makes/porsche.svg.br","6512","NOT_FOUND"
"assets/automotive/svg/car-makes/ram-alt.svg","344d1092fe8db65654d4d272cce6ceeb11cc05d6a24a349275c8a4d2832caf0e","orgs/6e9b9e3b-c6be-4991-b03b-cf1f1d2eab4a/apps/com.aaa.iphone.discounts.5fc6b2fe/delta/1727fbefc04466bc62a6b709e971b2c89447052632fffba12e7baa4646c426f6_assets/automotive/svg/car-makes/ram-alt.svg","3314","NOT_FOUND"
"assets/automotive/svg/car-makes/ram.svg","02e3e9f4c1620574c3184a63c9b1222cc209ba0cffcd29c104cd9b8665f74b81","orgs/6e9b9e3b-c6be-4991-b03b-cf1f1d2eab4a/apps/com.aaa.iphone.discounts.5fc6b2fe/delta/d98a202825680011b1463e620e4bb7964f4ce76f96784f4bd9b39623236c30a5_assets/automotive/svg/car-makes/ram.svg","3586","NOT_FOUND"
"assets/automotive/svg/car-makes/renault-alt.svg","deeb8db1337d56faaf951f0f7cde762230952bc473c7de66b21a918cdedca7fd","orgs/6e9b9e3b-c6be-4991-b03b-cf1f1d2eab4a/apps/com.aaa.iphone.discounts.5fc6b2fe/delta/3026252dd3bf21ece2d6aeed337fb2f7dc4355385d59604631289dc9d6996dc3_assets/automotive/svg/car-makes/renault-alt.svg","2807","NOT_FOUND"
"assets/automotive/svg/car-makes/renault.svg","68aff605c3b1aa3d267c37fa772abc67e05d39162828c2b4b6548f96aa150ff0","orgs/6e9b9e3b-c6be-4991-b03b-cf1f1d2eab4a/apps/com.aaa.iphone.discounts.5fc6b2fe/delta/6c1743218b10802f00b6c667a1e17f900ddcaaa58e9c785ac38067253aaea3b2_assets/automotive/svg/car-makes/renault.svg","4762","NOT_FOUND"
"assets/automotive/svg/car-makes/rolls-royce.svg","c2bf42cd69b79bc852c2908070bb3202e7c167a4399de30e0cb7b4ee718d6a3a","orgs/6e9b9e3b-c6be-4991-b03b-cf1f1d2eab4a/apps/com.aaa.iphone.discounts.5fc6b2fe/delta/ea041562888a94ff4e72b3ad2229892210904331055b0c3be8d752a83afd2162_assets/automotive/svg/car-makes/rolls-royce.svg","1591","NOT_FOUND"
"assets/automotive/svg/car-makes/saab-alt.svg","e787a4a24affcc8afabfc73cad1d70cb22a1aa7274838b96f48a5769f96769a8","orgs/6e9b9e3b-c6be-4991-b03b-cf1f1d2eab4a/apps/com.aaa.iphone.discounts.5fc6b2fe/delta/4ef0045a0df613bb8bc36db1fbadd883abfa5f1e44e0ac1dcbfea6cc78a926f4_assets/automotive/svg/car-makes/saab-alt.svg","7085","NOT_FOUND"
"assets/automotive/svg/car-makes/saab.svg","c9640cdabe82b192bcab8b2f3aa1473c01c340c66985d1cb8cb04ffe96d285ac","orgs/6e9b9e3b-c6be-4991-b03b-cf1f1d2eab4a/apps/com.aaa.iphone.discounts.5fc6b2fe/delta/281ac94d1a64e7ed4e1730a5e1e540ab667518d2ec9fe6e9e8f9806ccc97df72_assets/automotive/svg/car-makes/saab.svg","3717","NOT_FOUND"
"assets/automotive/svg/car-makes/saturn.svg","293d7e41ecb65d41646e0130c0b0db713e167a0180bc7e1694d0cde8b3c45c2d","orgs/6e9b9e3b-c6be-4991-b03b-cf1f1d2eab4a/apps/com.aaa.iphone.discounts.5fc6b2fe/delta/f8236637666383eed358a1401f06c9aaeee741379fb61638dd2aac1b1d04a28d_assets/automotive/svg/car-makes/saturn.svg","943","NOT_FOUND"
"assets/automotive/svg/car-makes/scion.svg","8abbf0799d3aec0062b47918874034f99b53cd689e6113907f47f920aaf69cf2","orgs/6e9b9e3b-c6be-4991-b03b-cf1f1d2eab4a/apps/com.aaa.iphone.discounts.5fc6b2fe/delta/b5487a672dca200e797ab16142754d2d262df7cc5de6396b8ee862bbe8480018_assets/automotive/svg/car-makes/scion.svg","1961","NOT_FOUND"
"assets/automotive/svg/car-makes/seat.svg","c46aa7d37e45d0e391d725c09d1c596c341cb734296a1cc57864bd1985bc74ee","orgs/6e9b9e3b-c6be-4991-b03b-cf1f1d2eab4a/apps/com.aaa.iphone.discounts.5fc6b2fe/delta/1d857cac9ba89ee3639fb616eb337a914c9503325aad1903dc7f1421313153bb_assets/automotive/svg/car-makes/seat.svg","3006","NOT_FOUND"
"assets/automotive/svg/car-makes/skoda.svg","2717c7b5918f24b3f14239d92195946ff1faadc0f1d364704ce73f9c7a594991","orgs/6e9b9e3b-c6be-4991-b03b-cf1f1d2eab4a/apps/com.aaa.iphone.discounts.5fc6b2fe/delta/be756193f082ff1c5103f969ac05442bc0a6254d917b816e03fb9a0c38a6b957_assets/automotive/svg/car-makes/skoda.svg","4785","NOT_FOUND"
"assets/automotive/svg/car-makes/smart.svg","2de8c219f033653baca59eafec15a234e4ea3e805e5f9e19b823a739a7795b18","orgs/6e9b9e3b-c6be-4991-b03b-cf1f1d2eab4a/apps/com.aaa.iphone.discounts.5fc6b2fe/delta/0c4f21060419056290d4f45bbf8d8a494eca59ff1d3b797bb94d8bef9b3d9a8f_assets/automotive/svg/car-makes/smart.svg","795","NOT_FOUND"
"assets/automotive/svg/car-makes/spyker-alt.svg.br","8f914c10b1642af14410f981e4af6b010bee8c2cd02eecb0ed27d3655e3887b5","orgs/6e9b9e3b-c6be-4991-b03b-cf1f1d2eab4a/apps/com.aaa.iphone.discounts.5fc6b2fe/delta/babfe684b3f6b35053b7628cee023e01219399721a28820a4cb7f93906a2dd47_assets/automotive/svg/car-makes/spyker-alt.svg.br","4877","NOT_FOUND"
"assets/automotive/svg/car-makes/spyker.svg.br","25239d71deeec9b551352f5eccb428123153ebf408e42fa079ace505c0555b6d","orgs/6e9b9e3b-c6be-4991-b03b-cf1f1d2eab4a/apps/com.aaa.iphone.discounts.5fc6b2fe/delta/81d69724a7b059a5fdf50c4c7320e32d461a1cfaa4b12bdc2f263ef85dc0295e_assets/automotive/svg/car-makes/spyker.svg.br","4654","NOT_FOUND"
"assets/automotive/svg/car-makes/subaru-alt.svg","e342876c72a2b8f603974c8b1a497df9ed0f03b9d14091a3d60f99a08304cbf5","orgs/6e9b9e3b-c6be-4991-b03b-cf1f1d2eab4a/apps/com.aaa.iphone.discounts.5fc6b2fe/delta/f70a54b355bc8c4c423b08036f6131a322a5f6544d2e3e51aa197fe664e31021_assets/automotive/svg/car-makes/subaru-alt.svg","1599","NOT_FOUND"
"assets/automotive/svg/car-makes/subaru.svg","19a38075a09fe6d77fc8edb304c8fe5eae8e237507da06ba63dca8d68535dbe4","orgs/6e9b9e3b-c6be-4991-b03b-cf1f1d2eab4a/apps/com.aaa.iphone.discounts.5fc6b2fe/delta/5f6969c7031ce51096e99e39c6863d5adee57ce35494878c7d67dafab78536f5_assets/automotive/svg/car-makes/subaru.svg","1180","NOT_FOUND"
"assets/automotive/svg/car-makes/suzuki.svg","cd7d67a6fa7cec558513c0285727974ca34b27edff20a4d6488b28145f4b9b98","orgs/6e9b9e3b-c6be-4991-b03b-cf1f1d2eab4a/apps/com.aaa.iphone.discounts.5fc6b2fe/delta/186ac4c117381b0566cc56b2d6b3081be4adb26eed9d703d83a092b823dd858a_assets/automotive/svg/car-makes/suzuki.svg","2055","NOT_FOUND"
"assets/automotive/svg/car-makes/tesla.svg","c58336f507dd4ec14e3a345378c8912e8d18a01a0e594797f0b06b827eb8f30a","orgs/6e9b9e3b-c6be-4991-b03b-cf1f1d2eab4a/apps/com.aaa.iphone.discounts.5fc6b2fe/delta/42a4d120710269a06008e71902c2ac3fdeb8995ebeb42449a9b438362bda4f4f_assets/automotive/svg/car-makes/tesla.svg","894","NOT_FOUND"
"assets/automotive/svg/car-makes/toyota.svg","a3a65b1d95e21d201be1b48ba8b03ab7513c83a3f5d49e8b1038ddce26ed28e8","orgs/6e9b9e3b-c6be-4991-b03b-cf1f1d2eab4a/apps/com.aaa.iphone.discounts.5fc6b2fe/delta/571c3dd38747c23a1925289f3aaa10280adbc9c20ebf22aea2e126cb55eb96e5_assets/automotive/svg/car-makes/toyota.svg","1644","NOT_FOUND"
"assets/automotive/svg/car-makes/volkswagen.svg","6b84e9a196dd673da5b7fb1f4b9001c4997ffa177acc33748a333b05d8311ada","orgs/6e9b9e3b-c6be-4991-b03b-cf1f1d2eab4a/apps/com.aaa.iphone.discounts.5fc6b2fe/delta/64e7d813d7be748a7b47ec845182d06e02e0a8eecdb296afcaaad360a371713b_assets/automotive/svg/car-makes/volkswagen.svg","1319","NOT_FOUND"
"assets/automotive/svg/car-makes/volvo-alt.svg","50ea88fe3b5e112a426410860c40dd7f9618a780f89d54aa7952f7112ea80ff7","orgs/6e9b9e3b-c6be-4991-b03b-cf1f1d2eab4a/apps/com.aaa.iphone.discounts.5fc6b2fe/delta/91739a6395218037ce929a36a3ef728f4a6a07588c52ec1343beb30e1970382a_assets/automotive/svg/car-makes/volvo-alt.svg","1308","NOT_FOUND"
"assets/automotive/svg/car-makes/volvo.svg","f1fc143c2199de9205a34481c78f0187ffe1e45ac497b9d65c3b1fde4541c6f1","orgs/6e9b9e3b-c6be-4991-b03b-cf1f1d2eab4a/apps/com.aaa.iphone.discounts.5fc6b2fe/delta/c417f7c0f89a73381ea9b4ef2e7407eb7a086271864875667ee254cf12486412_assets/automotive/svg/car-makes/volvo.svg","1508","NOT_FOUND"
"assets/automotive/svg/car-play.svg","6197b59ff87804535134b2b4539db90b1a6eeb5512fc5d5ec4c0c63b5be56ec8","orgs/6e9b9e3b-c6be-4991-b03b-cf1f1d2eab4a/apps/com.aaa.iphone.discounts.5fc6b2fe/delta/7abfc91a6aec23aaabe3f76d3231ec5e40d164acf8ac9ff08ec95cf23f385a80_assets/automotive/svg/car-play.svg","708","NOT_FOUND"
"assets/automotive/svg/vehicle-error-alert.svg","d7030555a79d87ed939cc197f8004aaddbb3b2d1aa1d1e80500b1ef564ea1d7a","orgs/6e9b9e3b-c6be-4991-b03b-cf1f1d2eab4a/apps/com.aaa.iphone.discounts.5fc6b2fe/delta/b8b35525d9256a383101c8b72506727e6fc030feedc455abe3d93b064519a8b6_assets/automotive/svg/vehicle-error-alert.svg","905","NOT_FOUND"
"assets/automotive/svg/vehicle-error.svg","6b5a94a17b83c49d94cf07879e0d8f51e0e5dad47329b4f85afb628c4455136f","orgs/6e9b9e3b-c6be-4991-b03b-cf1f1d2eab4a/apps/com.aaa.iphone.discounts.5fc6b2fe/delta/6adc27bf6dfe43c0462966c5f22fcda4c2b909c51dac1c4944841c4f204f22a5_assets/automotive/svg/vehicle-error.svg","887","NOT_FOUND"
"assets/automotive/svg/vehicle-license-plate.svg","6bffb18d5d101a3c3f534c64f330ea16231bb6d13c7062e93d33332baacc3a52","orgs/6e9b9e3b-c6be-4991-b03b-cf1f1d2eab4a/apps/com.aaa.iphone.discounts.5fc6b2fe/delta/25c1dc863f76a541cd2d5bfb833a6bc8417e87411c4c29a77ccd6aaccfeadda0_assets/automotive/svg/vehicle-license-plate.svg","1603","NOT_FOUND"
"assets/automotive/svg/vehicle-network-error.svg","e40bc9eb1f11553bfcd9f8e80f6e688cba5dfebc1e0df7e4a3c0d215d7714291","orgs/6e9b9e3b-c6be-4991-b03b-cf1f1d2eab4a/apps/com.aaa.iphone.discounts.5fc6b2fe/delta/1f410379baab72590782496ca53f71bf2e7e7dd0408f5813f78a2e9149fc35f2_assets/automotive/svg/vehicle-network-error.svg","732","NOT_FOUND"
"assets/automotive/svg/vehicle-recall.svg","b10a74c16e11790f713eecb0aba612b58130745e198c783a58b6af6ba8d8fd08","orgs/6e9b9e3b-c6be-4991-b03b-cf1f1d2eab4a/apps/com.aaa.iphone.discounts.5fc6b2fe/delta/7a81a6f87acf42189768e104bef91a22d851b4301eb8bf65f9de99aacbdc5ba7_assets/automotive/svg/vehicle-recall.svg","2504","NOT_FOUND"
"assets/automotive/svg/vehicle-state-code.svg","c263349e9918d12cac61f1d5d2c5ba3a82f52546a5027bacbf3d7451a111fa42","orgs/6e9b9e3b-c6be-4991-b03b-cf1f1d2eab4a/apps/com.aaa.iphone.discounts.5fc6b2fe/delta/acb77f3a351acc46d7923aacdd10d8db917cd3235ea1f48e32202c671e9a0684_assets/automotive/svg/vehicle-state-code.svg","3752","NOT_FOUND"
"assets/automotive/svg/vehicle-tire.svg","70fc8b7fb0e42d9e249f85f43b528d8830331e76d30206b0d7b0dacb55ea8f28","orgs/6e9b9e3b-c6be-4991-b03b-cf1f1d2eab4a/apps/com.aaa.iphone.discounts.5fc6b2fe/delta/59d2137e6afcc9276137e123fed09db2e4e261b23ecf339d4dcea38787dffbde_assets/automotive/svg/vehicle-tire.svg","3150","NOT_FOUND"
"assets/automotive/svg/vehicle-warning.svg","c9bec9b7b0f286cacb59f0b458d3a4587abfceaf26c4d92bd33ca7a1a40353c8","orgs/6e9b9e3b-c6be-4991-b03b-cf1f1d2eab4a/apps/com.aaa.iphone.discounts.5fc6b2fe/delta/4173fd5a098c1a253e6fe6bcaf2aeff078b13f8678f548846efc46b0eb0402ef_assets/automotive/svg/vehicle-warning.svg","951","NOT_FOUND"
"assets/automotive/svg/vehicle.svg","d32ed8e420443ca303440b962c23606c9731e79f5e121c28de065959494305ac","orgs/6e9b9e3b-c6be-4991-b03b-cf1f1d2eab4a/apps/com.aaa.iphone.discounts.5fc6b2fe/delta/54db58107e7af398b3a0755057475b0e52dbba19185a3630325a37a227ce5a4c_assets/automotive/svg/vehicle.svg","845","NOT_FOUND"
"assets/csaa-mobile/fonts/Cabin-Bold.ttf.br","2fb4679cc54451442332e6f41ad8936ab72bcc3a744a702c805f0ccc36d48e33","orgs/6e9b9e3b-c6be-4991-b03b-cf1f1d2eab4a/apps/com.aaa.iphone.discounts.5fc6b2fe/delta/4077217a892b30b724ea7b23c69a7d0c8df7b5f6333a6e4d830c1511563a6d6a_assets/csaa-mobile/fonts/Cabin-Bold.ttf.br","30963","NOT_FOUND"
"assets/csaa-mobile/fonts/Cabin-Medium.ttf.br","065fe5f03034cd2f299490e224afdab2c3b3d2569bb36911812261e14e305033","orgs/6e9b9e3b-c6be-4991-b03b-cf1f1d2eab4a/apps/com.aaa.iphone.discounts.5fc6b2fe/delta/b2b583f4027d6188fa93a3cdb72197eefe1b0d2c888f2f042c8e6d5d16c1f685_assets/csaa-mobile/fonts/Cabin-Medium.ttf.br","32665","NOT_FOUND"
"assets/csaa-mobile/fonts/Cabin-Regular.ttf.br","c05e6ca432a224b116b35832f5a3bbf51a76219ba7c980117e74493a3765f7ca","orgs/6e9b9e3b-c6be-4991-b03b-cf1f1d2eab4a/apps/com.aaa.iphone.discounts.5fc6b2fe/delta/03f3f66a92a0f1e4672b8fe2cb432e00097a2d31df3410c49c2cd415a7bdb1c4_assets/csaa-mobile/fonts/Cabin-Regular.ttf.br","31237","NOT_FOUND"
"assets/csaa-mobile/fonts/Raleway-Bold.ttf.br","33873225d1aa99f6dcacf5af464ea4f96ddb16e4db1c71afdee4c0dab1c7c4a2","orgs/6e9b9e3b-c6be-4991-b03b-cf1f1d2eab4a/apps/com.aaa.iphone.discounts.5fc6b2fe/delta/8f5d397f735c67fec69d0b46f2f6efa149465b3d5577b27d20f9aa842f9be394_assets/csaa-mobile/fonts/Raleway-Bold.ttf.br","69656","NOT_FOUND"
"assets/csaa-mobile/fonts/Raleway-Light.ttf.br","79b7dc3b96da214096c6990fe9b0f0ac1e40b49cc2677e28910ea83ab43c991b","orgs/6e9b9e3b-c6be-4991-b03b-cf1f1d2eab4a/apps/com.aaa.iphone.discounts.5fc6b2fe/delta/831deb533ce489ab725b23502cb757de1ed26e409bf332780fe2bc2ad186edc7_assets/csaa-mobile/fonts/Raleway-Light.ttf.br","67814","NOT_FOUND"
"assets/csaa-mobile/fonts/Raleway-Medium.ttf.br","fcf7e9e80aef735fb8f02be8a25f9de6d05ccc319be1ed154154c81e492e75e4","orgs/6e9b9e3b-c6be-4991-b03b-cf1f1d2eab4a/apps/com.aaa.iphone.discounts.5fc6b2fe/delta/c7f84f366663de0041779d26916a789580af4a8a87eadbb8fcb6c2dd6d799681_assets/csaa-mobile/fonts/Raleway-Medium.ttf.br","66930","NOT_FOUND"
"assets/csaa-mobile/fonts/Raleway-Regular.ttf.br","f6eaeb48224229bf83b2b8972647947f137fb4ae1f87dd0af54d68356d2bb678","orgs/6e9b9e3b-c6be-4991-b03b-cf1f1d2eab4a/apps/com.aaa.iphone.discounts.5fc6b2fe/delta/4c249915db01b0038ef4c2c81ca81bb2751ff418de2456513272da5a870f8afd_assets/csaa-mobile/fonts/Raleway-Regular.ttf.br","68507","NOT_FOUND"
"assets/csaa-mobile/fonts/Raleway-SemiBold.ttf.br","b1123d01524e81d216a80eb0d000e3be37f14a89c251940f477400ace7fef138","orgs/6e9b9e3b-c6be-4991-b03b-cf1f1d2eab4a/apps/com.aaa.iphone.discounts.5fc6b2fe/delta/55af3372659038566ef57dbf3208b32b3cfaa0c57bdc175f6c30b695ce9b5214_assets/csaa-mobile/fonts/Raleway-SemiBold.ttf.br","69481","NOT_FOUND"
"assets/csaa-mobile/fonts/SF-Pro-Display-Bold.otf.br","0cc620feffe4f5ec9d85c2353451721cc6800b67751b3a54e7b842f7013efb5b","orgs/6e9b9e3b-c6be-4991-b03b-cf1f1d2eab4a/apps/com.aaa.iphone.discounts.5fc6b2fe/delta/b51864a1b31c60e50497e027f345f06968e3b825d3b5d0a799fe64a9fdbb4ff1_assets/csaa-mobile/fonts/SF-Pro-Display-Bold.otf.br","130056","NOT_FOUND"
"assets/csaa-mobile/fonts/SF-Pro-Display-Light.otf.br","1809851721921448c6bc7a05dad18f61b4fe787818fc407dfca816c67400663f","orgs/6e9b9e3b-c6be-4991-b03b-cf1f1d2eab4a/apps/com.aaa.iphone.discounts.5fc6b2fe/delta/eda38041903b75304d7dea9292113844fe96ba37b0f24d44c23db6e1182d14b4_assets/csaa-mobile/fonts/SF-Pro-Display-Light.otf.br","132263","NOT_FOUND"
"assets/csaa-mobile/fonts/SF-Pro-Display-Medium.otf.br","899daa28b51c9381f1b5972aa174bb7df94992a10dd7e871371a61eb54713af7","orgs/6e9b9e3b-c6be-4991-b03b-cf1f1d2eab4a/apps/com.aaa.iphone.discounts.5fc6b2fe/delta/f25d807516a81fc8fef03df71936045729c33b10ef486ed0be5b2e481c33aa73_assets/csaa-mobile/fonts/SF-Pro-Display-Medium.otf.br","131136","NOT_FOUND"
"assets/csaa-mobile/fonts/SF-Pro-Text-Bold.otf.br","dee918c75346aa1767d0f60672a69d0c25a4be96bea1ca5e3bc20fafb4a303be","orgs/6e9b9e3b-c6be-4991-b03b-cf1f1d2eab4a/apps/com.aaa.iphone.discounts.5fc6b2fe/delta/e380601db9716dc93f0c08519caa6bcb880a28d1bbafdee6bd76f2fa5e19bad2_assets/csaa-mobile/fonts/SF-Pro-Text-Bold.otf.br","132355","NOT_FOUND"
"assets/csaa-mobile/fonts/SF-Pro-Text-Medium.otf.br","83b3765e780ae31097153df05a7a0d3156cf42450ccc67655fa39df85fc8c477","orgs/6e9b9e3b-c6be-4991-b03b-cf1f1d2eab4a/apps/com.aaa.iphone.discounts.5fc6b2fe/delta/2dc211283ea94a808c6e5459b294dc70ad73814d2f90358cfa06d91dc4d930fd_assets/csaa-mobile/fonts/SF-Pro-Text-Medium.otf.br","132337","NOT_FOUND"
"assets/csaa-mobile/fonts/SF-Pro-Text-Regular.otf.br","865ce7193e6206385f40249d998bccdf78954cacc6401c38b522651f9d478b7d","orgs/6e9b9e3b-c6be-4991-b03b-cf1f1d2eab4a/apps/com.aaa.iphone.discounts.5fc6b2fe/delta/95a41482cb7db4b0d39a7842f0fb7194970815fd855e13fc54cc3ece4554a857_assets/csaa-mobile/fonts/SF-Pro-Text-Regular.otf.br","122926","NOT_FOUND"
"assets/csaa-mobile/fonts/Smart-Bold.otf.br","74f5bab73a6ec01a87352ba06b28dc68c0bde0b700a51c4232e98761d0b22189","orgs/6e9b9e3b-c6be-4991-b03b-cf1f1d2eab4a/apps/com.aaa.iphone.discounts.5fc6b2fe/delta/8b09fb2de9548b3b080635e40d5701d570fd1fb15ef52706e1fa16221860c4a3_assets/csaa-mobile/fonts/Smart-Bold.otf.br","39116","NOT_FOUND"
"assets/csaa-mobile/fonts/Smart-Light.otf.br","82c75dffa40bfb7dba278b178a43b362bcadb5ddfbdf31d09f042653e3616e1d","orgs/6e9b9e3b-c6be-4991-b03b-cf1f1d2eab4a/apps/com.aaa.iphone.discounts.5fc6b2fe/delta/48be1a59422989a4915f52e1b270f44f74ccdf46ac3fb2a30975d9e9f766992c_assets/csaa-mobile/fonts/Smart-Light.otf.br","37965","NOT_FOUND"
"assets/csaa-mobile/fonts/Smart-Medium.otf.br","ef9f3ac095eee95ef29ab8bd00c4d6200a6aee44efa0eb52784eb49186a27516","orgs/6e9b9e3b-c6be-4991-b03b-cf1f1d2eab4a/apps/com.aaa.iphone.discounts.5fc6b2fe/delta/da618ea2eac8fb902e263cf07c588415dccef051be04becdc54667bfec90aa28_assets/csaa-mobile/fonts/Smart-Medium.otf.br","38030","NOT_FOUND"
"assets/csaa-mobile/fonts/Smart-Regular.otf.br","863d2187477e83f2ceb395c14bd78b1fbc9e5d71f659aa2545ebb87b8dccf8fd","orgs/6e9b9e3b-c6be-4991-b03b-cf1f1d2eab4a/apps/com.aaa.iphone.discounts.5fc6b2fe/delta/86e593b0ce01e041452022f0a1a91f9ca89727090f8797185a09a4accebffe8e_assets/csaa-mobile/fonts/Smart-Regular.otf.br","38392","NOT_FOUND"
"assets/csaa-mobile/imgs/auto-policy-bg.jpg","d5290e70ed91850d7d2cf5938adcde5326741ea18f16b70ec6fb55b8ce26d012","orgs/6e9b9e3b-c6be-4991-b03b-cf1f1d2eab4a/apps/com.aaa.iphone.discounts.5fc6b2fe/delta/be5b7f836c668c7c358b2e1f0987aa40f05dfd6508cf833f69972fe7af811dc4_assets/csaa-mobile/imgs/auto-policy-bg.jpg","91117","NOT_FOUND"
"assets/csaa-mobile/imgs/call-911.jpg","5365419d5d389e62c2cd26777cf775622f64a0d2074c55f4684e654bbd8333fa","orgs/6e9b9e3b-c6be-4991-b03b-cf1f1d2eab4a/apps/com.aaa.iphone.discounts.5fc6b2fe/delta/884e93a0fababba598e75ad38e59acd820f088a3ce55377df5bed4ef18145094_assets/csaa-mobile/imgs/call-911.jpg","48012","NOT_FOUND"
"assets/csaa-mobile/imgs/call-us.jpg.br","1c4e1c03a4916e1ab9d9b8af2d347a4ac49e57992549bb87750e1afefcd8bfa1","orgs/6e9b9e3b-c6be-4991-b03b-cf1f1d2eab4a/apps/com.aaa.iphone.discounts.5fc6b2fe/delta/95f672b8aa9d396f96b523183c8f13573e87a549772c7eab1fe99ade7ba2dbeb_assets/csaa-mobile/imgs/call-us.jpg.br","93833","NOT_FOUND"
"assets/csaa-mobile/imgs/claims-error-card.jpeg","7c90275f0bddf377298a55e575426b6c6f87e49286b84edb9124e1ed3b66a4bf","orgs/6e9b9e3b-c6be-4991-b03b-cf1f1d2eab4a/apps/com.aaa.iphone.discounts.5fc6b2fe/delta/cb1c84590f15ba781b78ad011d3ac659b9a455adef53f91760ade0b3a6a27052_assets/csaa-mobile/imgs/claims-error-card.jpeg","52293","NOT_FOUND"
"assets/csaa-mobile/imgs/coverages-error-card.jpeg.br","8502ed26f3363a4aec23607b7c969bfa44a0b8377ee07c8acc1aa543ae7320eb","orgs/6e9b9e3b-c6be-4991-b03b-cf1f1d2eab4a/apps/com.aaa.iphone.discounts.5fc6b2fe/delta/8bdc62113752e366873928adbfa837ac76992aba2171bd85986aed35b5a3ecae_assets/csaa-mobile/imgs/coverages-error-card.jpeg.br","334518","NOT_FOUND"
"assets/csaa-mobile/imgs/face-id.svg","207d1a492bcee9b318333d277dc23c4d1d6d94d8ddc20c85f2ac3d593e68f6ba","orgs/6e9b9e3b-c6be-4991-b03b-cf1f1d2eab4a/apps/com.aaa.iphone.discounts.5fc6b2fe/delta/7009a7ca4f61b0791ae598cfd281ebc244dce20999e516df42f542b95ba754ab_assets/csaa-mobile/imgs/face-id.svg","1294","NOT_FOUND"
"assets/csaa-mobile/imgs/gradient-border-acg.png","59460c6c184da072d786ea638a385fde5c3302475a3ca66636c153c2b5e0ee63","orgs/6e9b9e3b-c6be-4991-b03b-cf1f1d2eab4a/apps/com.aaa.iphone.discounts.5fc6b2fe/delta/00a942f194f340505030b2071948156e51a36948182a450140c4c6179259965e_assets/csaa-mobile/imgs/gradient-border-acg.png","4434","NOT_FOUND"
"assets/csaa-mobile/imgs/gradient-border.png","af447810f6354027149705346ff999224e3861bc0a07b1e27b575f57643e3b38","orgs/6e9b9e3b-c6be-4991-b03b-cf1f1d2eab4a/apps/com.aaa.iphone.discounts.5fc6b2fe/delta/2fc12ae2d877d79ca580f285b71f1c81c074a84938daa23fbda97599e984068a_assets/csaa-mobile/imgs/gradient-border.png","3408","NOT_FOUND"
"assets/csaa-mobile/imgs/history-button-bg.jpg.br","ce0eb25ecaa7e4216f1b8dca3ef4910d313b5cd4840b7e5e5b800d1eebaa311a","orgs/6e9b9e3b-c6be-4991-b03b-cf1f1d2eab4a/apps/com.aaa.iphone.discounts.5fc6b2fe/delta/ea738e80626b616cd5e1b62c29ebbb92db3861034a751cca5a2135a8cb79ae08_assets/csaa-mobile/imgs/history-button-bg.jpg.br","8185","NOT_FOUND"
"assets/csaa-mobile/imgs/home-call-911.jpg.br","7d0458c017a937210b538308eaa8f89f614ff36dab0214470d1051004ec7e1b8","orgs/6e9b9e3b-c6be-4991-b03b-cf1f1d2eab4a/apps/com.aaa.iphone.discounts.5fc6b2fe/delta/a76304fe0510afd7e079b4be79754b01963fe839e8c0be4c6e35e02e291072c0_assets/csaa-mobile/imgs/home-call-911.jpg.br","80645","NOT_FOUND"
"assets/csaa-mobile/imgs/home-policy-bg.jpg","d8b3a363fc0f98daab1e899e80e2038183036f4acdb156271ddf318c718c1467","orgs/6e9b9e3b-c6be-4991-b03b-cf1f1d2eab4a/apps/com.aaa.iphone.discounts.5fc6b2fe/delta/6c7f923408dad1931743ac6f234f7b413ae8a2851f13e055bdf3ebd06c4ef442_assets/csaa-mobile/imgs/home-policy-bg.jpg","195059","NOT_FOUND"
"assets/csaa-mobile/imgs/home-report-claim.jpg.br","c7252c8ae514ae040b9aa71f3799edbfbab46e205a811bcfe452dbd7291db4fc","orgs/6e9b9e3b-c6be-4991-b03b-cf1f1d2eab4a/apps/com.aaa.iphone.discounts.5fc6b2fe/delta/3ae51dc36378ecfe7914a614b7c98887f40804c798f4ef4a045934cf2bf83e30_assets/csaa-mobile/imgs/home-report-claim.jpg.br","126502","NOT_FOUND"
"assets/csaa-mobile/imgs/home-take-photos.jpg.br","4f3003af424c5a17e400590fee5f163ec2ef11505ee986f1b8ffd35e332819b8","orgs/6e9b9e3b-c6be-4991-b03b-cf1f1d2eab4a/apps/com.aaa.iphone.discounts.5fc6b2fe/delta/ad3610d3c961cead30d24e280d8e612d571abf8d40809e09452c3b65d7905108_assets/csaa-mobile/imgs/home-take-photos.jpg.br","106188","NOT_FOUND"
"assets/csaa-mobile/imgs/iar-failed.png","69b101fd6448296aa49e8ffb6db574a9491a6b4b45fe4225ae73397b3cbd9d9e","orgs/6e9b9e3b-c6be-4991-b03b-cf1f1d2eab4a/apps/com.aaa.iphone.discounts.5fc6b2fe/delta/0c6f1b9588308754ca5b3a61f126605594d7ffd460eb10005922a37e0e199405_assets/csaa-mobile/imgs/iar-failed.png","89645","NOT_FOUND"
"assets/csaa-mobile/imgs/iar-simplified.png","d348da0110616bad73048c4a263920d8915dfd1949ef8814d22f6557f2021b0a","orgs/6e9b9e3b-c6be-4991-b03b-cf1f1d2eab4a/apps/com.aaa.iphone.discounts.5fc6b2fe/delta/cf664bbdaec3c91269f8a06334a71c356053a6e7bb9f40633776f9e9fbd747fb_assets/csaa-mobile/imgs/iar-simplified.png","65992","NOT_FOUND"
"assets/csaa-mobile/imgs/icon.png","0fbcfdc21fd88802d6fe5084114d50ccfaa3ca4b8919f52c2e3453b244ed3426","orgs/6e9b9e3b-c6be-4991-b03b-cf1f1d2eab4a/apps/com.aaa.iphone.discounts.5fc6b2fe/delta/2f582ef736604ec7b729624dd12e09fd512f794319e0ef7de0db9c22ad259e2f_assets/csaa-mobile/imgs/icon.png","4357","NOT_FOUND"
"assets/csaa-mobile/imgs/insurance-error-card.jpeg.br","86e4e3f6abfeaf9452d47fde99fdb38c724fa5ee8a37ec5b3642d8aa3113212d","orgs/6e9b9e3b-c6be-4991-b03b-cf1f1d2eab4a/apps/com.aaa.iphone.discounts.5fc6b2fe/delta/30a0b14bddc7c597b25497663d3c4eca857f35e6f36c413c73f34e816d380efd_assets/csaa-mobile/imgs/insurance-error-card.jpeg.br","515147","NOT_FOUND"
"assets/csaa-mobile/imgs/landing-bg.jpg","2431b42e57b1528bc4bcd17b5a08f5a0d8c164031d10b2ef5feb8574ee1f467d","orgs/6e9b9e3b-c6be-4991-b03b-cf1f1d2eab4a/apps/com.aaa.iphone.discounts.5fc6b2fe/delta/bddfeb435b058601c894cc2c5581ad94bf39c351658c5174dfb19c36056fb93f_assets/csaa-mobile/imgs/landing-bg.jpg","176859","NOT_FOUND"
"assets/csaa-mobile/imgs/lonelyroad.png","df3b300e6725077e514891fddea3d7998b6022ce73d844226d7098f0b419912f","orgs/6e9b9e3b-c6be-4991-b03b-cf1f1d2eab4a/apps/com.aaa.iphone.discounts.5fc6b2fe/delta/046af612749a8d3d83bbe756a87057e4cda9043b05ace908dc0e4f0e73d7f287_assets/csaa-mobile/imgs/lonelyroad.png","301309","NOT_FOUND"
"assets/csaa-mobile/imgs/no-payments.jpg","45188c94cc3f5e663957bf5d659048e0ce995083270452751f27b7d7737391f0","orgs/6e9b9e3b-c6be-4991-b03b-cf1f1d2eab4a/apps/com.aaa.iphone.discounts.5fc6b2fe/delta/905443af17b947aab173c1026b3a384075fc9be8c66334dc02dbbc09f3e97f29_assets/csaa-mobile/imgs/no-payments.jpg","168198","NOT_FOUND"
"assets/csaa-mobile/imgs/payments-error-card.jpeg.br","8502ed26f3363a4aec23607b7c969bfa44a0b8377ee07c8acc1aa543ae7320eb","orgs/6e9b9e3b-c6be-4991-b03b-cf1f1d2eab4a/apps/com.aaa.iphone.discounts.5fc6b2fe/delta/8bdc62113752e366873928adbfa837ac76992aba2171bd85986aed35b5a3ecae_assets/csaa-mobile/imgs/payments-error-card.jpeg.br","334518","NOT_FOUND"
"assets/csaa-mobile/imgs/signup-auto-policy-bg.jpg","91e7e9f8f8dca05162f992d2ff6c3b869ce676718e03f132818b8689b1dca542","orgs/6e9b9e3b-c6be-4991-b03b-cf1f1d2eab4a/apps/com.aaa.iphone.discounts.5fc6b2fe/delta/1e4e49201c41b984a27aec08d2bc215657bd109847c2f8ef499f338f266cc224_assets/csaa-mobile/imgs/signup-auto-policy-bg.jpg","79856","NOT_FOUND"
"assets/csaa-mobile/imgs/signup-home-policy-bg.jpg","837b96926498d1d27e06dde0e0d4b7c5585aaba3645dd0ce86eb89b673318968","orgs/6e9b9e3b-c6be-4991-b03b-cf1f1d2eab4a/apps/com.aaa.iphone.discounts.5fc6b2fe/delta/ddd214f7451b26ad9b3314835843e317760d6e55d58d14155c085032f9f43c1a_assets/csaa-mobile/imgs/signup-home-policy-bg.jpg","88192","NOT_FOUND"
"assets/csaa-mobile/imgs/take-photos.jpg","c18a70f2caaa3defa8557760dd976b7498442d067528fbd7a3ff7a9bc6f580df","orgs/6e9b9e3b-c6be-4991-b03b-cf1f1d2eab4a/apps/com.aaa.iphone.discounts.5fc6b2fe/delta/53560a75facba2e4c7aac396b45d24e14df4fa26f95f4dbe68f244f429456026_assets/csaa-mobile/imgs/take-photos.jpg","143122","NOT_FOUND"
"assets/csaa-mobile/imgs/touch-id.svg","b14a17b4a42904428d36b15ce1b93bf33fab8d15d916f4333fd51a0a9e6acb35","orgs/6e9b9e3b-c6be-4991-b03b-cf1f1d2eab4a/apps/com.aaa.iphone.discounts.5fc6b2fe/delta/f6bd94972859c92ed69a8a119e93f71101b4d9d9e8bc2c169532d5d171a554fe_assets/csaa-mobile/imgs/touch-id.svg","4902","NOT_FOUND"
"assets/csaa-mobile/vectors/aaa-insurance-logo.svg.br","1316ffa8b77bd1104a66e3439f823baf026ffd4dbaba27f351cd21a67de2355b","orgs/6e9b9e3b-c6be-4991-b03b-cf1f1d2eab4a/apps/com.aaa.iphone.discounts.5fc6b2fe/delta/e6a65594a6121c6d0b1aa09bba3c4aa545bea149a1ef3dd86532fd117d0b1c6c_assets/csaa-mobile/vectors/aaa-insurance-logo.svg.br","3182","NOT_FOUND"
"assets/csaa-mobile/vectors/aaa-logo.svg","3a56ae38cfa4d2bd3042d12b3aef125c94fc79f9b63fc7a50018caf89f74872c","orgs/6e9b9e3b-c6be-4991-b03b-cf1f1d2eab4a/apps/com.aaa.iphone.discounts.5fc6b2fe/delta/3e5b9b13bdf750a412b5251ba827b22f90fe4d79c58d13e6c630f398a622f7ff_assets/csaa-mobile/vectors/aaa-logo.svg","1754","NOT_FOUND"
"assets/csaa-mobile/vectors/add-apple-wallet.svg.br","364b62a55226b92ee5445f216c089c0e837192a703aed3e999193fd7f30e6096","orgs/6e9b9e3b-c6be-4991-b03b-cf1f1d2eab4a/apps/com.aaa.iphone.discounts.5fc6b2fe/delta/056b6c683caf364b3016e838772505f11a3a15ecd3b6ddbddc8a975bf1168d7a_assets/csaa-mobile/vectors/add-apple-wallet.svg.br","11702","NOT_FOUND"
"assets/csaa-mobile/vectors/amex.svg","d56a9fc6da71c4d3b578d958f779fe584339515039aab6e32244d974e24358d2","orgs/6e9b9e3b-c6be-4991-b03b-cf1f1d2eab4a/apps/com.aaa.iphone.discounts.5fc6b2fe/delta/d672ab41643afd3562b2a8a8bdfdc2747fa215ef477cd4eb80b7d19ca0ebd388_assets/csaa-mobile/vectors/amex.svg","2150","NOT_FOUND"
"assets/csaa-mobile/vectors/avatar.svg","4535324f9aa9ff468143662f60fc28dbabd384da4a1f89b8be75824a0f57d93e","orgs/6e9b9e3b-c6be-4991-b03b-cf1f1d2eab4a/apps/com.aaa.iphone.discounts.5fc6b2fe/delta/477436b99de3a0ea5d1eb71f0b84efe87d86f68b71d924f35e9a5ef18f31dc36_assets/csaa-mobile/vectors/avatar.svg","1753","NOT_FOUND"
"assets/csaa-mobile/vectors/bank.svg","2633b34e6e996318c6145ecfe560e6a9bb92fdb5649032245c1c62f7416974f7","orgs/6e9b9e3b-c6be-4991-b03b-cf1f1d2eab4a/apps/com.aaa.iphone.discounts.5fc6b2fe/delta/882e3c310bf26689a81b1c73522b71d73fee1e780cdb03654722affbaf6bba43_assets/csaa-mobile/vectors/bank.svg","2406","NOT_FOUND"
"assets/csaa-mobile/vectors/black-bullet.svg","277cca6c9ab855e200f4bc797fecb0d435b3202ad20bccb8044a66dced249a7a","orgs/6e9b9e3b-c6be-4991-b03b-cf1f1d2eab4a/apps/com.aaa.iphone.discounts.5fc6b2fe/delta/134ee96e6ea9fa0a1f31590459314f85afad5a8b95a103acbfaa895bbaeae7f7_assets/csaa-mobile/vectors/black-bullet.svg","143","NOT_FOUND"
"assets/csaa-mobile/vectors/car-side.svg","dba408c6bb829ebeabb2a283d4057e7579a2499a4f502d3020abae4c4cc9c003","orgs/6e9b9e3b-c6be-4991-b03b-cf1f1d2eab4a/apps/com.aaa.iphone.discounts.5fc6b2fe/delta/647c584a0c6a8e00d6361cb51e080757bd526cfc549f484ddbcb4b3522ed9532_assets/csaa-mobile/vectors/car-side.svg","1615","NOT_FOUND"
"assets/csaa-mobile/vectors/checkmark.svg","26fd4bd13f62b1ff36b7e849d296777e9d9c56847c3a0aff380bf2f724fcc77f","orgs/6e9b9e3b-c6be-4991-b03b-cf1f1d2eab4a/apps/com.aaa.iphone.discounts.5fc6b2fe/delta/c6ef7eeab15f6fa451fa341c49716238103f85ff4a9a81b60d96522e8daf2c16_assets/csaa-mobile/vectors/checkmark.svg","674","NOT_FOUND"
"assets/csaa-mobile/vectors/danger-exclamation.svg","dc4d423ba675665f27e02829d31a49e00ac5d3dfaf88da54146dab51019465fb","orgs/6e9b9e3b-c6be-4991-b03b-cf1f1d2eab4a/apps/com.aaa.iphone.discounts.5fc6b2fe/delta/12cdcb19edcc384a191cf090bfa8abeab8275578ca62b91e1f6f429852a8a83f_assets/csaa-mobile/vectors/danger-exclamation.svg","646","NOT_FOUND"
"assets/csaa-mobile/vectors/danger.svg","a19d5825187d2ecfb4e15f78acdffff0063465ad385e5222b6ae1358f8ce796a","orgs/6e9b9e3b-c6be-4991-b03b-cf1f1d2eab4a/apps/com.aaa.iphone.discounts.5fc6b2fe/delta/cf333fb8dafb438874c13b67e0f1bb5625ed0dfb79606fd30f868ccd0c245ed2_assets/csaa-mobile/vectors/danger.svg","889","NOT_FOUND"
"assets/csaa-mobile/vectors/discover.svg.br","0a567ee77330e6324790867652053bcc44ace0af4dbb6ee0a4b5aa592423e66f","orgs/6e9b9e3b-c6be-4991-b03b-cf1f1d2eab4a/apps/com.aaa.iphone.discounts.5fc6b2fe/delta/5c988e2ad496920bff585725dd106d87593a5093282ed3d411c03bf7cfd1810f_assets/csaa-mobile/vectors/discover.svg.br","11181","NOT_FOUND"
"assets/csaa-mobile/vectors/flag.svg","ccb831a0a4f44deded70e9749716c6ff3207ae68fe322e3e01d0afd516d2d32b","orgs/6e9b9e3b-c6be-4991-b03b-cf1f1d2eab4a/apps/com.aaa.iphone.discounts.5fc6b2fe/delta/45a8d544e1ae6cb48d9993dcf3f5250dc0d92415f4409b4a6f26ecf2e9caf43a_assets/csaa-mobile/vectors/flag.svg","1827","NOT_FOUND"
"assets/csaa-mobile/vectors/icn-AUTO-black.svg","03ee2645a062fce22f740fcf4b33d2b492c3d2b17da003c68cfe7faea593d01c","orgs/6e9b9e3b-c6be-4991-b03b-cf1f1d2eab4a/apps/com.aaa.iphone.discounts.5fc6b2fe/delta/d9a58e34f8732e61391a9a1542039a05ec5fbb4d6688cb392c00a63f12f9f036_assets/csaa-mobile/vectors/icn-AUTO-black.svg","1332","NOT_FOUND"
"assets/csaa-mobile/vectors/icn-AUTO.svg","50d00421469e3e9d93187a4b5b41464cc3a704e6c7b65ac0951abd79d352013e","orgs/6e9b9e3b-c6be-4991-b03b-cf1f1d2eab4a/apps/com.aaa.iphone.discounts.5fc6b2fe/delta/240f7b401e71ef1d8573e53d9c216c2b21a7cb61a530f09f95bcdc508d7d6586_assets/csaa-mobile/vectors/icn-AUTO.svg","1332","NOT_FOUND"
"assets/csaa-mobile/vectors/icn-Home.svg","60a41383ee0d7e8f2e17bc0c0ade7db361f9849068efec1cf08eaa11487e8dd9","orgs/6e9b9e3b-c6be-4991-b03b-cf1f1d2eab4a/apps/com.aaa.iphone.discounts.5fc6b2fe/delta/303b710752fb59c2c96137f3a712cb2acc8f671aa5fb13f0adc2176c50d232bd_assets/csaa-mobile/vectors/icn-Home.svg","721","NOT_FOUND"
"assets/csaa-mobile/vectors/icn-PUP-black.svg","ed7956df615b21b5dbb269937eafbf75f74321347b1299f93020e46d528db449","orgs/6e9b9e3b-c6be-4991-b03b-cf1f1d2eab4a/apps/com.aaa.iphone.discounts.5fc6b2fe/delta/8b000a9fd29c99acaaf25fc8e41a7346094b60dd2a062ae85da41ab54e995653_assets/csaa-mobile/vectors/icn-PUP-black.svg","1061","NOT_FOUND"
"assets/csaa-mobile/vectors/icn-PUP.svg","60e5112cbd09d2033dd5bddbade55b423c3d82604059c17357f124d8d28a0fcb","orgs/6e9b9e3b-c6be-4991-b03b-cf1f1d2eab4a/apps/com.aaa.iphone.discounts.5fc6b2fe/delta/646eaa19078e1a8a58c8ad8a0473636d92277a4fbbcffe8487e0764c38a84f1f_assets/csaa-mobile/vectors/icn-PUP.svg","1061","NOT_FOUND"
"assets/csaa-mobile/vectors/icn-Property-black.svg","755cee5c937ed71b5a3c9c7032f3e210c3654e2c10b20890438b7cfb5cc53d36","orgs/6e9b9e3b-c6be-4991-b03b-cf1f1d2eab4a/apps/com.aaa.iphone.discounts.5fc6b2fe/delta/c0c5c690235efbedd42c5100e4e49ae228ab8fcecc7c2a5702839ce01b158b93_assets/csaa-mobile/vectors/icn-Property-black.svg","721","NOT_FOUND"
"assets/csaa-mobile/vectors/mastercard.svg","7b1819f9bef5f16c1b674dae6cfc56033fad507daddf93bd67a9abc398e7088f","orgs/6e9b9e3b-c6be-4991-b03b-cf1f1d2eab4a/apps/com.aaa.iphone.discounts.5fc6b2fe/delta/d0618e9f603e6339ba9c34e0cfd604ccce54bf97840a9c4ff9795da11282ae53_assets/csaa-mobile/vectors/mastercard.svg","3475","NOT_FOUND"
"assets/csaa-mobile/vectors/pay-insurance.svg","b063c0b5fa6febaa76e8bf8afa51d651ad1ef70f254431c7aae228aac2b8e72a","orgs/6e9b9e3b-c6be-4991-b03b-cf1f1d2eab4a/apps/com.aaa.iphone.discounts.5fc6b2fe/delta/a808a17ecca636d7dc4cd4cc24a5bb70d3fd686d7856b613a4c714b391e22e1e_assets/csaa-mobile/vectors/pay-insurance.svg","1617","NOT_FOUND"
"assets/csaa-mobile/vectors/phone.svg","cba059cd0e8bfdf3dc431c67c6d96cc5e8c748e7fe8d3a784c0933d1491cc7ac","orgs/6e9b9e3b-c6be-4991-b03b-cf1f1d2eab4a/apps/com.aaa.iphone.discounts.5fc6b2fe/delta/a12457bec5453765abcce055ee0a2f22c1ee43783612fe64f2c7f3cf0201826e_assets/csaa-mobile/vectors/phone.svg","1594","NOT_FOUND"
"assets/csaa-mobile/vectors/round-danger-exclamation.svg","7d1af389e8936f7dd8c998b54584569fcc2031593bb244bc24492382c6373f07","orgs/6e9b9e3b-c6be-4991-b03b-cf1f1d2eab4a/apps/com.aaa.iphone.discounts.5fc6b2fe/delta/37133d9ded94b561a2822293889a4defa14a1b477cc39559a512f7c1fe8ca904_assets/csaa-mobile/vectors/round-danger-exclamation.svg","2827","NOT_FOUND"
"assets/csaa-mobile/vectors/success.svg","52ab27aa20524fe821e246f9c2acdc47ce8f9cd8360da7f5552b0a83d2f26675","orgs/6e9b9e3b-c6be-4991-b03b-cf1f1d2eab4a/apps/com.aaa.iphone.discounts.5fc6b2fe/delta/b3e945f61d7bbff11db3c3f1d10c7c2afaf1a06f5bce0ceaed44c11f836e2a83_assets/csaa-mobile/vectors/success.svg","2568","NOT_FOUND"
"assets/csaa-mobile/vectors/theme-aca/icn-AUTO-black.svg","03ee2645a062fce22f740fcf4b33d2b492c3d2b17da003c68cfe7faea593d01c","orgs/6e9b9e3b-c6be-4991-b03b-cf1f1d2eab4a/apps/com.aaa.iphone.discounts.5fc6b2fe/delta/d9a58e34f8732e61391a9a1542039a05ec5fbb4d6688cb392c00a63f12f9f036_assets/csaa-mobile/vectors/theme-aca/icn-AUTO-black.svg","1332","NOT_FOUND"
"assets/csaa-mobile/vectors/theme-aca/icn-AUTO.svg","05eda03b62c2ad27c0bf526640851247d0c0d8a42930ec2661ea41b5b2cf54bb","orgs/6e9b9e3b-c6be-4991-b03b-cf1f1d2eab4a/apps/com.aaa.iphone.discounts.5fc6b2fe/delta/13ba1b6df06206cc120c519e48370f2e84378f22310a85aa3bfa533047213d18_assets/csaa-mobile/vectors/theme-aca/icn-AUTO.svg","1409","NOT_FOUND"
"assets/csaa-mobile/vectors/theme-aca/icn-PUP-black.svg","ed7956df615b21b5dbb269937eafbf75f74321347b1299f93020e46d528db449","orgs/6e9b9e3b-c6be-4991-b03b-cf1f1d2eab4a/apps/com.aaa.iphone.discounts.5fc6b2fe/delta/8b000a9fd29c99acaaf25fc8e41a7346094b60dd2a062ae85da41ab54e995653_assets/csaa-mobile/vectors/theme-aca/icn-PUP-black.svg","1061","NOT_FOUND"
"assets/csaa-mobile/vectors/theme-aca/icn-PUP.svg","eb68fd6cf5305b1246dbab63c64e67090b3803dffc9520c74cec805b9138ceb0","orgs/6e9b9e3b-c6be-4991-b03b-cf1f1d2eab4a/apps/com.aaa.iphone.discounts.5fc6b2fe/delta/a1faead4c6228fd609bc12a6a0a40e774dcd5835951289234c1d324df88ad7c9_assets/csaa-mobile/vectors/theme-aca/icn-PUP.svg","1130","NOT_FOUND"
"assets/csaa-mobile/vectors/theme-aca/icn-Property-black.svg","755cee5c937ed71b5a3c9c7032f3e210c3654e2c10b20890438b7cfb5cc53d36","orgs/6e9b9e3b-c6be-4991-b03b-cf1f1d2eab4a/apps/com.aaa.iphone.discounts.5fc6b2fe/delta/c0c5c690235efbedd42c5100e4e49ae228ab8fcecc7c2a5702839ce01b158b93_assets/csaa-mobile/vectors/theme-aca/icn-Property-black.svg","721","NOT_FOUND"
"assets/csaa-mobile/vectors/theme-aca/icn-Property.svg","0c9ea4c06510dcdca4d1efef5a27c5cb30fc18a88fa04735ffc74806a7bdff8e","orgs/6e9b9e3b-c6be-4991-b03b-cf1f1d2eab4a/apps/com.aaa.iphone.discounts.5fc6b2fe/delta/cd2440a515a45e0785561125aad53a7914744a69752a0246eac300dbba6b709b_assets/csaa-mobile/vectors/theme-aca/icn-Property.svg","790","NOT_FOUND"
"assets/csaa-mobile/vectors/theme-aca/icn-empty.svg","3ff86d4bc15c29cced0f7600000841d851e023fdf596dc2c65c7a152915b3900","orgs/6e9b9e3b-c6be-4991-b03b-cf1f1d2eab4a/apps/com.aaa.iphone.discounts.5fc6b2fe/delta/cd8957ca301c58240ef759a0740de1645bb79c97308cfafa82043a99404a486f_assets/csaa-mobile/vectors/theme-aca/icn-empty.svg","92","NOT_FOUND"
"assets/csaa-mobile/vectors/theme-aca/icn-header-logo.svg","46c0e827efdaaaeeb5752debcc68cd2f09f086bde7b2b0ed22982c24fd9aae56","orgs/6e9b9e3b-c6be-4991-b03b-cf1f1d2eab4a/apps/com.aaa.iphone.discounts.5fc6b2fe/delta/259e2d403fcddf4da15a0983dc3693f299a8509604058f7008571d9bde2e38ad_assets/csaa-mobile/vectors/theme-aca/icn-header-logo.svg","731","NOT_FOUND"
"assets/csaa-mobile/vectors/theme-acg/icn-AUTO-black.svg","03ee2645a062fce22f740fcf4b33d2b492c3d2b17da003c68cfe7faea593d01c","orgs/6e9b9e3b-c6be-4991-b03b-cf1f1d2eab4a/apps/com.aaa.iphone.discounts.5fc6b2fe/delta/d9a58e34f8732e61391a9a1542039a05ec5fbb4d6688cb392c00a63f12f9f036_assets/csaa-mobile/vectors/theme-acg/icn-AUTO-black.svg","1332","NOT_FOUND"
"assets/csaa-mobile/vectors/theme-acg/icn-AUTO.svg","c19e79d05869d7b21f954706d225341e6ad587ad92e6bbe0e26f46cc169773a5","orgs/6e9b9e3b-c6be-4991-b03b-cf1f1d2eab4a/apps/com.aaa.iphone.discounts.5fc6b2fe/delta/23acfa22c4a21cca5917d6ec631136d52a9d4cf24c6e6e51fe5b0d8576a05bef_assets/csaa-mobile/vectors/theme-acg/icn-AUTO.svg","1409","NOT_FOUND"
"assets/csaa-mobile/vectors/theme-acg/icn-PUP-black.svg","ed7956df615b21b5dbb269937eafbf75f74321347b1299f93020e46d528db449","orgs/6e9b9e3b-c6be-4991-b03b-cf1f1d2eab4a/apps/com.aaa.iphone.discounts.5fc6b2fe/delta/8b000a9fd29c99acaaf25fc8e41a7346094b60dd2a062ae85da41ab54e995653_assets/csaa-mobile/vectors/theme-acg/icn-PUP-black.svg","1061","NOT_FOUND"
"assets/csaa-mobile/vectors/theme-acg/icn-PUP.svg","37b451a9a65930b05bee652f5c5b9876cb132683f12736094d484f865eac1d64","orgs/6e9b9e3b-c6be-4991-b03b-cf1f1d2eab4a/apps/com.aaa.iphone.discounts.5fc6b2fe/delta/bfb8cad6b0bd1e6566232c73cce634f60b4442b76cafe52ff3d22db771c47396_assets/csaa-mobile/vectors/theme-acg/icn-PUP.svg","1130","NOT_FOUND"
"assets/csaa-mobile/vectors/theme-acg/icn-Property-black.svg","755cee5c937ed71b5a3c9c7032f3e210c3654e2c10b20890438b7cfb5cc53d36","orgs/6e9b9e3b-c6be-4991-b03b-cf1f1d2eab4a/apps/com.aaa.iphone.discounts.5fc6b2fe/delta/c0c5c690235efbedd42c5100e4e49ae228ab8fcecc7c2a5702839ce01b158b93_assets/csaa-mobile/vectors/theme-acg/icn-Property-black.svg","721","NOT_FOUND"
"assets/csaa-mobile/vectors/theme-acg/icn-Property.svg","19a38bd4b90cf6ef69d839279942bb18dd20e5ed07e14a0724e66046292718ca","orgs/6e9b9e3b-c6be-4991-b03b-cf1f1d2eab4a/apps/com.aaa.iphone.discounts.5fc6b2fe/delta/3497bcebfb9c9ba21d75bb119634c07850c5eb9f99852ed480e217e842e08fda_assets/csaa-mobile/vectors/theme-acg/icn-Property.svg","790","NOT_FOUND"
"assets/csaa-mobile/vectors/theme-acg/icn-empty.svg","3ff86d4bc15c29cced0f7600000841d851e023fdf596dc2c65c7a152915b3900","orgs/6e9b9e3b-c6be-4991-b03b-cf1f1d2eab4a/apps/com.aaa.iphone.discounts.5fc6b2fe/delta/cd8957ca301c58240ef759a0740de1645bb79c97308cfafa82043a99404a486f_assets/csaa-mobile/vectors/theme-acg/icn-empty.svg","92","NOT_FOUND"
"assets/csaa-mobile/vectors/theme-acg/icn-header-logo.svg","46c0e827efdaaaeeb5752debcc68cd2f09f086bde7b2b0ed22982c24fd9aae56","orgs/6e9b9e3b-c6be-4991-b03b-cf1f1d2eab4a/apps/com.aaa.iphone.discounts.5fc6b2fe/delta/259e2d403fcddf4da15a0983dc3693f299a8509604058f7008571d9bde2e38ad_assets/csaa-mobile/vectors/theme-acg/icn-header-logo.svg","731","NOT_FOUND"
"assets/csaa-mobile/vectors/theme-mwg/icn-AUTO-black.svg","03ee2645a062fce22f740fcf4b33d2b492c3d2b17da003c68cfe7faea593d01c","orgs/6e9b9e3b-c6be-4991-b03b-cf1f1d2eab4a/apps/com.aaa.iphone.discounts.5fc6b2fe/delta/d9a58e34f8732e61391a9a1542039a05ec5fbb4d6688cb392c00a63f12f9f036_assets/csaa-mobile/vectors/theme-mwg/icn-AUTO-black.svg","1332","NOT_FOUND"
"assets/csaa-mobile/vectors/theme-mwg/icn-AUTO.svg","50d00421469e3e9d93187a4b5b41464cc3a704e6c7b65ac0951abd79d352013e","orgs/6e9b9e3b-c6be-4991-b03b-cf1f1d2eab4a/apps/com.aaa.iphone.discounts.5fc6b2fe/delta/240f7b401e71ef1d8573e53d9c216c2b21a7cb61a530f09f95bcdc508d7d6586_assets/csaa-mobile/vectors/theme-mwg/icn-AUTO.svg","1332","NOT_FOUND"
"assets/csaa-mobile/vectors/theme-mwg/icn-PUP-black.svg","ed7956df615b21b5dbb269937eafbf75f74321347b1299f93020e46d528db449","orgs/6e9b9e3b-c6be-4991-b03b-cf1f1d2eab4a/apps/com.aaa.iphone.discounts.5fc6b2fe/delta/8b000a9fd29c99acaaf25fc8e41a7346094b60dd2a062ae85da41ab54e995653_assets/csaa-mobile/vectors/theme-mwg/icn-PUP-black.svg","1061","NOT_FOUND"
"assets/csaa-mobile/vectors/theme-mwg/icn-PUP.svg","60e5112cbd09d2033dd5bddbade55b423c3d82604059c17357f124d8d28a0fcb","orgs/6e9b9e3b-c6be-4991-b03b-cf1f1d2eab4a/apps/com.aaa.iphone.discounts.5fc6b2fe/delta/646eaa19078e1a8a58c8ad8a0473636d92277a4fbbcffe8487e0764c38a84f1f_assets/csaa-mobile/vectors/theme-mwg/icn-PUP.svg","1061","NOT_FOUND"
"assets/csaa-mobile/vectors/theme-mwg/icn-Property-black.svg","755cee5c937ed71b5a3c9c7032f3e210c3654e2c10b20890438b7cfb5cc53d36","orgs/6e9b9e3b-c6be-4991-b03b-cf1f1d2eab4a/apps/com.aaa.iphone.discounts.5fc6b2fe/delta/c0c5c690235efbedd42c5100e4e49ae228ab8fcecc7c2a5702839ce01b158b93_assets/csaa-mobile/vectors/theme-mwg/icn-Property-black.svg","721","NOT_FOUND"
"assets/csaa-mobile/vectors/theme-mwg/icn-Property.svg","60a41383ee0d7e8f2e17bc0c0ade7db361f9849068efec1cf08eaa11487e8dd9","orgs/6e9b9e3b-c6be-4991-b03b-cf1f1d2eab4a/apps/com.aaa.iphone.discounts.5fc6b2fe/delta/303b710752fb59c2c96137f3a712cb2acc8f671aa5fb13f0adc2176c50d232bd_assets/csaa-mobile/vectors/theme-mwg/icn-Property.svg","721","NOT_FOUND"
"assets/csaa-mobile/vectors/theme-mwg/icn-empty.svg","3ff86d4bc15c29cced0f7600000841d851e023fdf596dc2c65c7a152915b3900","orgs/6e9b9e3b-c6be-4991-b03b-cf1f1d2eab4a/apps/com.aaa.iphone.discounts.5fc6b2fe/delta/cd8957ca301c58240ef759a0740de1645bb79c97308cfafa82043a99404a486f_assets/csaa-mobile/vectors/theme-mwg/icn-empty.svg","92","NOT_FOUND"
"assets/csaa-mobile/vectors/theme-mwg/icn-header-logo.svg","3ff86d4bc15c29cced0f7600000841d851e023fdf596dc2c65c7a152915b3900","orgs/6e9b9e3b-c6be-4991-b03b-cf1f1d2eab4a/apps/com.aaa.iphone.discounts.5fc6b2fe/delta/cd8957ca301c58240ef759a0740de1645bb79c97308cfafa82043a99404a486f_assets/csaa-mobile/vectors/theme-mwg/icn-header-logo.svg","92","NOT_FOUND"
"assets/csaa-mobile/vectors/tow-truck.svg","90ab889c8c55fae736949f30f24bc6abbdf63dca9e4d5fd53229bb07be2a18d6","orgs/6e9b9e3b-c6be-4991-b03b-cf1f1d2eab4a/apps/com.aaa.iphone.discounts.5fc6b2fe/delta/5fec78881088001ca67080134fa93b0d22738360910ad0b321150d6c1e78ed68_assets/csaa-mobile/vectors/tow-truck.svg","2310","NOT_FOUND"
"assets/csaa-mobile/vectors/visa.svg","0cf4ba0be82dfcb6c83d12b76337cb34b14dd6abb40119509ee43884ab8a7f13","orgs/6e9b9e3b-c6be-4991-b03b-cf1f1d2eab4a/apps/com.aaa.iphone.discounts.5fc6b2fe/delta/37780e5a52503a60f7864d199f813d7bb399ff461a2e1b4d01019c59fd14567c_assets/csaa-mobile/vectors/visa.svg","1522","NOT_FOUND"
"assets/csaa-mobile/vectors/warning.svg","2cdb432b119c667ae4b2b723a156596e982226fdfb3fa8711643cf1a09dee73d","orgs/6e9b9e3b-c6be-4991-b03b-cf1f1d2eab4a/apps/com.aaa.iphone.discounts.5fc6b2fe/delta/a00fd6869a9fc1943e886b261baca607424dea3aef407f2c24040325c8220597_assets/csaa-mobile/vectors/warning.svg","889","NOT_FOUND"
"assets/csaa-mobile/vectors/white-bullet.svg","9fa4f4420abe508bfd40e10a2d79890eb2a3fadab4accd9538ed1fdfe420be8a","orgs/6e9b9e3b-c6be-4991-b03b-cf1f1d2eab4a/apps/com.aaa.iphone.discounts.5fc6b2fe/delta/505da6497cb74b90143ea96e5313f85c5d25f6f274e54f78f0d651b70973f686_assets/csaa-mobile/vectors/white-bullet.svg","143","NOT_FOUND"
"assets/drrweb-lib/icons/chrome-logo.svg","610ffd583baf9476a6aab758f9c3b76a5c8ebb8a7b2446b7efca0b26a97d761d","orgs/6e9b9e3b-c6be-4991-b03b-cf1f1d2eab4a/apps/com.aaa.iphone.discounts.5fc6b2fe/delta/3f760f71e71a89c6ec092e9301641cdcfe39e26f828c48201ce3849f193fd469_assets/drrweb-lib/icons/chrome-logo.svg","5828","NOT_FOUND"
"assets/drrweb-lib/icons/club-a/icon-128x128.png","e238de66b6dac223f04061e0393a20fe46236b2ccca8394b0aa10f9e31b3013f","orgs/6e9b9e3b-c6be-4991-b03b-cf1f1d2eab4a/apps/com.aaa.iphone.discounts.5fc6b2fe/delta/9a79be3dce59a599d46db6b99c15751fbbcd50d3e9d8790240bd1339e6b9f257_assets/drrweb-lib/icons/club-a/icon-128x128.png","5312","NOT_FOUND"
"assets/drrweb-lib/icons/club-a/icon-144x144.png","48fd9ba25e3ed3f2c98038ae78e9804e6964178256a71792c041c909a81d1a76","orgs/6e9b9e3b-c6be-4991-b03b-cf1f1d2eab4a/apps/com.aaa.iphone.discounts.5fc6b2fe/delta/bb3b512425f42d0a243c6c201f5a794eda5b359fe14683aee059074907345d2e_assets/drrweb-lib/icons/club-a/icon-144x144.png","6158","NOT_FOUND"
"assets/drrweb-lib/icons/club-a/icon-152x152.png","abdf4451be30346dc84ca6f6bc14e8df95a5a501d8dacd217c29ba4945ce312f","orgs/6e9b9e3b-c6be-4991-b03b-cf1f1d2eab4a/apps/com.aaa.iphone.discounts.5fc6b2fe/delta/3f7772a2cc66bce5cdde9fd4363e2607595fde7f4a348bea9bd5e234e8890367_assets/drrweb-lib/icons/club-a/icon-152x152.png","6711","NOT_FOUND"
"assets/drrweb-lib/icons/club-a/icon-192x192.png.br","3b670950f700e9f1c8b67d453d81a21e84c1b715fe55a3c85d31bdcd525442a7","orgs/6e9b9e3b-c6be-4991-b03b-cf1f1d2eab4a/apps/com.aaa.iphone.discounts.5fc6b2fe/delta/e3d4f6b6fc15c97ea5bf8bb77fbbb006fdb5f1c7aa6be3594e5bc0a7751889be_assets/drrweb-lib/icons/club-a/icon-192x192.png.br","24620","NOT_FOUND"
"assets/drrweb-lib/icons/club-a/icon-384x384.png.br","0862a46038e05c7cbdab7c574e60ca4b9ca666f96e968fdc1de75d0d7427b85b","orgs/6e9b9e3b-c6be-4991-b03b-cf1f1d2eab4a/apps/com.aaa.iphone.discounts.5fc6b2fe/delta/553ab1d8ea686a844b981a005562441eca9e026cfa94f1dd21515b5152e12ade_assets/drrweb-lib/icons/club-a/icon-384x384.png.br","30852","NOT_FOUND"
"assets/drrweb-lib/icons/club-a/icon-512x512.png.br","58c865fbd5c51be8681b18f99cb02c9c5a4094212877545d5177faeb7983770d","orgs/6e9b9e3b-c6be-4991-b03b-cf1f1d2eab4a/apps/com.aaa.iphone.discounts.5fc6b2fe/delta/417ca5c5795d08c58e3fa797a7826d42499b86bd831f13fb0a851565d72e114b_assets/drrweb-lib/icons/club-a/icon-512x512.png.br","41245","NOT_FOUND"
"assets/drrweb-lib/icons/club-a/icon-72x72.png","a71dce81eccff78fa59c344c3abf985448d63a02e2f69951d00fe0fafd3f3700","orgs/6e9b9e3b-c6be-4991-b03b-cf1f1d2eab4a/apps/com.aaa.iphone.discounts.5fc6b2fe/delta/23e842ac3ce678afad427a5c35632c8856f11d5602dd40cf0e2a4d9a3f9f80d6_assets/drrweb-lib/icons/club-a/icon-72x72.png","7403","NOT_FOUND"
"assets/drrweb-lib/icons/club-a/icon-96x96.png","c138853613bb17019bc02467460b294cb2bb4d174039a3f23dc4f482984c2e5a","orgs/6e9b9e3b-c6be-4991-b03b-cf1f1d2eab4a/apps/com.aaa.iphone.discounts.5fc6b2fe/delta/4ae7053d24fe4a77704dd3766f555484746b0c13dd137930a8242279a792a59c_assets/drrweb-lib/icons/club-a/icon-96x96.png","10732","NOT_FOUND"
"assets/drrweb-lib/icons/club-b/icon-128x128.png","e238de66b6dac223f04061e0393a20fe46236b2ccca8394b0aa10f9e31b3013f","orgs/6e9b9e3b-c6be-4991-b03b-cf1f1d2eab4a/apps/com.aaa.iphone.discounts.5fc6b2fe/delta/9a79be3dce59a599d46db6b99c15751fbbcd50d3e9d8790240bd1339e6b9f257_assets/drrweb-lib/icons/club-b/icon-128x128.png","5312","NOT_FOUND"
"assets/drrweb-lib/icons/club-b/icon-144x144.png","48fd9ba25e3ed3f2c98038ae78e9804e6964178256a71792c041c909a81d1a76","orgs/6e9b9e3b-c6be-4991-b03b-cf1f1d2eab4a/apps/com.aaa.iphone.discounts.5fc6b2fe/delta/bb3b512425f42d0a243c6c201f5a794eda5b359fe14683aee059074907345d2e_assets/drrweb-lib/icons/club-b/icon-144x144.png","6158","NOT_FOUND"
"assets/drrweb-lib/icons/club-b/icon-152x152.png","abdf4451be30346dc84ca6f6bc14e8df95a5a501d8dacd217c29ba4945ce312f","orgs/6e9b9e3b-c6be-4991-b03b-cf1f1d2eab4a/apps/com.aaa.iphone.discounts.5fc6b2fe/delta/3f7772a2cc66bce5cdde9fd4363e2607595fde7f4a348bea9bd5e234e8890367_assets/drrweb-lib/icons/club-b/icon-152x152.png","6711","NOT_FOUND"
"assets/drrweb-lib/icons/club-b/icon-192x192.png.br","3b670950f700e9f1c8b67d453d81a21e84c1b715fe55a3c85d31bdcd525442a7","orgs/6e9b9e3b-c6be-4991-b03b-cf1f1d2eab4a/apps/com.aaa.iphone.discounts.5fc6b2fe/delta/e3d4f6b6fc15c97ea5bf8bb77fbbb006fdb5f1c7aa6be3594e5bc0a7751889be_assets/drrweb-lib/icons/club-b/icon-192x192.png.br","24620","NOT_FOUND"
"assets/drrweb-lib/icons/club-b/icon-384x384.png.br","0862a46038e05c7cbdab7c574e60ca4b9ca666f96e968fdc1de75d0d7427b85b","orgs/6e9b9e3b-c6be-4991-b03b-cf1f1d2eab4a/apps/com.aaa.iphone.discounts.5fc6b2fe/delta/553ab1d8ea686a844b981a005562441eca9e026cfa94f1dd21515b5152e12ade_assets/drrweb-lib/icons/club-b/icon-384x384.png.br","30852","NOT_FOUND"
"assets/drrweb-lib/icons/club-b/icon-512x512.png.br","58c865fbd5c51be8681b18f99cb02c9c5a4094212877545d5177faeb7983770d","orgs/6e9b9e3b-c6be-4991-b03b-cf1f1d2eab4a/apps/com.aaa.iphone.discounts.5fc6b2fe/delta/417ca5c5795d08c58e3fa797a7826d42499b86bd831f13fb0a851565d72e114b_assets/drrweb-lib/icons/club-b/icon-512x512.png.br","41245","NOT_FOUND"
"assets/drrweb-lib/icons/club-b/icon-72x72.png","a71dce81eccff78fa59c344c3abf985448d63a02e2f69951d00fe0fafd3f3700","orgs/6e9b9e3b-c6be-4991-b03b-cf1f1d2eab4a/apps/com.aaa.iphone.discounts.5fc6b2fe/delta/23e842ac3ce678afad427a5c35632c8856f11d5602dd40cf0e2a4d9a3f9f80d6_assets/drrweb-lib/icons/club-b/icon-72x72.png","7403","NOT_FOUND"
"assets/drrweb-lib/icons/club-b/icon-96x96.png","c138853613bb17019bc02467460b294cb2bb4d174039a3f23dc4f482984c2e5a","orgs/6e9b9e3b-c6be-4991-b03b-cf1f1d2eab4a/apps/com.aaa.iphone.discounts.5fc6b2fe/delta/4ae7053d24fe4a77704dd3766f555484746b0c13dd137930a8242279a792a59c_assets/drrweb-lib/icons/club-b/icon-96x96.png","10732","NOT_FOUND"
"assets/drrweb-lib/icons/edge-logo.svg","56f46828992e8cdb93d3eff1220caba3fc8ce934b8809d95263cd096dde290eb","orgs/6e9b9e3b-c6be-4991-b03b-cf1f1d2eab4a/apps/com.aaa.iphone.discounts.5fc6b2fe/delta/fd30978208a8cada10824c30063ddd9ce176baca30a719c4ce668ce933be5ada_assets/drrweb-lib/icons/edge-logo.svg","3952","NOT_FOUND"
"assets/drrweb-lib/icons/firefox-logo.png.br","d7f63cd69f84d141d245d7cfc0f3f8c989a15ec2b0f7252e358d59998ad2ec55","orgs/6e9b9e3b-c6be-4991-b03b-cf1f1d2eab4a/apps/com.aaa.iphone.discounts.5fc6b2fe/delta/b5d92cc09240f7b7effd407e7b337ed7beaf9d131474190e8890cbaa08c5bf2e_assets/drrweb-lib/icons/firefox-logo.png.br","9983","NOT_FOUND"
"assets/drrweb-lib/icons/icon-128x128.png","e238de66b6dac223f04061e0393a20fe46236b2ccca8394b0aa10f9e31b3013f","orgs/6e9b9e3b-c6be-4991-b03b-cf1f1d2eab4a/apps/com.aaa.iphone.discounts.5fc6b2fe/delta/9a79be3dce59a599d46db6b99c15751fbbcd50d3e9d8790240bd1339e6b9f257_assets/drrweb-lib/icons/icon-128x128.png","5312","NOT_FOUND"
"assets/drrweb-lib/icons/icon-144x144.png","48fd9ba25e3ed3f2c98038ae78e9804e6964178256a71792c041c909a81d1a76","orgs/6e9b9e3b-c6be-4991-b03b-cf1f1d2eab4a/apps/com.aaa.iphone.discounts.5fc6b2fe/delta/bb3b512425f42d0a243c6c201f5a794eda5b359fe14683aee059074907345d2e_assets/drrweb-lib/icons/icon-144x144.png","6158","NOT_FOUND"
"assets/drrweb-lib/icons/icon-152x152.png","abdf4451be30346dc84ca6f6bc14e8df95a5a501d8dacd217c29ba4945ce312f","orgs/6e9b9e3b-c6be-4991-b03b-cf1f1d2eab4a/apps/com.aaa.iphone.discounts.5fc6b2fe/delta/3f7772a2cc66bce5cdde9fd4363e2607595fde7f4a348bea9bd5e234e8890367_assets/drrweb-lib/icons/icon-152x152.png","6711","NOT_FOUND"
"assets/drrweb-lib/icons/icon-192x192.png.br","3b670950f700e9f1c8b67d453d81a21e84c1b715fe55a3c85d31bdcd525442a7","orgs/6e9b9e3b-c6be-4991-b03b-cf1f1d2eab4a/apps/com.aaa.iphone.discounts.5fc6b2fe/delta/e3d4f6b6fc15c97ea5bf8bb77fbbb006fdb5f1c7aa6be3594e5bc0a7751889be_assets/drrweb-lib/icons/icon-192x192.png.br","24620","NOT_FOUND"
"assets/drrweb-lib/icons/icon-384x384.png.br","0862a46038e05c7cbdab7c574e60ca4b9ca666f96e968fdc1de75d0d7427b85b","orgs/6e9b9e3b-c6be-4991-b03b-cf1f1d2eab4a/apps/com.aaa.iphone.discounts.5fc6b2fe/delta/553ab1d8ea686a844b981a005562441eca9e026cfa94f1dd21515b5152e12ade_assets/drrweb-lib/icons/icon-384x384.png.br","30852","NOT_FOUND"
"assets/drrweb-lib/icons/icon-512x512.png.br","58c865fbd5c51be8681b18f99cb02c9c5a4094212877545d5177faeb7983770d","orgs/6e9b9e3b-c6be-4991-b03b-cf1f1d2eab4a/apps/com.aaa.iphone.discounts.5fc6b2fe/delta/417ca5c5795d08c58e3fa797a7826d42499b86bd831f13fb0a851565d72e114b_assets/drrweb-lib/icons/icon-512x512.png.br","41245","NOT_FOUND"
"assets/drrweb-lib/icons/icon-72x72.png","a71dce81eccff78fa59c344c3abf985448d63a02e2f69951d00fe0fafd3f3700","orgs/6e9b9e3b-c6be-4991-b03b-cf1f1d2eab4a/apps/com.aaa.iphone.discounts.5fc6b2fe/delta/23e842ac3ce678afad427a5c35632c8856f11d5602dd40cf0e2a4d9a3f9f80d6_assets/drrweb-lib/icons/icon-72x72.png","7403","NOT_FOUND"
"assets/drrweb-lib/icons/icon-96x96.png","c138853613bb17019bc02467460b294cb2bb4d174039a3f23dc4f482984c2e5a","orgs/6e9b9e3b-c6be-4991-b03b-cf1f1d2eab4a/apps/com.aaa.iphone.discounts.5fc6b2fe/delta/4ae7053d24fe4a77704dd3766f555484746b0c13dd137930a8242279a792a59c_assets/drrweb-lib/icons/icon-96x96.png","10732","NOT_FOUND"
"assets/drrweb-lib/icons/icon-commentary.svg","06a5b87420a50add0f83c021f51385a95763fcb5b0a2e93a4d77f21aa7ce94f4","orgs/6e9b9e3b-c6be-4991-b03b-cf1f1d2eab4a/apps/com.aaa.iphone.discounts.5fc6b2fe/delta/a221408a1a3636239dce37fb9cf0a2a87c83201158805723afa44c0b40c6cef3_assets/drrweb-lib/icons/icon-commentary.svg","1091","NOT_FOUND"
"assets/drrweb-lib/icons/opera-logo.png.br","45d033d4ba5aa02b68b0781da22d7d7897ab0fdcac9376f6d6a52b65624c1d9e","orgs/6e9b9e3b-c6be-4991-b03b-cf1f1d2eab4a/apps/com.aaa.iphone.discounts.5fc6b2fe/delta/ed59725e958d54f898e14082fd62fcf383cb602e3b6f7f2e0e2fa60f00f6eeec_assets/drrweb-lib/icons/opera-logo.png.br","55548","NOT_FOUND"
"assets/drrweb-lib/icons/safari-logo.png.br","6473db55df7f1ebbcd4a7fc6a3f1bafa30da3e314aebf8e3d4ded97dde7710ea","orgs/6e9b9e3b-c6be-4991-b03b-cf1f1d2eab4a/apps/com.aaa.iphone.discounts.5fc6b2fe/delta/1bf47176733e64bf75f7323f846d0eee3ef4f2e9f7d46fa7f746cd616e6744c1_assets/drrweb-lib/icons/safari-logo.png.br","238337","NOT_FOUND"
"assets/drrweb-lib/images/AAA-Approved.svg","ff3213fb791c98131407e76796869bc8d710b649459a6dfb0de68ca7748b1020","orgs/6e9b9e3b-c6be-4991-b03b-cf1f1d2eab4a/apps/com.aaa.iphone.discounts.5fc6b2fe/delta/92bec8f4381fab07e8d836ede73afc3de7f9418dcafdbdd5b11b7e38413edcad_assets/drrweb-lib/images/AAA-Approved.svg","1568","NOT_FOUND"
"assets/drrweb-lib/images/AAA-Logo-White.svg","3379f27ebdd9bad34236c4b1220cad324e6c3deb17ab0d4bcc332a2feef6d539","orgs/6e9b9e3b-c6be-4991-b03b-cf1f1d2eab4a/apps/com.aaa.iphone.discounts.5fc6b2fe/delta/edc842eae8fb77f463a3db81fbe6561dbe94d847a7c3a0640daf8abef4f7b8e1_assets/drrweb-lib/images/AAA-Logo-White.svg","1514","NOT_FOUND"
"assets/drrweb-lib/images/aaa-battery.png","9a9146cc7f494502220963cfd88d9e955a3c798b0def01936f75ad05a3f40f33","orgs/6e9b9e3b-c6be-4991-b03b-cf1f1d2eab4a/apps/com.aaa.iphone.discounts.5fc6b2fe/delta/1e52258e493b5b8b936fbddab9d94b4a3131c64efb423984e6500d2928b8b9f7_assets/drrweb-lib/images/aaa-battery.png","14372","NOT_FOUND"
"assets/drrweb-lib/images/aaa-logo.svg","2d878a23c1337bb2e6db2eb0afbc7998ebff284ea273614fbff41f359fae23c5","orgs/6e9b9e3b-c6be-4991-b03b-cf1f1d2eab4a/apps/com.aaa.iphone.discounts.5fc6b2fe/delta/a0bb2350621fc3c21694e943b9229b6773b130f068a8781545a85422cd486c80_assets/drrweb-lib/images/aaa-logo.svg","2152","NOT_FOUND"
"assets/drrweb-lib/images/aaabattery.JPG","3a03f81081617e00302ee516e4213dea65901f8a7edd4ecaea2a595e9aad90f4","orgs/6e9b9e3b-c6be-4991-b03b-cf1f1d2eab4a/apps/com.aaa.iphone.discounts.5fc6b2fe/delta/6e2124ae23e31d3571d3a62e0a682db6a1eff57d45aefe7c9181b562ced8e682_assets/drrweb-lib/images/aaabattery.JPG","6934","NOT_FOUND"
"assets/drrweb-lib/images/aar-location-pin.svg","d4045e971030853ba402e848a24fdf518fd9f5d09cd1ac7f63272cb424a4db92","orgs/6e9b9e3b-c6be-4991-b03b-cf1f1d2eab4a/apps/com.aaa.iphone.discounts.5fc6b2fe/delta/21266e01e003bf51f7c20b159f1a5e2c6a858e707e4d895e9a4215c5ab0b27ec_assets/drrweb-lib/images/aar-location-pin.svg","1897","NOT_FOUND"
"assets/drrweb-lib/images/aar-location-pin.template.svg.br","ce375b9d0e7b58952f3662542cfe771fcb4b431daeff4361457f7f80dcc31894","orgs/6e9b9e3b-c6be-4991-b03b-cf1f1d2eab4a/apps/com.aaa.iphone.discounts.5fc6b2fe/delta/7933c9e088e49fb122524bc4e196dde5a43970f36edb5c3818a930774e77d5bb_assets/drrweb-lib/images/aar-location-pin.template.svg.br","15498","NOT_FOUND"
"assets/drrweb-lib/images/acura26_logo.svg","784a0572d0939b3eface3dd81280d15f8c60a174f652585b9c92590ef2b2302c","orgs/6e9b9e3b-c6be-4991-b03b-cf1f1d2eab4a/apps/com.aaa.iphone.discounts.5fc6b2fe/delta/76b83f8cc93b624fc366d608f79169ccdfca4c1844fb647ea309858f0c53e52c_assets/drrweb-lib/images/acura26_logo.svg","2369","NOT_FOUND"
"assets/drrweb-lib/images/acura26_logo_image.svg","965b2d31a07226d876f6129817e4fda57cca8d4fc63d5ed9dcfd907e50e5c939","orgs/6e9b9e3b-c6be-4991-b03b-cf1f1d2eab4a/apps/com.aaa.iphone.discounts.5fc6b2fe/delta/3c5f8c2804a054a8e64d15a23c597ab62e7ef1fed460af293cec1b2e32b2d888_assets/drrweb-lib/images/acura26_logo_image.svg","1276","NOT_FOUND"
"assets/drrweb-lib/images/acura_logo.svg","784a0572d0939b3eface3dd81280d15f8c60a174f652585b9c92590ef2b2302c","orgs/6e9b9e3b-c6be-4991-b03b-cf1f1d2eab4a/apps/com.aaa.iphone.discounts.5fc6b2fe/delta/76b83f8cc93b624fc366d608f79169ccdfca4c1844fb647ea309858f0c53e52c_assets/drrweb-lib/images/acura_logo.svg","2369","NOT_FOUND"
"assets/drrweb-lib/images/acura_logo_image.svg","965b2d31a07226d876f6129817e4fda57cca8d4fc63d5ed9dcfd907e50e5c939","orgs/6e9b9e3b-c6be-4991-b03b-cf1f1d2eab4a/apps/com.aaa.iphone.discounts.5fc6b2fe/delta/3c5f8c2804a054a8e64d15a23c597ab62e7ef1fed460af293cec1b2e32b2d888_assets/drrweb-lib/images/acura_logo_image.svg","1276","NOT_FOUND"
"assets/drrweb-lib/images/banners/signup%402x.jpg","785c3bf85e50c8f142e94726ed5d9509668131ec2b16712d6e6dbbb970137363","orgs/6e9b9e3b-c6be-4991-b03b-cf1f1d2eab4a/apps/com.aaa.iphone.discounts.5fc6b2fe/delta/84aa76e78d88f09a53d1e1d9f11603a0c1ba077fd124bc3860dcbb156ea572b7_assets/drrweb-lib/images/banners/signup%402x.jpg","0","NOT_FOUND"
"assets/drrweb-lib/images/banners/signup%403x.jpg","644ee09abe1fd18e53f3e384d70e09ed8081002da4d20d78b5d0da87489d1b33","orgs/6e9b9e3b-c6be-4991-b03b-cf1f1d2eab4a/apps/com.aaa.iphone.discounts.5fc6b2fe/delta/40f63f706aeb554cdd8d3a5e0bb026788d6bce6eed372d8932366c83ee3d3d34_assets/drrweb-lib/images/banners/signup%403x.jpg","0","NOT_FOUND"
"assets/drrweb-lib/images/banners/signup.jpg.br","42afb3277c775b1c59b2cce140d83d26b4eab8f73b9bbf15fb19008c0f0ace01","orgs/6e9b9e3b-c6be-4991-b03b-cf1f1d2eab4a/apps/com.aaa.iphone.discounts.5fc6b2fe/delta/d3464c2acdd0ff97e9d19d3baa798c5f0e76c5565aa5beb707dd0acf9a8201d1_assets/drrweb-lib/images/banners/signup.jpg.br","35473","NOT_FOUND"
"assets/drrweb-lib/images/blue-dot.jpg","25320dccefbc4b05f96e19bf5763f6faaed25dc933dc889d4ece8ff7079ba7bb","orgs/6e9b9e3b-c6be-4991-b03b-cf1f1d2eab4a/apps/com.aaa.iphone.discounts.5fc6b2fe/delta/effc34afc812836278fcdcc8386906e37a0e90f46c2e73dd77c456e627844417_assets/drrweb-lib/images/blue-dot.jpg","9990","NOT_FOUND"
"assets/drrweb-lib/images/blueskynm_logo.png","0f7c87df4aed74e6d97308d0e47c2fb1935f0a5340001e7610967fb1d13dd8df","orgs/6e9b9e3b-c6be-4991-b03b-cf1f1d2eab4a/apps/com.aaa.iphone.discounts.5fc6b2fe/delta/d0821ad79f87a4f599a75407bcd643a5656549dbc200dd58e17ed5c00760e6f4_assets/drrweb-lib/images/blueskynm_logo.png","6857","NOT_FOUND"
"assets/drrweb-lib/images/blueskynm_logo.svg","3752947e3197b80455eec7a2fee75f0f5c0b4ab82ca7ff405bf64c1773248e12","orgs/6e9b9e3b-c6be-4991-b03b-cf1f1d2eab4a/apps/com.aaa.iphone.discounts.5fc6b2fe/delta/99ff9388912ec64c4c64a38968649b5f4065880771f7fddd8e780cfcfa3c4eac_assets/drrweb-lib/images/blueskynm_logo.svg","1154","NOT_FOUND"
"assets/drrweb-lib/images/breakdown-location-pin.svg","774c2180527c58f5503bc160993b6c39605c7ca57937f95b0595a611edd2e084","orgs/6e9b9e3b-c6be-4991-b03b-cf1f1d2eab4a/apps/com.aaa.iphone.discounts.5fc6b2fe/delta/256fcfe98f11c6fbe1f01376d223c354993b1f08282dfd6b9576cfe891fd18cd_assets/drrweb-lib/images/breakdown-location-pin.svg","2038","NOT_FOUND"
"assets/drrweb-lib/images/buick_logo.png","8f2b8303755e383061951f3101d283948d636deb22e9d0162d6148be88a9571f","orgs/6e9b9e3b-c6be-4991-b03b-cf1f1d2eab4a/apps/com.aaa.iphone.discounts.5fc6b2fe/delta/a4fb4c1003c78eb3163ccfb3675e89031affd9869e5e18f6a036dcc5d8712a38_assets/drrweb-lib/images/buick_logo.png","12684","NOT_FOUND"
"assets/drrweb-lib/images/buick_logo.svg.br","49dbbda30fc3fdb820078497f7b621fd941dc0d885d38ea600268da094286075","orgs/6e9b9e3b-c6be-4991-b03b-cf1f1d2eab4a/apps/com.aaa.iphone.discounts.5fc6b2fe/delta/50809c7986359a0e0d690e3a8f9ffbfae9e9ead93ad51e7e20f3ba22a0a0b144_assets/drrweb-lib/images/buick_logo.svg.br","13483","NOT_FOUND"
"assets/drrweb-lib/images/cadillac_crest_logo.svg","0d287649e10354bdd13d45ae26486e12a098242be1fd50eaa7dc432f3b9de13f","orgs/6e9b9e3b-c6be-4991-b03b-cf1f1d2eab4a/apps/com.aaa.iphone.discounts.5fc6b2fe/delta/86b282f69855dd6c2f35f8210af4ec60a68f27855a8ffb69c4bbfc7a65a17cdf_assets/drrweb-lib/images/cadillac_crest_logo.svg","1450","NOT_FOUND"
"assets/drrweb-lib/images/cadillac_logo.svg","550a065f21a4cfce9b4ed0a9131ece221420da59fb633dbe2af09155dbad834e","orgs/6e9b9e3b-c6be-4991-b03b-cf1f1d2eab4a/apps/com.aaa.iphone.discounts.5fc6b2fe/delta/03e2826410e79de074cbd660d667d6f29f4efa3dd791c1cf466b756fbb453166_assets/drrweb-lib/images/cadillac_logo.svg","1222","NOT_FOUND"
"assets/drrweb-lib/images/car/car-accident.svg","0ac63693ed9862a47bd896fc1514b9b9dd6b2097f17e8adf17e4b30b64865392","orgs/6e9b9e3b-c6be-4991-b03b-cf1f1d2eab4a/apps/com.aaa.iphone.discounts.5fc6b2fe/delta/ca700e521462876c5fd8c4fb4b39377fd478017e4a91fe00419964c785b8e864_assets/drrweb-lib/images/car/car-accident.svg","4264","NOT_FOUND"
"assets/drrweb-lib/images/car/car-diagram.svg","5bc6d4e5c511d01aa6305a567df4e535c4644145be2ba2ac0fdc7d471addd80a","orgs/6e9b9e3b-c6be-4991-b03b-cf1f1d2eab4a/apps/com.aaa.iphone.discounts.5fc6b2fe/delta/0aad093e2d25accd2f882b5473d5dbad3ed71eadfc9077c91854e6d433ad78b5_assets/drrweb-lib/images/car/car-diagram.svg","5957","NOT_FOUND"
"assets/drrweb-lib/images/car/not_found.png.br","d70c6810a8e9c0c722db42e33bf39977b36582d6db910c6feed52521ad94f14a","orgs/6e9b9e3b-c6be-4991-b03b-cf1f1d2eab4a/apps/com.aaa.iphone.discounts.5fc6b2fe/delta/3baedf2414d185747a49f8f6609d4ce8216e9c21303a14c772bc921f64fe882c_assets/drrweb-lib/images/car/not_found.png.br","43674","NOT_FOUND"
"assets/drrweb-lib/images/car/tire.svg","e627565b7bc894ce2bef16d78e56c25bac1812926298de39fac8fbac3e0ebbcf","orgs/6e9b9e3b-c6be-4991-b03b-cf1f1d2eab4a/apps/com.aaa.iphone.discounts.5fc6b2fe/delta/2c431a418fcd01eeb4c8d7e07ec641a918c3c55feaf734919e34625f6f951317_assets/drrweb-lib/images/car/tire.svg","2609","NOT_FOUND"
"assets/drrweb-lib/images/chevrolet_logo.png.br","ee4ed9bdf5de583792e41775290c72bf5bd2fd836321777b23cd146ea2d0b8a1","orgs/6e9b9e3b-c6be-4991-b03b-cf1f1d2eab4a/apps/com.aaa.iphone.discounts.5fc6b2fe/delta/e2422a0e071e0ebebccbac3ea63de9507750bd25f0f7f0f0e243115af0055726_assets/drrweb-lib/images/chevrolet_logo.png.br","9688","NOT_FOUND"
"assets/drrweb-lib/images/chevrolet_logo.svg","db88c5da55f9e9317b28c909c40d68d24214f41acfb2ee04ff994d6ae660cf9b","orgs/6e9b9e3b-c6be-4991-b03b-cf1f1d2eab4a/apps/com.aaa.iphone.discounts.5fc6b2fe/delta/e7bd922fcc0154b5a47cd28064303e8ed1b5694496076cef129546d13e766352_assets/drrweb-lib/images/chevrolet_logo.svg","4172","NOT_FOUND"
"assets/drrweb-lib/images/common-makes/Acura%402x.png","ca59303ede89daa9ece0dc82e87f8978a371054e0b94f19c90ae7a55942dca6e","orgs/6e9b9e3b-c6be-4991-b03b-cf1f1d2eab4a/apps/com.aaa.iphone.discounts.5fc6b2fe/delta/92c4748947074e11e0826efc1dcda622b34a964c400571416622bd9a94dfa5e7_assets/drrweb-lib/images/common-makes/Acura%402x.png","0","NOT_FOUND"
"assets/drrweb-lib/images/common-makes/AlfaRomeo%402x.png","c7cd8ac1c6a04a697daa39d224225afde0822a5f5921fc20c4489b6a9487784e","orgs/6e9b9e3b-c6be-4991-b03b-cf1f1d2eab4a/apps/com.aaa.iphone.discounts.5fc6b2fe/delta/334d56e072cc6db989aac7dfca62149f1411e04bd70d8aad2edbbd38ae92ece1_assets/drrweb-lib/images/common-makes/AlfaRomeo%402x.png","0","NOT_FOUND"
"assets/drrweb-lib/images/common-makes/Auburn%402x.png","6d1d891cc419ae8c5468cc668f8b7699edde1b8e4fe9d68d163cd308712d8eb0","orgs/6e9b9e3b-c6be-4991-b03b-cf1f1d2eab4a/apps/com.aaa.iphone.discounts.5fc6b2fe/delta/337b123262ae45642bd5ca73e2563be8634183216c465f7de22179233b892a55_assets/drrweb-lib/images/common-makes/Auburn%402x.png","0","NOT_FOUND"
"assets/drrweb-lib/images/common-makes/Audi%402x.png","a3759c92fe8b16159b4000afe3af7b1e0fb304340dc982849681180c197f2828","orgs/6e9b9e3b-c6be-4991-b03b-cf1f1d2eab4a/apps/com.aaa.iphone.discounts.5fc6b2fe/delta/a0bfbd15623987ac73da17e4dbaf4bf7ec1e69a733c0f3caf03e1a018032f597_assets/drrweb-lib/images/common-makes/Audi%402x.png","0","NOT_FOUND"
"assets/drrweb-lib/images/common-makes/Austin%402x.png","c0744fd9e0744b833caa8996140a2ce360c1b471ff3afdd8e573c22118200180","orgs/6e9b9e3b-c6be-4991-b03b-cf1f1d2eab4a/apps/com.aaa.iphone.discounts.5fc6b2fe/delta/bf6e453a05c3d8ced59a08e4296568dff26de41a64e08344a079255acd19ded0_assets/drrweb-lib/images/common-makes/Austin%402x.png","0","NOT_FOUND"
"assets/drrweb-lib/images/common-makes/Bentley%402x.png","5c94efae7164b32143f92a6ff095529980bfd8aece6333ae18a0f007cb955fac","orgs/6e9b9e3b-c6be-4991-b03b-cf1f1d2eab4a/apps/com.aaa.iphone.discounts.5fc6b2fe/delta/a381b839484c4a02456838b3ac1c8b4b3739366b2b250bdf269ff0f110c77f0a_assets/drrweb-lib/images/common-makes/Bentley%402x.png","0","NOT_FOUND"
"assets/drrweb-lib/images/common-makes/Biddle%402x.png","6e645d744db2547ef8e8b9e9e13a626ca22a22e3a7f68db222ae68a57832e384","orgs/6e9b9e3b-c6be-4991-b03b-cf1f1d2eab4a/apps/com.aaa.iphone.discounts.5fc6b2fe/delta/039493c9ec6de0288429e5ec2c043d5a528b7f56504efb1c194d9979b1798426_assets/drrweb-lib/images/common-makes/Biddle%402x.png","0","NOT_FOUND"
"assets/drrweb-lib/images/common-makes/Bmw%402x.png","5afde0acf7e118e0abae732c1cb98b619877e4274e0d2317077ea72bf3d1caee","orgs/6e9b9e3b-c6be-4991-b03b-cf1f1d2eab4a/apps/com.aaa.iphone.discounts.5fc6b2fe/delta/1406351f48aead6104f1a6563d0e99b3d4fd7b5df1571762732c724cd050dc1f_assets/drrweb-lib/images/common-makes/Bmw%402x.png","0","NOT_FOUND"
"assets/drrweb-lib/images/common-makes/Bugatti%402x.png","e17371b297b0b88731a6e56d6d23ad1f348dabd40eb33466e7a4ee71431f26d3","orgs/6e9b9e3b-c6be-4991-b03b-cf1f1d2eab4a/apps/com.aaa.iphone.discounts.5fc6b2fe/delta/24a3c0cacd1cdb5c72b8b3d96f97649908f758bd316d41e0a3117d6e7e2c2988_assets/drrweb-lib/images/common-makes/Bugatti%402x.png","0","NOT_FOUND"
"assets/drrweb-lib/images/common-makes/Buick%402x.png","6722f439141c8f30449efa9a717211cf73e1b25b5b7656ef613ffffdd0152774","orgs/6e9b9e3b-c6be-4991-b03b-cf1f1d2eab4a/apps/com.aaa.iphone.discounts.5fc6b2fe/delta/610b39bf86b20b5620c533010fb8089310b9b3ffdf2c5d1a54e4e888f20f622b_assets/drrweb-lib/images/common-makes/Buick%402x.png","0","NOT_FOUND"
"assets/drrweb-lib/images/common-makes/Cadillac%402x.png","029c30b5adfc81776fc21b754b0b4aaee6d5726382fbf4964581139ea8d98f31","orgs/6e9b9e3b-c6be-4991-b03b-cf1f1d2eab4a/apps/com.aaa.iphone.discounts.5fc6b2fe/delta/14396f94c49c40e02f7664b0e831c0a40ba61557fbc7360967037397fa93817d_assets/drrweb-lib/images/common-makes/Cadillac%402x.png","0","NOT_FOUND"
"assets/drrweb-lib/images/common-makes/Chery%402x.png","d878d95913290d5a1742bed2c39c4b2cb1fdd9c530e881b8deedda21dbd12729","orgs/6e9b9e3b-c6be-4991-b03b-cf1f1d2eab4a/apps/com.aaa.iphone.discounts.5fc6b2fe/delta/123aa4385ad6d0aefba6658c1335acaa90f535a4bf575b7fe45685dcd6402aee_assets/drrweb-lib/images/common-makes/Chery%402x.png","0","NOT_FOUND"
"assets/drrweb-lib/images/common-makes/Chevrolet%402x.png","0c34cf52562feff7853cd476a8cc21fc6b8074bd58e57c421e97bde89311802a","orgs/6e9b9e3b-c6be-4991-b03b-cf1f1d2eab4a/apps/com.aaa.iphone.discounts.5fc6b2fe/delta/409948887bfe3951c5a4020f1e73940161a03f36c4663df5a301482f6f1223b2_assets/drrweb-lib/images/common-makes/Chevrolet%402x.png","0","NOT_FOUND"
"assets/drrweb-lib/images/common-makes/Citroen%402x.png","835170099d5ef2e9435b198db3bb3b502bfae7d0648afb4b8a1e1e51e1018f75","orgs/6e9b9e3b-c6be-4991-b03b-cf1f1d2eab4a/apps/com.aaa.iphone.discounts.5fc6b2fe/delta/066c6d5bdaf16422a49e680a14ba67bf37720c84054bd4f31954f55b171ec034_assets/drrweb-lib/images/common-makes/Citroen%402x.png","0","NOT_FOUND"
"assets/drrweb-lib/images/common-makes/Cleveland%402x.png","7f80dde033e6d9244e33a99293a0a4433931522463289b86d4b4f05a6ae24730","orgs/6e9b9e3b-c6be-4991-b03b-cf1f1d2eab4a/apps/com.aaa.iphone.discounts.5fc6b2fe/delta/f156815e00432d05e61fd0c0ef83eb51cb0a1956e524a6209f1170cd615259cc_assets/drrweb-lib/images/common-makes/Cleveland%402x.png","0","NOT_FOUND"
"assets/drrweb-lib/images/common-makes/Cole%402x.png","875305ffa6fe29b2620194937f1d37171ce019689175a95a3747a95409d050f6","orgs/6e9b9e3b-c6be-4991-b03b-cf1f1d2eab4a/apps/com.aaa.iphone.discounts.5fc6b2fe/delta/6a55204dd1a13bbdf42b8836b5bcc8566b0dfe3d1195cf4b7baba82d500350e2_assets/drrweb-lib/images/common-makes/Cole%402x.png","0","NOT_FOUND"
"assets/drrweb-lib/images/common-makes/Davis%402x.png","13b70433279708dd62014526cc7ccc86dc7ded72cae5a11456dbe45e9cab5fdc","orgs/6e9b9e3b-c6be-4991-b03b-cf1f1d2eab4a/apps/com.aaa.iphone.discounts.5fc6b2fe/delta/ad04e909248f328130a0bced61d0446ae9115160508e7461413492805e086634_assets/drrweb-lib/images/common-makes/Davis%402x.png","0","NOT_FOUND"
"assets/drrweb-lib/images/common-makes/Dodge%402x.png","a0214390abe68a838c4dfafe4e63dae53f143ed72743ffb66bc8bb1e55e92199","orgs/6e9b9e3b-c6be-4991-b03b-cf1f1d2eab4a/apps/com.aaa.iphone.discounts.5fc6b2fe/delta/bef7f5830f2d470b5a1099d8f8a57ec4d869d04aa559721fcdd6c27bd17546bb_assets/drrweb-lib/images/common-makes/Dodge%402x.png","0","NOT_FOUND"
"assets/drrweb-lib/images/common-makes/Dupont%402x.png","ab72856a7914eaea30f9e4c92e34102d4ea7a5a666972e18352cb608cbd6ebfb","orgs/6e9b9e3b-c6be-4991-b03b-cf1f1d2eab4a/apps/com.aaa.iphone.discounts.5fc6b2fe/delta/5d520a5423f00808f8f56644068524480eb3a8b25e59410ca4a1c0427ba59faf_assets/drrweb-lib/images/common-makes/Dupont%402x.png","0","NOT_FOUND"
"assets/drrweb-lib/images/common-makes/Eagle%402x.png","b81cef851a3a40072e89ec5f14d77bc5fc806e016f34aef159f0d3289e96eb9e","orgs/6e9b9e3b-c6be-4991-b03b-cf1f1d2eab4a/apps/com.aaa.iphone.discounts.5fc6b2fe/delta/357b8e4bf2e7aff047b2348afae3388544cb2918c68ca52a4457365320b5922c_assets/drrweb-lib/images/common-makes/Eagle%402x.png","0","NOT_FOUND"
"assets/drrweb-lib/images/common-makes/Elcar%402x.png.br","b53cc223e2962d55071d43903d750692da5407e4f54e049232ef805678958739","orgs/6e9b9e3b-c6be-4991-b03b-cf1f1d2eab4a/apps/com.aaa.iphone.discounts.5fc6b2fe/delta/e7f03839a8bc97cb0606cb5867c135ea136824ded3b634eabd546c71ff728b74_assets/drrweb-lib/images/common-makes/Elcar%402x.png.br","0","NOT_FOUND"
"assets/drrweb-lib/images/common-makes/Essex%402x.png","4328f922b6a2df36594b0e290f36cea2b1ccaebae79df03c719d781bb523f570","orgs/6e9b9e3b-c6be-4991-b03b-cf1f1d2eab4a/apps/com.aaa.iphone.discounts.5fc6b2fe/delta/b61af7f4bdf656e2031d7a7d856c3a5632dc5698daf5826e3807e03bd5305246_assets/drrweb-lib/images/common-makes/Essex%402x.png","0","NOT_FOUND"
"assets/drrweb-lib/images/common-makes/Ferrari%402x.png","8bb3c5305c4ddd46d86697d1d25e5aa3bab278a867485e8e2b85d11dbf27d926","orgs/6e9b9e3b-c6be-4991-b03b-cf1f1d2eab4a/apps/com.aaa.iphone.discounts.5fc6b2fe/delta/a8926da9445794a9f15e9dcac9b47d571329646749e42428a52f17dcdef39099_assets/drrweb-lib/images/common-makes/Ferrari%402x.png","0","NOT_FOUND"
"assets/drrweb-lib/images/common-makes/Fiat%402x.png","aa8115a6f3300c205162ad65bae83f5491b0329758e24803472cdeee9f26126d","orgs/6e9b9e3b-c6be-4991-b03b-cf1f1d2eab4a/apps/com.aaa.iphone.discounts.5fc6b2fe/delta/11731c54d7deccd593dbf634e01ce5d45bbe5532aa4353627921f31c2879c08a_assets/drrweb-lib/images/common-makes/Fiat%402x.png","0","NOT_FOUND"
"assets/drrweb-lib/images/common-makes/Ford%402x.png","8fd74364ba346f8a84f8cbf289820a67e6d672c81caab22f4da41cc6f40e03ff","orgs/6e9b9e3b-c6be-4991-b03b-cf1f1d2eab4a/apps/com.aaa.iphone.discounts.5fc6b2fe/delta/0e97e398bb8dc7ec3fa55636ad88784bbe691af4a6b67c1edc310cc98e3ad13f_assets/drrweb-lib/images/common-makes/Ford%402x.png","0","NOT_FOUND"
"assets/drrweb-lib/images/common-makes/Franklin%402x.png","a140d239a43fb341b3b8023e0ecd8c1c20d509c8384c69bed06a7dc2180bbd3a","orgs/6e9b9e3b-c6be-4991-b03b-cf1f1d2eab4a/apps/com.aaa.iphone.discounts.5fc6b2fe/delta/26f694232fe71b3c6a69fa04cf63c90deacd86b1ff85cce298252dfd56a95e8e_assets/drrweb-lib/images/common-makes/Franklin%402x.png","0","NOT_FOUND"
"assets/drrweb-lib/images/common-makes/GMC%402x.png","2735627697ad56c15ef6b47dc10126da723e21ea80e4592be6c154330da2c1c1","orgs/6e9b9e3b-c6be-4991-b03b-cf1f1d2eab4a/apps/com.aaa.iphone.discounts.5fc6b2fe/delta/e67632c139ea29cd0625351e63dbdcc86ca1d77536ee97074a1949f52c18648f_assets/drrweb-lib/images/common-makes/GMC%402x.png","0","NOT_FOUND"
"assets/drrweb-lib/images/common-makes/Gardner%402x.png","c71eeb6a5ddad9a43a1f75e6f1c74e977d661ffebff81ecff9e9e9638c5915e2","orgs/6e9b9e3b-c6be-4991-b03b-cf1f1d2eab4a/apps/com.aaa.iphone.discounts.5fc6b2fe/delta/d112717ef35378bdd627715cf97415a68e921d93f362eea3335d0b78f73f000c_assets/drrweb-lib/images/common-makes/Gardner%402x.png","0","NOT_FOUND"
"assets/drrweb-lib/images/common-makes/Geo%402x.png","04fc5a720af85f0bed76076a01151a011bc88fe11ee8b8c55b9803fe12ea5229","orgs/6e9b9e3b-c6be-4991-b03b-cf1f1d2eab4a/apps/com.aaa.iphone.discounts.5fc6b2fe/delta/23da0f4a89efbb56f7ac1adc61f816aac205c9a39e76050f779664e4e66655ab_assets/drrweb-lib/images/common-makes/Geo%402x.png","0","NOT_FOUND"
"assets/drrweb-lib/images/common-makes/Haynes%402x.png.br","57f4520e10d54271d91c7e7263e07f231491d178610a0f7d56d1c3714dced6df","orgs/6e9b9e3b-c6be-4991-b03b-cf1f1d2eab4a/apps/com.aaa.iphone.discounts.5fc6b2fe/delta/5b97f3d2b5f8e2d7da5db490581452fe56a48246eb35200fde3d2ce1752a5e5e_assets/drrweb-lib/images/common-makes/Haynes%402x.png.br","0","NOT_FOUND"
"assets/drrweb-lib/images/common-makes/Hcs%402x.png","751b88b7620421aa21d30120b13b12f8d0378bd1750c253de4bd6ab0aa09f728","orgs/6e9b9e3b-c6be-4991-b03b-cf1f1d2eab4a/apps/com.aaa.iphone.discounts.5fc6b2fe/delta/738277891bb6d8b9327cdd7a42311fb2d8ab14fbc018678322ae1d2dadb98622_assets/drrweb-lib/images/common-makes/Hcs%402x.png","0","NOT_FOUND"
"assets/drrweb-lib/images/common-makes/Hino%402x.png","3a76e9688593c4179f21a265485ff0a37a8e67367c3d5996ff8099bbc1cc4f28","orgs/6e9b9e3b-c6be-4991-b03b-cf1f1d2eab4a/apps/com.aaa.iphone.discounts.5fc6b2fe/delta/151d3aa833a07680d92874a24004e5367b8330f389d62d0b87d63614f93fde15_assets/drrweb-lib/images/common-makes/Hino%402x.png","0","NOT_FOUND"
"assets/drrweb-lib/images/common-makes/HispanoSuiza%402x.png","6cb938d97251c41b3e9286ff45916d5cc551cb149b1f7a245cb77fe2730bd565","orgs/6e9b9e3b-c6be-4991-b03b-cf1f1d2eab4a/apps/com.aaa.iphone.discounts.5fc6b2fe/delta/efb379e9b284de72405a7d1dd7bbcb8cea16b1666f5c38e36b4cb7c775ce888d_assets/drrweb-lib/images/common-makes/HispanoSuiza%402x.png","0","NOT_FOUND"
"assets/drrweb-lib/images/common-makes/Honda%402x.png","736589798a9a69ffd673c5342978bc933a5019d4e30ba1c8aa611d5fb53f64df","orgs/6e9b9e3b-c6be-4991-b03b-cf1f1d2eab4a/apps/com.aaa.iphone.discounts.5fc6b2fe/delta/ec2461dee3ff0a51587dad2b02441e00508ab41922910ed9a264421ce285e11a_assets/drrweb-lib/images/common-makes/Honda%402x.png","0","NOT_FOUND"
"assets/drrweb-lib/images/common-makes/Hupmobile%402x.png.br","3c0be01360e7d135b17821dd12e4e9d5f6c8f569fd9d2b50f9041beedbaee72b","orgs/6e9b9e3b-c6be-4991-b03b-cf1f1d2eab4a/apps/com.aaa.iphone.discounts.5fc6b2fe/delta/92f68b469b5165dc07ec692ae652791963e0baa4c167ff57a95f2c2944fbcc3e_assets/drrweb-lib/images/common-makes/Hupmobile%402x.png.br","0","NOT_FOUND"
"assets/drrweb-lib/images/common-makes/Hyundai%402x.png","76865499c0e94acd29d96524eefe7733046b8e6a285fb49143cbadc48e1475a2","orgs/6e9b9e3b-c6be-4991-b03b-cf1f1d2eab4a/apps/com.aaa.iphone.discounts.5fc6b2fe/delta/8df095c7dc3a99ee02aa113d04981e343b4148f400bc3f76b74accc2ff76cdc8_assets/drrweb-lib/images/common-makes/Hyundai%402x.png","0","NOT_FOUND"
"assets/drrweb-lib/images/common-makes/Infinity%402x.png","5e3536b5e5c0206f44bf53e1831b483d04408cd6c3ec9370a371b528d0d2974d","orgs/6e9b9e3b-c6be-4991-b03b-cf1f1d2eab4a/apps/com.aaa.iphone.discounts.5fc6b2fe/delta/a8354f53632f33b989321b5a5a481272b549d15f0d453ee94038380b2fd57ee4_assets/drrweb-lib/images/common-makes/Infinity%402x.png","0","NOT_FOUND"
"assets/drrweb-lib/images/common-makes/Isuzu%402x.png","6d71ee7d038929c1a8b3f3f5c3841e2e81ac9952f5074b140bfb228b69af68e4","orgs/6e9b9e3b-c6be-4991-b03b-cf1f1d2eab4a/apps/com.aaa.iphone.discounts.5fc6b2fe/delta/d7d8007fbd519732e51cbeb3787be31be2efb8cec02c09f916e7bc900183b5c0_assets/drrweb-lib/images/common-makes/Isuzu%402x.png","0","NOT_FOUND"
"assets/drrweb-lib/images/common-makes/Jaguar%402x.png","917c323e91bceb826766dae3f7a7fc3c9807f5b14a7f1294e42e49a2d64f2495","orgs/6e9b9e3b-c6be-4991-b03b-cf1f1d2eab4a/apps/com.aaa.iphone.discounts.5fc6b2fe/delta/0c1b19d421f14478a9f0ba9ae566a67c4769645e7d005abe2c0318b93267a9d4_assets/drrweb-lib/images/common-makes/Jaguar%402x.png","0","NOT_FOUND"
"assets/drrweb-lib/images/common-makes/Jeep%402x.png","afe27f9c09351af5bf2adeb8e987d5fd00860c30b734b784add532dbcaba9d97","orgs/6e9b9e3b-c6be-4991-b03b-cf1f1d2eab4a/apps/com.aaa.iphone.discounts.5fc6b2fe/delta/842c068e9933312f0d176481e7a11e4f7e1d4040f4bded879091bf7938e1976e_assets/drrweb-lib/images/common-makes/Jeep%402x.png","0","NOT_FOUND"
"assets/drrweb-lib/images/common-makes/Jordan%402x.png","2330e0786143881bf81ecbf7248c030f17d2a5fef391ee997d6c6b0bbe5f173b","orgs/6e9b9e3b-c6be-4991-b03b-cf1f1d2eab4a/apps/com.aaa.iphone.discounts.5fc6b2fe/delta/559653c7ec978dfb82699dc6552133ba9bc6486a64315208994d66e848fceb94_assets/drrweb-lib/images/common-makes/Jordan%402x.png","0","NOT_FOUND"
"assets/drrweb-lib/images/common-makes/Kia%402x.png","5671716d7ad7e4451e01e1087bdead7c73405f81b21b4ddfa098ca56e3aca665","orgs/6e9b9e3b-c6be-4991-b03b-cf1f1d2eab4a/apps/com.aaa.iphone.discounts.5fc6b2fe/delta/4bf45f11a3b5d079ac633de6e1b6a1a920d7116c3fc5be5b40371ce83eb1ba26_assets/drrweb-lib/images/common-makes/Kia%402x.png","0","NOT_FOUND"
"assets/drrweb-lib/images/common-makes/Lamborghini%402x.png","1719a78e8d60e2bef77e159c737dc7a3d73c3b29bab2a9760789b4f3b892018c","orgs/6e9b9e3b-c6be-4991-b03b-cf1f1d2eab4a/apps/com.aaa.iphone.discounts.5fc6b2fe/delta/5d06b397c89105fadc363bf8c89948822e51ae19489c93a7b7f09ab6c8067035_assets/drrweb-lib/images/common-makes/Lamborghini%402x.png","0","NOT_FOUND"
"assets/drrweb-lib/images/common-makes/LandRover%402x.png","3f8e958eb5887b630955d0f63fc1f1d663352bd68423bf18ce36f9271e21c572","orgs/6e9b9e3b-c6be-4991-b03b-cf1f1d2eab4a/apps/com.aaa.iphone.discounts.5fc6b2fe/delta/9dff731db92a2313999cec2b483a70f4b23827bb60950627b76a87e8d2d1eb90_assets/drrweb-lib/images/common-makes/LandRover%402x.png","0","NOT_FOUND"
"assets/drrweb-lib/images/common-makes/Lexus%402x.png","4879dbe73772ef21297944cfbce414f513986e0bb956865cf8ce2b0e658fac0e","orgs/6e9b9e3b-c6be-4991-b03b-cf1f1d2eab4a/apps/com.aaa.iphone.discounts.5fc6b2fe/delta/2e9e0ae884c453c654e22b13687999baf0950f9ffd387a6816b6733581f59d7b_assets/drrweb-lib/images/common-makes/Lexus%402x.png","0","NOT_FOUND"
"assets/drrweb-lib/images/common-makes/Lincoln%402x.png","3b497a5bdf8aa249ff19c03e2531b66066033c264ef41d71616417fd9a0e1e60","orgs/6e9b9e3b-c6be-4991-b03b-cf1f1d2eab4a/apps/com.aaa.iphone.discounts.5fc6b2fe/delta/aacd8afc38f5403e4d51c12775add9f909892ef4297fc2903741f33a9ee070ec_assets/drrweb-lib/images/common-makes/Lincoln%402x.png","0","NOT_FOUND"
"assets/drrweb-lib/images/common-makes/Locomobile%402x.png","b87d613364902606895929721192e13071b33cbe0db95897aab344402f24f484","orgs/6e9b9e3b-c6be-4991-b03b-cf1f1d2eab4a/apps/com.aaa.iphone.discounts.5fc6b2fe/delta/a9daed4dbd5d5302fae106de7c151693f4310cd2f40654eeb17678847a082354_assets/drrweb-lib/images/common-makes/Locomobile%402x.png","0","NOT_FOUND"
"assets/drrweb-lib/images/common-makes/Lotus%402x.png","e23eb4747cf2e26bfa9ff17d247f929426b62ef9d869ad1bc7c0e541674a5297","orgs/6e9b9e3b-c6be-4991-b03b-cf1f1d2eab4a/apps/com.aaa.iphone.discounts.5fc6b2fe/delta/ec70d2b794dbb894bc41b694907f5d5630a99bb7130582de8436c16afa6d6d8b_assets/drrweb-lib/images/common-makes/Lotus%402x.png","0","NOT_FOUND"
"assets/drrweb-lib/images/common-makes/Marmon%402x.png","58ccec0b017bcb3e9f15ea8b3f69268ba16a86417430e390c1756693860b34ed","orgs/6e9b9e3b-c6be-4991-b03b-cf1f1d2eab4a/apps/com.aaa.iphone.discounts.5fc6b2fe/delta/b5f36f175e5f1e5df8888d08a8ea74b52d90236e25f68b54b435a13b77c4c975_assets/drrweb-lib/images/common-makes/Marmon%402x.png","0","NOT_FOUND"
"assets/drrweb-lib/images/common-makes/Maserati%402x.png","b7f55dd44583f3d5ac77ccfd06d2ecae33275cceb475239172f34ca54d5fb8ea","orgs/6e9b9e3b-c6be-4991-b03b-cf1f1d2eab4a/apps/com.aaa.iphone.discounts.5fc6b2fe/delta/2a80dfe53edf497d4e108a50aa97d658dcb8dbe66dabb820f7129f5553c12d20_assets/drrweb-lib/images/common-makes/Maserati%402x.png","0","NOT_FOUND"
"assets/drrweb-lib/images/common-makes/Maxwell%402x.png.br","ddf1b1b1a2d5dcb7aa7dfa61cf000b171a29cf57c2d1a90bca76fb3730f7ffdf","orgs/6e9b9e3b-c6be-4991-b03b-cf1f1d2eab4a/apps/com.aaa.iphone.discounts.5fc6b2fe/delta/827679af047dfbf57f55a04dddabe6cb9d02d4a2212860e9de538877d63c0e35_assets/drrweb-lib/images/common-makes/Maxwell%402x.png.br","0","NOT_FOUND"
"assets/drrweb-lib/images/common-makes/Mazda%402x.png","5cf1a1e680d978359c948fc4ccbef5791783444d88e77d83177bdaf506fccd3a","orgs/6e9b9e3b-c6be-4991-b03b-cf1f1d2eab4a/apps/com.aaa.iphone.discounts.5fc6b2fe/delta/5217a9898e93b76a484c5b2de0c8ebcaa81a6876b922e78f877d177c5fe0b245_assets/drrweb-lib/images/common-makes/Mazda%402x.png","0","NOT_FOUND"
"assets/drrweb-lib/images/common-makes/Mercedes-Benz%402x.png.br","5c39ee8dfecd6f6f5c16097aaa1e0bd2587f4e3a3f59fd582a0f702fe6b763a8","orgs/6e9b9e3b-c6be-4991-b03b-cf1f1d2eab4a/apps/com.aaa.iphone.discounts.5fc6b2fe/delta/59593385a6d3d5c25a03959e82bc0fbdd6a5bd58b884155f3d20fe9c295931ef_assets/drrweb-lib/images/common-makes/Mercedes-Benz%402x.png.br","0","NOT_FOUND"
"assets/drrweb-lib/images/common-makes/Mercury%402x.png","73c34277a69383e6cab28f0ce037077971179c80295bbfe55e7f966dc5b98fd7","orgs/6e9b9e3b-c6be-4991-b03b-cf1f1d2eab4a/apps/com.aaa.iphone.discounts.5fc6b2fe/delta/245a4a19e4feca27cfb86288501cc7e2c6828ab3daee50c79b0843b24d1a2d5b_assets/drrweb-lib/images/common-makes/Mercury%402x.png","0","NOT_FOUND"
"assets/drrweb-lib/images/common-makes/Mini%402x.png","9312e18d36890e83bece8babb66414d29a8c95124cedecc7a2b3f97a7d9e7a6b","orgs/6e9b9e3b-c6be-4991-b03b-cf1f1d2eab4a/apps/com.aaa.iphone.discounts.5fc6b2fe/delta/cc3ec75fcf285f6ebb57534cd3f87698c6ee93cbc83dddb1db968e597b83b6ef_assets/drrweb-lib/images/common-makes/Mini%402x.png","0","NOT_FOUND"
"assets/drrweb-lib/images/common-makes/Mitsubishi%402x.png","77e79a55e834379a5afc71cda4a6d8f168fb01e4f3d2143e6014d5eee145a0df","orgs/6e9b9e3b-c6be-4991-b03b-cf1f1d2eab4a/apps/com.aaa.iphone.discounts.5fc6b2fe/delta/4f3339dde8a9d0245ac0bdbad767331a8dc0d8c63e282e3941689e5296e877a8_assets/drrweb-lib/images/common-makes/Mitsubishi%402x.png","0","NOT_FOUND"
"assets/drrweb-lib/images/common-makes/Moon%402x.png.br","966a7b881c563ede18045cf72590e03224b5c298703e306eb6be79bb984cdbd2","orgs/6e9b9e3b-c6be-4991-b03b-cf1f1d2eab4a/apps/com.aaa.iphone.discounts.5fc6b2fe/delta/63f3e6f7e4af82234d79add6b3a22b17e97b028ad58a48d3386d69c6bcc80093_assets/drrweb-lib/images/common-makes/Moon%402x.png.br","0","NOT_FOUND"
"assets/drrweb-lib/images/common-makes/Nissan%402x.png","77164e5d3a874fb370b78af870cab7e1a33900cb77b4df01b0162ed9bac10ddf","orgs/6e9b9e3b-c6be-4991-b03b-cf1f1d2eab4a/apps/com.aaa.iphone.discounts.5fc6b2fe/delta/8f45bc8805e0922c48893e523deb30a2903029dc267582a8d877048980c2c9d6_assets/drrweb-lib/images/common-makes/Nissan%402x.png","0","NOT_FOUND"
"assets/drrweb-lib/images/common-makes/Opel%402x.png","c852819dae6a5f721d8c0616678d1871cb860a885785e4d7e73291dcbaebfa30","orgs/6e9b9e3b-c6be-4991-b03b-cf1f1d2eab4a/apps/com.aaa.iphone.discounts.5fc6b2fe/delta/22790c1ae7a64852f2b538db09ab4e2811162039aa48ca119f223674818721cb_assets/drrweb-lib/images/common-makes/Opel%402x.png","0","NOT_FOUND"
"assets/drrweb-lib/images/common-makes/Peugeot%402x.png","39ef8c0c073d4bf1e9869f50e45e71844eef108ffadb9e330dabda0dd47fd5e4","orgs/6e9b9e3b-c6be-4991-b03b-cf1f1d2eab4a/apps/com.aaa.iphone.discounts.5fc6b2fe/delta/e662254ea9f0e6fb9443d14e3e4587f70a6d76d82bd6ffec790ef2ce02411b9d_assets/drrweb-lib/images/common-makes/Peugeot%402x.png","0","NOT_FOUND"
"assets/drrweb-lib/images/common-makes/Plymouth%402x.png","d0e4ca4d41dec7c21e13b81f3713e8cf85676807789b1eeb7b345faf7a96ea28","orgs/6e9b9e3b-c6be-4991-b03b-cf1f1d2eab4a/apps/com.aaa.iphone.discounts.5fc6b2fe/delta/37416c322da5eed0840b8812d52de8e70b555e98194f5d166f8272285e4d20a5_assets/drrweb-lib/images/common-makes/Plymouth%402x.png","0","NOT_FOUND"
"assets/drrweb-lib/images/common-makes/Pontiac%402x.png","974306f966b87195ad062422f500dfabff8fa42eaf2f53ffd77740eae6fe70f3","orgs/6e9b9e3b-c6be-4991-b03b-cf1f1d2eab4a/apps/com.aaa.iphone.discounts.5fc6b2fe/delta/236149f701814f0e8ee32a88ab8b0f0797d4079da0eac0065b43946f8eaddce2_assets/drrweb-lib/images/common-makes/Pontiac%402x.png","0","NOT_FOUND"
"assets/drrweb-lib/images/common-makes/Porsche%402x.png","ade4054162593aee3919a117c151c5dc164dd5dddaddf83c2ff248479f58fdae","orgs/6e9b9e3b-c6be-4991-b03b-cf1f1d2eab4a/apps/com.aaa.iphone.discounts.5fc6b2fe/delta/a07fb96b76bb9609b019566a9d50f0472fbcfdabfe05f0287d1f5a8573545097_assets/drrweb-lib/images/common-makes/Porsche%402x.png","0","NOT_FOUND"
"assets/drrweb-lib/images/common-makes/Ram%402x.png","8de928f1b6237ce363ce3f6746dac8de8efad1ded599397b94e6d27af7d7c389","orgs/6e9b9e3b-c6be-4991-b03b-cf1f1d2eab4a/apps/com.aaa.iphone.discounts.5fc6b2fe/delta/b052d541c02d4718a73a59fcc12cc9c1f100f9be914bf3175ef3e64e68a258f4_assets/drrweb-lib/images/common-makes/Ram%402x.png","0","NOT_FOUND"
"assets/drrweb-lib/images/common-makes/Renault%402x.png","7453e4c720ba9f47071b5d9e2bb4dfba6d619223b89009426f4216d372828920","orgs/6e9b9e3b-c6be-4991-b03b-cf1f1d2eab4a/apps/com.aaa.iphone.discounts.5fc6b2fe/delta/809f9f3c5a3180a6e4c6fa62dd453e60418d779b2d20e3c8ce7b336661ada3f1_assets/drrweb-lib/images/common-makes/Renault%402x.png","0","NOT_FOUND"
"assets/drrweb-lib/images/common-makes/RollsRoyce%402x.png","5ad176fbe85794c4802235dad3ceb7b87c64feeb014544b40d31dbec2184964f","orgs/6e9b9e3b-c6be-4991-b03b-cf1f1d2eab4a/apps/com.aaa.iphone.discounts.5fc6b2fe/delta/ca7e6783d030b5a6e29da16165e7896bfc4229f5b3e8ada4357c050304fc60a0_assets/drrweb-lib/images/common-makes/RollsRoyce%402x.png","0","NOT_FOUND"
"assets/drrweb-lib/images/common-makes/Saab%402x.png","c930f43be543c9ef99666da8b7c3721dd48f7181e0ac2e22b7644781d118ed89","orgs/6e9b9e3b-c6be-4991-b03b-cf1f1d2eab4a/apps/com.aaa.iphone.discounts.5fc6b2fe/delta/492ee7424f7144772ff8fadb58cf7e54ba99c44ca2fe6920af6075b9348515ad_assets/drrweb-lib/images/common-makes/Saab%402x.png","0","NOT_FOUND"
"assets/drrweb-lib/images/common-makes/Saturn%402x.png","3f773cb42613e38ae1ba9f2fcbe985d7c6cc479d7f60210648830a83f2f493fa","orgs/6e9b9e3b-c6be-4991-b03b-cf1f1d2eab4a/apps/com.aaa.iphone.discounts.5fc6b2fe/delta/23af5be4fdbc782cd37638bcfd560677600a39c9bdce018697b38d4e8f4ef29d_assets/drrweb-lib/images/common-makes/Saturn%402x.png","0","NOT_FOUND"
"assets/drrweb-lib/images/common-makes/Scion%402x.png","218947c584f0bf45950304ac16dd758fec35663ada39cecaf1a694ee5b907eee","orgs/6e9b9e3b-c6be-4991-b03b-cf1f1d2eab4a/apps/com.aaa.iphone.discounts.5fc6b2fe/delta/11c1bea09b618c6bdbf2447628e10bf3bfcaf0112eb6eb470ed1dacf23bce231_assets/drrweb-lib/images/common-makes/Scion%402x.png","0","NOT_FOUND"
"assets/drrweb-lib/images/common-makes/Seat%402x.png","a10aeda410691115e0666a9f41221c1e86d954e95efabaf549668db5760ca66e","orgs/6e9b9e3b-c6be-4991-b03b-cf1f1d2eab4a/apps/com.aaa.iphone.discounts.5fc6b2fe/delta/92e0c030e5298cde34d2786a8bcb565d2725d1c523e54f11a5e774a4c3b56bcb_assets/drrweb-lib/images/common-makes/Seat%402x.png","0","NOT_FOUND"
"assets/drrweb-lib/images/common-makes/Shelby%402x.png","3b48306e1e633df4f8ff62bd06b66b611ae43ad1bbc14cc0313c66265d51551d","orgs/6e9b9e3b-c6be-4991-b03b-cf1f1d2eab4a/apps/com.aaa.iphone.discounts.5fc6b2fe/delta/54e7e2da7a168b22ad68b3a5d27312bd4ced92a2baa8e2ff3d38d36f78634eab_assets/drrweb-lib/images/common-makes/Shelby%402x.png","0","NOT_FOUND"
"assets/drrweb-lib/images/common-makes/Smart%402x.png","006dcf68400b3f26a1551c1258b8ccab41ea32e93c866e2efaa10bad0193a0a6","orgs/6e9b9e3b-c6be-4991-b03b-cf1f1d2eab4a/apps/com.aaa.iphone.discounts.5fc6b2fe/delta/163ee8fc9c727c1e5d7fb3f598d076b6b64088be09d46a83b2cb03ca34650b23_assets/drrweb-lib/images/common-makes/Smart%402x.png","0","NOT_FOUND"
"assets/drrweb-lib/images/common-makes/Spyker%402x.png","09d12976cec7646371575d62b3c0efc1fa777a09e0a3ab270007727ac34dc967","orgs/6e9b9e3b-c6be-4991-b03b-cf1f1d2eab4a/apps/com.aaa.iphone.discounts.5fc6b2fe/delta/366e6947bcfe9d572b734773d58bc804f599df7c463e0cd48c56d719972b4634_assets/drrweb-lib/images/common-makes/Spyker%402x.png","0","NOT_FOUND"
"assets/drrweb-lib/images/common-makes/Subaru%402x.png","0a4f00b59c62b4dc22be69ca45f8af9fd7c92cec542c765789d9edb94cbbc937","orgs/6e9b9e3b-c6be-4991-b03b-cf1f1d2eab4a/apps/com.aaa.iphone.discounts.5fc6b2fe/delta/678904bbce1e15355326feac6a00d2cdcc12f83ee39779deac83b292e3d45015_assets/drrweb-lib/images/common-makes/Subaru%402x.png","0","NOT_FOUND"
"assets/drrweb-lib/images/common-makes/Suzuki%402x.png","3382bea01bb64546c57b9f58faa48e283c6c7fe8de319ab7078bf460e4d9d5fe","orgs/6e9b9e3b-c6be-4991-b03b-cf1f1d2eab4a/apps/com.aaa.iphone.discounts.5fc6b2fe/delta/fb399c3c23cf849eb8db232e8c016c17624c1d6b269397a7d8cdcc8cfc014c3e_assets/drrweb-lib/images/common-makes/Suzuki%402x.png","0","NOT_FOUND"
"assets/drrweb-lib/images/common-makes/Tesla%402x.png","14e1500bf3fd5ddfd2371827455e7d47a09dd975024a3b3ece9735a58c4db21e","orgs/6e9b9e3b-c6be-4991-b03b-cf1f1d2eab4a/apps/com.aaa.iphone.discounts.5fc6b2fe/delta/1c307dcf81ccd5ca0b2a878e3515f5cb4ef81aaedd3c8b7d671f259defb48955_assets/drrweb-lib/images/common-makes/Tesla%402x.png","0","NOT_FOUND"
"assets/drrweb-lib/images/common-makes/Toyota%402x.png","c52ca972301c955a425cd5c446e68b6cafe3ed075e1bb52f5384a76c2973d496","orgs/6e9b9e3b-c6be-4991-b03b-cf1f1d2eab4a/apps/com.aaa.iphone.discounts.5fc6b2fe/delta/cbc4fb1fff14f5653d8ed9e87dfbcef03f3621197a28c97889fc0a33b32582dc_assets/drrweb-lib/images/common-makes/Toyota%402x.png","0","NOT_FOUND"
"assets/drrweb-lib/images/common-makes/Volkswagen%402x.png","bdaed29f15c060db72b5eb06128bf96c6a77f1abea1378e62ecce726058b1fa0","orgs/6e9b9e3b-c6be-4991-b03b-cf1f1d2eab4a/apps/com.aaa.iphone.discounts.5fc6b2fe/delta/daf04ebe13da31fc5d707b8d9131e37966aed40d02322d7fe446125552862fdc_assets/drrweb-lib/images/common-makes/Volkswagen%402x.png","0","NOT_FOUND"
"assets/drrweb-lib/images/common-makes/Volvo%402x.png","50a2dd9ecb34bda3f323bd9cfe4c3e56c9a1f74bbd58bd3bd34c41ec0c5dfa33","orgs/6e9b9e3b-c6be-4991-b03b-cf1f1d2eab4a/apps/com.aaa.iphone.discounts.5fc6b2fe/delta/ef77b514e41f797348f4287731293fb883774949d3df77d67657c397a4ebedfd_assets/drrweb-lib/images/common-makes/Volvo%402x.png","0","NOT_FOUND"
"assets/drrweb-lib/images/discount-awards.svg","fe0278c36d815b5022f230490b9c5f67007e1c0393f1e298f083f53c5e70b695","orgs/6e9b9e3b-c6be-4991-b03b-cf1f1d2eab4a/apps/com.aaa.iphone.discounts.5fc6b2fe/delta/f7c3a6e2cf4b59f548aff8d98aa4975b929353ac3731e912d7e71507bc5b0da4_assets/drrweb-lib/images/discount-awards.svg","6036","NOT_FOUND"
"assets/drrweb-lib/images/exclaim-red-triangle.svg","353841957b6301277f4891890d459e7c150abc19bd1e9f36d354092a9ccc54f0","orgs/6e9b9e3b-c6be-4991-b03b-cf1f1d2eab4a/apps/com.aaa.iphone.discounts.5fc6b2fe/delta/0ccaf8eb2e6e47fae6774b64b226d44ae612278d90507aa6b5bccffc2b624649_assets/drrweb-lib/images/exclaim-red-triangle.svg","645","NOT_FOUND"
"assets/drrweb-lib/images/exclaim-yellow-triangle.svg","bc8f636927b378eb35147ad5160e8806b9d3ed2fa057ae9e99fbc73a122b83a2","orgs/6e9b9e3b-c6be-4991-b03b-cf1f1d2eab4a/apps/com.aaa.iphone.discounts.5fc6b2fe/delta/886ba400aba09a0c35eed577959ec7f3b1c61e62cf5b91670cf9a478b1226da0_assets/drrweb-lib/images/exclaim-yellow-triangle.svg","645","NOT_FOUND"
"assets/drrweb-lib/images/fr/prompt-android-chrome-service-location.png.br","fe85513e97002e1ba7181beb5aba7b195db9ce99d8acb58740604366dfaa983d","orgs/6e9b9e3b-c6be-4991-b03b-cf1f1d2eab4a/apps/com.aaa.iphone.discounts.5fc6b2fe/delta/3167c601931ae3cb41afbd87f64b35337f5d79b84bf925060c8938473f1f9160_assets/drrweb-lib/images/fr/prompt-android-chrome-service-location.png.br","11870","NOT_FOUND"
"assets/drrweb-lib/images/fr/prompt-android-chrome-service-location_rap.png.br","9a91f0abe435072bdc7353c2aebb9d703b448b56478cb01727b4e53d8650f878","orgs/6e9b9e3b-c6be-4991-b03b-cf1f1d2eab4a/apps/com.aaa.iphone.discounts.5fc6b2fe/delta/9d65256dad8ca41b482b85943702e2d52c308e6ea291c55bb08e85c61de95e9a_assets/drrweb-lib/images/fr/prompt-android-chrome-service-location_rap.png.br","11764","NOT_FOUND"
"assets/drrweb-lib/images/fr/prompt-chrome-windows-service-location.png","9fd29a16e1bb90f4f0a1a904a38d40c2d235c9ccead9386d83d6900f98cd1322","orgs/6e9b9e3b-c6be-4991-b03b-cf1f1d2eab4a/apps/com.aaa.iphone.discounts.5fc6b2fe/delta/404bbcd75b1d18d0772f05a232d39b87886c73c08f0a92261d6ba47ef916ccf5_assets/drrweb-lib/images/fr/prompt-chrome-windows-service-location.png","3541","NOT_FOUND"
"assets/drrweb-lib/images/fr/prompt-chrome-windows-service-location_rap.png","701e93967a2232ecdaf246e3a43be1b7022c9320dc0aed0313bacd36f29c0650","orgs/6e9b9e3b-c6be-4991-b03b-cf1f1d2eab4a/apps/com.aaa.iphone.discounts.5fc6b2fe/delta/f41c1661d5be336dfdcbeeb275a3c1f9b92a34479fcccea4c12db8275ee29b9e_assets/drrweb-lib/images/fr/prompt-chrome-windows-service-location_rap.png","3676","NOT_FOUND"
"assets/drrweb-lib/images/fr/prompt-default-service-location.png","3832d50752241fb4be40a6482449c388ec2d4db4a665f168374043e27cd86ef4","orgs/6e9b9e3b-c6be-4991-b03b-cf1f1d2eab4a/apps/com.aaa.iphone.discounts.5fc6b2fe/delta/e0809977b53cdac79e4c8a3cb01b9f6b9277844d2921428cc3d26c7217785464_assets/drrweb-lib/images/fr/prompt-default-service-location.png","1828","NOT_FOUND"
"assets/drrweb-lib/images/fr/prompt-ios-service-location.png","7f1e47443d3376f1c00e455b12330e9d10c87447c800abefd77df25cbc17f4e6","orgs/6e9b9e3b-c6be-4991-b03b-cf1f1d2eab4a/apps/com.aaa.iphone.discounts.5fc6b2fe/delta/8858bcf77493830d001ebc2600bd98f0bb221c61c95b84c0116257d72a97755e_assets/drrweb-lib/images/fr/prompt-ios-service-location.png","98562","NOT_FOUND"
"assets/drrweb-lib/images/fr/prompt-ios-service-location_rap.png","1323930eb6262939096fc0f426485efa72d29baeebf2b13ad7603dbf1ae9fae5","orgs/6e9b9e3b-c6be-4991-b03b-cf1f1d2eab4a/apps/com.aaa.iphone.discounts.5fc6b2fe/delta/f628a2da1135c1ba29fb8cfa9cd647eccf10fbebe4450f739e3ce7a546dc0f9f_assets/drrweb-lib/images/fr/prompt-ios-service-location_rap.png","107561","NOT_FOUND"
"assets/drrweb-lib/images/genesis_logo.png","aa16bc4d7d5938d7b09b05f24d10d733ed6da7e872c5060db39fe7316e3bfe10","orgs/6e9b9e3b-c6be-4991-b03b-cf1f1d2eab4a/apps/com.aaa.iphone.discounts.5fc6b2fe/delta/dbf5c0572c761c1cfb1ebf9430ca0ee391fb55796fba77d471d227e269f086c4_assets/drrweb-lib/images/genesis_logo.png","4437","NOT_FOUND"
"assets/drrweb-lib/images/genesis_logo.svg","f6fde6eb6e291e1756aded9a7e388fc1f65734de7e9b747f03867123c16ce90d","orgs/6e9b9e3b-c6be-4991-b03b-cf1f1d2eab4a/apps/com.aaa.iphone.discounts.5fc6b2fe/delta/8892d9148025c84fef7cdb2dba10e479890537192b3cd1750a2e6200b5bd221e_assets/drrweb-lib/images/genesis_logo.svg","3392","NOT_FOUND"
"assets/drrweb-lib/images/gmc_logo.png.br","e1525e19eb7249d043bb1c5b1d05613436a2c3597f5feab5f73cad41525259bc","orgs/6e9b9e3b-c6be-4991-b03b-cf1f1d2eab4a/apps/com.aaa.iphone.discounts.5fc6b2fe/delta/e17c56451de43de5b13023a9b4823dbea9f1b4000a07845259007a7665cb7569_assets/drrweb-lib/images/gmc_logo.png.br","17175","NOT_FOUND"
"assets/drrweb-lib/images/gmc_logo.svg","1ea776754052b37040d23b54439c2cb901561d83a242dc886a10e78fa6def777","orgs/6e9b9e3b-c6be-4991-b03b-cf1f1d2eab4a/apps/com.aaa.iphone.discounts.5fc6b2fe/delta/9132f507070f80ba84860d2a431bb7316bde885aa3458059095235dcd1c6eff3_assets/drrweb-lib/images/gmc_logo.svg","613","NOT_FOUND"
"assets/drrweb-lib/images/gps-dot.png","13ea4690b11065fa97fc0a83a08bdfb9d30464ae0004e8fac6885ffe7125b756","orgs/6e9b9e3b-c6be-4991-b03b-cf1f1d2eab4a/apps/com.aaa.iphone.discounts.5fc6b2fe/delta/442a245fc52bf69bdccc73d53f6361644296a10da53c5726090597bf4697ae9e_assets/drrweb-lib/images/gps-dot.png","7074","NOT_FOUND"
"assets/drrweb-lib/images/honda26_logo.svg","98461665426a0512a4b678a152506856615d578c3f50d35b67c26c8f049740f1","orgs/6e9b9e3b-c6be-4991-b03b-cf1f1d2eab4a/apps/com.aaa.iphone.discounts.5fc6b2fe/delta/89e6f9b6fc94463485dc9675d3d5e4fc9c1147172ca6a165749e579f3d35887a_assets/drrweb-lib/images/honda26_logo.svg","2057","NOT_FOUND"
"assets/drrweb-lib/images/honda26_logo_stacked.svg","07d9c141f16cece139f5306de487dcb156ca8f2c6848b957942884e22aa707fa","orgs/6e9b9e3b-c6be-4991-b03b-cf1f1d2eab4a/apps/com.aaa.iphone.discounts.5fc6b2fe/delta/7336c278a08388697f47bcf904516386a9266d081448b5f21f15c92d8b5bc69d_assets/drrweb-lib/images/honda26_logo_stacked.svg","3864","NOT_FOUND"
"assets/drrweb-lib/images/honda_logo.svg","98461665426a0512a4b678a152506856615d578c3f50d35b67c26c8f049740f1","orgs/6e9b9e3b-c6be-4991-b03b-cf1f1d2eab4a/apps/com.aaa.iphone.discounts.5fc6b2fe/delta/89e6f9b6fc94463485dc9675d3d5e4fc9c1147172ca6a165749e579f3d35887a_assets/drrweb-lib/images/honda_logo.svg","2057","NOT_FOUND"
"assets/drrweb-lib/images/honda_logo_stacked.svg","07d9c141f16cece139f5306de487dcb156ca8f2c6848b957942884e22aa707fa","orgs/6e9b9e3b-c6be-4991-b03b-cf1f1d2eab4a/apps/com.aaa.iphone.discounts.5fc6b2fe/delta/7336c278a08388697f47bcf904516386a9266d081448b5f21f15c92d8b5bc69d_assets/drrweb-lib/images/honda_logo_stacked.svg","3864","NOT_FOUND"
"assets/drrweb-lib/images/hyundai_logo.png","64762b01ed6e818348bcfc83a9854e8fcda631034a5cf7c65551d32fd759e06a","orgs/6e9b9e3b-c6be-4991-b03b-cf1f1d2eab4a/apps/com.aaa.iphone.discounts.5fc6b2fe/delta/181c3915fd7a843c653f1f4635943655d2142de174858034cd16527f4f768a3d_assets/drrweb-lib/images/hyundai_logo.png","4131","NOT_FOUND"
"assets/drrweb-lib/images/hyundai_logo.svg","da4147053385d632015be23bd6c56744fdbcb3f657b6bafb2a4f986702f54069","orgs/6e9b9e3b-c6be-4991-b03b-cf1f1d2eab4a/apps/com.aaa.iphone.discounts.5fc6b2fe/delta/6066348ec3903381e65721049e6ec0b633607b080ec87e95c9d5621c9eb77758_assets/drrweb-lib/images/hyundai_logo.svg","2162","NOT_FOUND"
"assets/drrweb-lib/images/icons/accident-small.svg","d2c93160f66569193ba094a7cb44ca6eaf18787b58ae1c656a5ff7a0f7582ddc","orgs/6e9b9e3b-c6be-4991-b03b-cf1f1d2eab4a/apps/com.aaa.iphone.discounts.5fc6b2fe/delta/2b91d658f41cd652b4968382c6826c55ce9f6bb750e94ba775130a221e39fdc7_assets/drrweb-lib/images/icons/accident-small.svg","613","NOT_FOUND"
"assets/drrweb-lib/images/icons/accident.svg","5a0ea3b8027b8558d727d2a7dfde196b983f9966769e544d50f2945a04a69744","orgs/6e9b9e3b-c6be-4991-b03b-cf1f1d2eab4a/apps/com.aaa.iphone.discounts.5fc6b2fe/delta/e78ceb8eec48b73fc4981f5935bbdbed0fa511d2cfb81452f97516313ee78376_assets/drrweb-lib/images/icons/accident.svg","675","NOT_FOUND"
"assets/drrweb-lib/images/icons/add.svg","e53972fb6ec2ea119d015f3f43d48fdf54d6ccd59422a3c77969f71f836d5585","orgs/6e9b9e3b-c6be-4991-b03b-cf1f1d2eab4a/apps/com.aaa.iphone.discounts.5fc6b2fe/delta/bcf5019d2adf36d534b375fdef27cb62e37ef329bf36b13ec0630f0ee9310d06_assets/drrweb-lib/images/icons/add.svg","188","NOT_FOUND"
"assets/drrweb-lib/images/icons/arrow-right.svg","735dbae600f5a2b3d4f081cb17c8c76e895db08b0861688b52c16d564c16a359","orgs/6e9b9e3b-c6be-4991-b03b-cf1f1d2eab4a/apps/com.aaa.iphone.discounts.5fc6b2fe/delta/d022ebff5bf3afd4fcc49fcd1b489416bfd6991088abf413b12890552e0955ab_assets/drrweb-lib/images/icons/arrow-right.svg","226","NOT_FOUND"
"assets/drrweb-lib/images/icons/back-arrow-white.svg","ae3db69b7a3476c28cad5e2fb74e9868d090d16242495f97952e56d2a2b8c182","orgs/6e9b9e3b-c6be-4991-b03b-cf1f1d2eab4a/apps/com.aaa.iphone.discounts.5fc6b2fe/delta/09f4c2ccd6bd3c1bf243f2c0f80fb3e3f86b1ce0d7dde904f27aba7741735742_assets/drrweb-lib/images/icons/back-arrow-white.svg","182","NOT_FOUND"
"assets/drrweb-lib/images/icons/back-arrow.svg","8b7bc563f6eb8153b30fb6cc1ff93faa15e654a80d074c84135d24f521102638","orgs/6e9b9e3b-c6be-4991-b03b-cf1f1d2eab4a/apps/com.aaa.iphone.discounts.5fc6b2fe/delta/e8a17c27157824b3b9c30511c3c593e999645af68241f6c3f432dcd6e72197ff_assets/drrweb-lib/images/icons/back-arrow.svg","188","NOT_FOUND"
"assets/drrweb-lib/images/icons/battery-small.svg","ff319a57cfb10a91dcdaedd4c14c79b86fbc90444e983fe19b75c67e5369c135","orgs/6e9b9e3b-c6be-4991-b03b-cf1f1d2eab4a/apps/com.aaa.iphone.discounts.5fc6b2fe/delta/d61f58f37adfe1c4eed80b1093769dfe4773762478cb4500af91371adb656521_assets/drrweb-lib/images/icons/battery-small.svg","515","NOT_FOUND"
"assets/drrweb-lib/images/icons/battery.svg","f5120d7b2ef5cde0753a764832909eed3f61ba975ffce13a76ba11270aa0486d","orgs/6e9b9e3b-c6be-4991-b03b-cf1f1d2eab4a/apps/com.aaa.iphone.discounts.5fc6b2fe/delta/a9b50311073152e414759615843aed98be9e016b855aecd9a87eebd673e49529_assets/drrweb-lib/images/icons/battery.svg","441","NOT_FOUND"
"assets/drrweb-lib/images/icons/bolt-filled.svg","575a30522ab50a346e400e51a2105ea7a17598c48c05fadecc363081f5da2339","orgs/6e9b9e3b-c6be-4991-b03b-cf1f1d2eab4a/apps/com.aaa.iphone.discounts.5fc6b2fe/delta/7cb3e4581171788f805ef6235a9e99a4131ea0c0e4ddf81d3d6e6d74b1f5b55e_assets/drrweb-lib/images/icons/bolt-filled.svg","901","NOT_FOUND"
"assets/drrweb-lib/images/icons/call%402x.png","3d1912e167bd0770e8306492a0c65a14be74f9df6a5826b119aa760243a6b731","orgs/6e9b9e3b-c6be-4991-b03b-cf1f1d2eab4a/apps/com.aaa.iphone.discounts.5fc6b2fe/delta/e715da1f93d65278c3dea1be24740e7d8dc955f50d3cac1a1181efe1504a594a_assets/drrweb-lib/images/icons/call%402x.png","0","NOT_FOUND"
"assets/drrweb-lib/images/icons/call.png","a760f8ead0a12d3ac19f3653201b41d62e4f6363f0c310f9f56ee3c5dd79273f","orgs/6e9b9e3b-c6be-4991-b03b-cf1f1d2eab4a/apps/com.aaa.iphone.discounts.5fc6b2fe/delta/471bbae57d69de40106b877791422475dff30974076cf12650a38df100a1cc27_assets/drrweb-lib/images/icons/call.png","957","NOT_FOUND"
"assets/drrweb-lib/images/icons/car-small.svg","a6ef619cbc5ce6a67113ae7fdff7c434018070967a1cf2fadf6f31a10391e4d7","orgs/6e9b9e3b-c6be-4991-b03b-cf1f1d2eab4a/apps/com.aaa.iphone.discounts.5fc6b2fe/delta/a69b79ab79d903146b49bcb1c7532befb3d1da488a75570c1aa506470ff32220_assets/drrweb-lib/images/icons/car-small.svg","2723","NOT_FOUND"
"assets/drrweb-lib/images/icons/car-wont-start.svg","a5d9aa9fae478d92db48e39ee0bae53a9ec2ead7967ae683f5b20bd68f924afb","orgs/6e9b9e3b-c6be-4991-b03b-cf1f1d2eab4a/apps/com.aaa.iphone.discounts.5fc6b2fe/delta/302a4c402cbb7db8c35a6df7d5e20a40d2cc3a40328140b62908d5ae397b6ad4_assets/drrweb-lib/images/icons/car-wont-start.svg","944","NOT_FOUND"
"assets/drrweb-lib/images/icons/cell.svg","5daed06c727b46f4557345942c90da9ea1eb350b5cd90da21fc3abc0f5ba2024","orgs/6e9b9e3b-c6be-4991-b03b-cf1f1d2eab4a/apps/com.aaa.iphone.discounts.5fc6b2fe/delta/f9244fcad6e760f7a31ee3e5c8e1fd504fd59f7d6ef97ca9b2e9ea23cd07e0bf_assets/drrweb-lib/images/icons/cell.svg","994","NOT_FOUND"
"assets/drrweb-lib/images/icons/close-white.svg","3a704242e0e26df9fff5505960718052f403561d43fd7ceeb15d0228cc80d33a","orgs/6e9b9e3b-c6be-4991-b03b-cf1f1d2eab4a/apps/com.aaa.iphone.discounts.5fc6b2fe/delta/7385f906f93e8b397042c9c128f1c33301cfd599d4e863cd5405b3ac3deee008_assets/drrweb-lib/images/icons/close-white.svg","176","NOT_FOUND"
"assets/drrweb-lib/images/icons/close.svg","fbcef96024f7418b4563567e93d507b0093f07fc85a66f4a1b8ed7f6102bc049","orgs/6e9b9e3b-c6be-4991-b03b-cf1f1d2eab4a/apps/com.aaa.iphone.discounts.5fc6b2fe/delta/b3d60fa710320b77a512fcb31aaa01fa856a2d888a4a862e73615f6b824055fb_assets/drrweb-lib/images/icons/close.svg","202","NOT_FOUND"
"assets/drrweb-lib/images/icons/current-location-off.svg","aa0e1656463c3f2a3300b6d0d62fb12467396dec91c9643de775a0ecc93edcd0","orgs/6e9b9e3b-c6be-4991-b03b-cf1f1d2eab4a/apps/com.aaa.iphone.discounts.5fc6b2fe/delta/0f9432f80cfad0832f9e24f61c6a77bda8643ae65ac65aed236a77a3297f81aa_assets/drrweb-lib/images/icons/current-location-off.svg","615","NOT_FOUND"
"assets/drrweb-lib/images/icons/edit-small-white.svg","274b27f142b3e33d01231337263a7fae3e5a4e63194ce224a8dc8b648d1dc51e","orgs/6e9b9e3b-c6be-4991-b03b-cf1f1d2eab4a/apps/com.aaa.iphone.discounts.5fc6b2fe/delta/ec67f8997a8b7a3509f1861c245016a5c510d59b38c25b11edb35a99d0770d3a_assets/drrweb-lib/images/icons/edit-small-white.svg","251","NOT_FOUND"
"assets/drrweb-lib/images/icons/edit-small.svg","2b2856689a56fb1c982d3be58b4ca4446ecbaa42b0e536acb91e931a76465a63","orgs/6e9b9e3b-c6be-4991-b03b-cf1f1d2eab4a/apps/com.aaa.iphone.discounts.5fc6b2fe/delta/a0e53eeb5d50c217e29635f233c6ba9e6217f891f75129fad0f019577161c0e3_assets/drrweb-lib/images/icons/edit-small.svg","254","NOT_FOUND"
"assets/drrweb-lib/images/icons/exclaim.svg","acec4919c91f6608e7e56bb0786e00d2ca5f96abacd3ffc82c508377ff9caf01","orgs/6e9b9e3b-c6be-4991-b03b-cf1f1d2eab4a/apps/com.aaa.iphone.discounts.5fc6b2fe/delta/e76901e8e3139d2a119d7a2461e75e06e5b2ca638ccf6fe6d9bb8d0edca9b7c0_assets/drrweb-lib/images/icons/exclaim.svg","565","NOT_FOUND"
"assets/drrweb-lib/images/icons/flat-tire.svg","1259fcb966d1622c9cc9c2f6551fb7de0b4def022815ab6afb0ba6e3c7feee41","orgs/6e9b9e3b-c6be-4991-b03b-cf1f1d2eab4a/apps/com.aaa.iphone.discounts.5fc6b2fe/delta/134a34f414482a5107f15cd3c0606c03fe6f9f706fffb4e93e0758395f2559fe_assets/drrweb-lib/images/icons/flat-tire.svg","1569","NOT_FOUND"
"assets/drrweb-lib/images/icons/fuel.svg","3e3b96de24c1fdfde38013c9d1a4c2ca7cf0c641a0906cbe83c8671eacecbc78","orgs/6e9b9e3b-c6be-4991-b03b-cf1f1d2eab4a/apps/com.aaa.iphone.discounts.5fc6b2fe/delta/6da4d1823ad196c731c01023ab2404a0c788288ccc8a634c31139aa409920fc5_assets/drrweb-lib/images/icons/fuel.svg","762","NOT_FOUND"
"assets/drrweb-lib/images/icons/home.svg","10d9855730a77df682de484f078478c235f1bb4622590298954f4ed85a9ecfb9","orgs/6e9b9e3b-c6be-4991-b03b-cf1f1d2eab4a/apps/com.aaa.iphone.discounts.5fc6b2fe/delta/51458fabe793e3ffb1a6110cb4e044dc8142b8a729a95ce5d1effe4d3f1bddde_assets/drrweb-lib/images/icons/home.svg","313","NOT_FOUND"
"assets/drrweb-lib/images/icons/img-club-brand-copy%402x.png","8041233a006c21f35c702b7c81c79d5a600b181359070d5c0b49a2f390aa2e19","orgs/6e9b9e3b-c6be-4991-b03b-cf1f1d2eab4a/apps/com.aaa.iphone.discounts.5fc6b2fe/delta/a79ff513f545bfaaca327956d61775e9de2e69acd7108fae14f01deede425ebb_assets/drrweb-lib/images/icons/img-club-brand-copy%402x.png","0","NOT_FOUND"
"assets/drrweb-lib/images/icons/img-club-brand-copy%403x.png","55b38faa27e1da98b6e64048318b762c3d0c65c8efc8eab78a310e2fe00d7b90","orgs/6e9b9e3b-c6be-4991-b03b-cf1f1d2eab4a/apps/com.aaa.iphone.discounts.5fc6b2fe/delta/8d56710234c613384580d7b17f380d8a433579003d944fca36c5fe9ea62b6c46_assets/drrweb-lib/images/icons/img-club-brand-copy%403x.png","0","NOT_FOUND"
"assets/drrweb-lib/images/icons/img-club-brand-copy.png","5bc6a5280f424ea517b643e148c59acfbf7fe12f0d6824b4106094e70ed9b137","orgs/6e9b9e3b-c6be-4991-b03b-cf1f1d2eab4a/apps/com.aaa.iphone.discounts.5fc6b2fe/delta/e3cf6b294432d95466f6d443e2112e5d2845a8a1322085aff147afe1ef45af09_assets/drrweb-lib/images/icons/img-club-brand-copy.png","1829","NOT_FOUND"
"assets/drrweb-lib/images/icons/info-blue.svg","f88430db9a5cbe0d4712e2b0140f8ca8fc7a5494fdbddd5c90d851c6326e6cbc","orgs/6e9b9e3b-c6be-4991-b03b-cf1f1d2eab4a/apps/com.aaa.iphone.discounts.5fc6b2fe/delta/7c5c9202387d309f0ad40ae9165f2d7c7f08e38a7c4f1afd2dbfb0b5e9cd3880_assets/drrweb-lib/images/icons/info-blue.svg","643","NOT_FOUND"
"assets/drrweb-lib/images/icons/info-white.svg","013438683a6f332fb1824370001c65148ae24fa7fdf7c6bef4bcb443a7318480","orgs/6e9b9e3b-c6be-4991-b03b-cf1f1d2eab4a/apps/com.aaa.iphone.discounts.5fc6b2fe/delta/2af81a72283de7baf47287f15365c418c7cd42a7012fcd0fcff1a9842bf9daec_assets/drrweb-lib/images/icons/info-white.svg","2166","NOT_FOUND"
"assets/drrweb-lib/images/icons/info.svg","85bddedd1c29afd61d151876e08f2c35d61fd482cb1302bb4e0904c614cdb173","orgs/6e9b9e3b-c6be-4991-b03b-cf1f1d2eab4a/apps/com.aaa.iphone.discounts.5fc6b2fe/delta/41b25a09b6fabaa05fe07e29a2445c41c9d4bc7522d4cb9760faa2c149ee61db_assets/drrweb-lib/images/icons/info.svg","630","NOT_FOUND"
"assets/drrweb-lib/images/icons/location-pin.svg","0390169a83f77485d1f91adb14cc836ad522a4202e60aaad5a93b5bae41351f4","orgs/6e9b9e3b-c6be-4991-b03b-cf1f1d2eab4a/apps/com.aaa.iphone.discounts.5fc6b2fe/delta/56a6b6b6114d631837ea9c87792ef3d7fb0d24d2c1d7cd11d13a30393b107a7e_assets/drrweb-lib/images/icons/location-pin.svg","1776","NOT_FOUND"
"assets/drrweb-lib/images/icons/locked-out.svg","88731a55c1846f060ad0de87b293b1dcfd3b879521ed6a01db658702b02d1050","orgs/6e9b9e3b-c6be-4991-b03b-cf1f1d2eab4a/apps/com.aaa.iphone.discounts.5fc6b2fe/delta/1dce99a81608fab09cf9ccbe78af66b38a7e7da71a4314cc8cdb35bae62b58d9_assets/drrweb-lib/images/icons/locked-out.svg","698","NOT_FOUND"
"assets/drrweb-lib/images/icons/magnifier.svg","e18735a5c338f94aed7891c89e41769a1f5b28276c54d96287a76d5ed339ed10","orgs/6e9b9e3b-c6be-4991-b03b-cf1f1d2eab4a/apps/com.aaa.iphone.discounts.5fc6b2fe/delta/aab721abfb992a2ca36f6902fd2f4416f041aace5004d4eff46cdb48cca6a39d_assets/drrweb-lib/images/icons/magnifier.svg","329","NOT_FOUND"
"assets/drrweb-lib/images/icons/not-sure.svg","547225b6b3f9a5098cdad9fd479de9e1532357a81af44c719dd487ac27f7ca14","orgs/6e9b9e3b-c6be-4991-b03b-cf1f1d2eab4a/apps/com.aaa.iphone.discounts.5fc6b2fe/delta/3b9779b732f8191adc33ef127d1ef5605b19fa9aea8b36f722fecfa99e54fec2_assets/drrweb-lib/images/icons/not-sure.svg","631","NOT_FOUND"
"assets/drrweb-lib/images/icons/notes.svg","68c2a9243523728f933027c69e587dbfe25d30733d501721ab35620d2655eb35","orgs/6e9b9e3b-c6be-4991-b03b-cf1f1d2eab4a/apps/com.aaa.iphone.discounts.5fc6b2fe/delta/0aba760082e524251c515752f1fb1610fdf52890ede774d73bd94d2dd05df281_assets/drrweb-lib/images/icons/notes.svg","1468","NOT_FOUND"
"assets/drrweb-lib/images/icons/passengers.svg","dbd676c098393b7b25e765ad34d4bceb658e45a5383f0083b7d7215bf28a4657","orgs/6e9b9e3b-c6be-4991-b03b-cf1f1d2eab4a/apps/com.aaa.iphone.discounts.5fc6b2fe/delta/599a83d4f8d98f9dce91ae942eadc829f059f2440eb497980f39a1eb096c723e_assets/drrweb-lib/images/icons/passengers.svg","1684","NOT_FOUND"
"assets/drrweb-lib/images/icons/position.svg","4d752e55aa5c6dd0784da49ffd8ac515128d7681b65452c4c7e43f8bbe924a8c","orgs/6e9b9e3b-c6be-4991-b03b-cf1f1d2eab4a/apps/com.aaa.iphone.discounts.5fc6b2fe/delta/862af319bd069bb0920e2f4aa1322997216399807bbedb7e02cf4e8ca714e264_assets/drrweb-lib/images/icons/position.svg","224","NOT_FOUND"
"assets/drrweb-lib/images/icons/selected.svg","d244b6c0a9292113ac11605ecbf9e3b49eaaa273ae2c89743c4c498ff729993f","orgs/6e9b9e3b-c6be-4991-b03b-cf1f1d2eab4a/apps/com.aaa.iphone.discounts.5fc6b2fe/delta/4261ac514526a85d20987ea34824f292234c8311c91730b6122df24cc59f84a6_assets/drrweb-lib/images/icons/selected.svg","803","NOT_FOUND"
"assets/drrweb-lib/images/icons/special-assistance.svg","9ff84cdb8e5687695ab58bea3ae42f2c7a006826b3875ef865f207f7fce74c18","orgs/6e9b9e3b-c6be-4991-b03b-cf1f1d2eab4a/apps/com.aaa.iphone.discounts.5fc6b2fe/delta/b34b811d4b52b6e88f1a05dd834f6a9692ece6e7fe55313a9b80087b41b6a9f2_assets/drrweb-lib/images/icons/special-assistance.svg","1075","NOT_FOUND"
"assets/drrweb-lib/images/icons/stuck.svg","f7f3ef433bddd123f5b445920d05afa451f1a35f46348f6d3fccd02cfb116219","orgs/6e9b9e3b-c6be-4991-b03b-cf1f1d2eab4a/apps/com.aaa.iphone.discounts.5fc6b2fe/delta/d802c3cc426c677e4ff619151ec340f41459d210c24b2f3daafc165908285edf_assets/drrweb-lib/images/icons/stuck.svg","741","NOT_FOUND"
"assets/drrweb-lib/images/icons/timeline-dotted-line.svg","1da284d3b79a6adf1696f326e084ce0342d60d14856bfe04184efb3efc428c94","orgs/6e9b9e3b-c6be-4991-b03b-cf1f1d2eab4a/apps/com.aaa.iphone.discounts.5fc6b2fe/delta/08f6ed62adcce9195335d40fb192c724f9476fcffb3a54c82e6688f7b13ab8f6_assets/drrweb-lib/images/icons/timeline-dotted-line.svg","241","NOT_FOUND"
"assets/drrweb-lib/images/icons/timeline-tow-truck.svg.br","53066b37f0d1449662f9d83fd792ecd3f2cc80f43f63fa64120ff3e244ae671a","orgs/6e9b9e3b-c6be-4991-b03b-cf1f1d2eab4a/apps/com.aaa.iphone.discounts.5fc6b2fe/delta/90885fed5be68ea7189be587b2a55ce4d15bafafabce9acc43f5a351f9e6884a_assets/drrweb-lib/images/icons/timeline-tow-truck.svg.br","69393","NOT_FOUND"
"assets/drrweb-lib/images/icons/tow-small-blue.svg","7905cc786e786d0ae2c450a104008f7b90d103f3a8372df5e582971de8e91f38","orgs/6e9b9e3b-c6be-4991-b03b-cf1f1d2eab4a/apps/com.aaa.iphone.discounts.5fc6b2fe/delta/65dc7dc3946f95caf225102d0dbf13f2ace95141825469268799f3c634d1aaf2_assets/drrweb-lib/images/icons/tow-small-blue.svg","423","NOT_FOUND"
"assets/drrweb-lib/images/icons/tow-small.svg","8677c4486a924172d56a6feefef8ea436ae7e3e5d9c05d874b00d8ce43c19506","orgs/6e9b9e3b-c6be-4991-b03b-cf1f1d2eab4a/apps/com.aaa.iphone.discounts.5fc6b2fe/delta/402f993cd079923962b92c4c30f1e61398956e9cd871ce3a43ceb751d2e07efd_assets/drrweb-lib/images/icons/tow-small.svg","418","NOT_FOUND"
"assets/drrweb-lib/images/icons/unselected.svg","35b9d7e4d25711f78ac7a6d77a25359a4621d680b047a2e8426deb89c0b6eb57","orgs/6e9b9e3b-c6be-4991-b03b-cf1f1d2eab4a/apps/com.aaa.iphone.discounts.5fc6b2fe/delta/20abe1e38a1a79d70eebf770813eb2231287df3eac2c04ebfa53bfd2ef559c7f_assets/drrweb-lib/images/icons/unselected.svg","1515","NOT_FOUND"
"assets/drrweb-lib/images/icons/wrench.svg","0eba803eb8542fd6975138699256f029263d3f8cd347196f7cbb516a88c21b86","orgs/6e9b9e3b-c6be-4991-b03b-cf1f1d2eab4a/apps/com.aaa.iphone.discounts.5fc6b2fe/delta/4d8279efec89c4f036234eda37110e003d931c233283a39da0ec89e3f4ae901b_assets/drrweb-lib/images/icons/wrench.svg","828","NOT_FOUND"
"assets/drrweb-lib/images/infiniti_logo.png.br","a845b52b690a4ff7b675d36002d189e4761eb0262b5ec3505b4ec7f7b79b2d6e","orgs/6e9b9e3b-c6be-4991-b03b-cf1f1d2eab4a/apps/com.aaa.iphone.discounts.5fc6b2fe/delta/e9c48e61b5b36611576bf5979ab7472be17b5757773b809545d1f8c98eb2cab9_assets/drrweb-lib/images/infiniti_logo.png.br","8250","NOT_FOUND"
"assets/drrweb-lib/images/infiniti_logo.svg","991185e4972e72c0e4efd403006576410f3478e0824850ede34c9c6d75dc0ce0","orgs/6e9b9e3b-c6be-4991-b03b-cf1f1d2eab4a/apps/com.aaa.iphone.discounts.5fc6b2fe/delta/b6b0981f346fa1032b300a7c1a6439825c86a78c99126d270e57498ed77f06c1_assets/drrweb-lib/images/infiniti_logo.svg","1895","NOT_FOUND"
"assets/drrweb-lib/images/location/android-native.jpg.br","cbd033fb1f357a448d6277c9a386c438091d9dc1c2d66a1eeceb6b8ac1de8e66","orgs/6e9b9e3b-c6be-4991-b03b-cf1f1d2eab4a/apps/com.aaa.iphone.discounts.5fc6b2fe/delta/93c3bceeb371cf370dab1d6bd274fbcdc9b28fde26af126a296dbe9a055ee611_assets/drrweb-lib/images/location/android-native.jpg.br","29990","NOT_FOUND"
"assets/drrweb-lib/images/location/chrome-desktop.jpg.br","6f33b15044ed7af8c8a8d124e70e473597d934adc07077dc8e9702e7decb471c","orgs/6e9b9e3b-c6be-4991-b03b-cf1f1d2eab4a/apps/com.aaa.iphone.discounts.5fc6b2fe/delta/47afae991b9aa32d325e9e74dcaa55985fe09a8d301471e49da13b9c91dc96b5_assets/drrweb-lib/images/location/chrome-desktop.jpg.br","44094","NOT_FOUND"
"assets/drrweb-lib/images/location/chrome-mobile-1.jpg.br","7c9839f69d25869d85e66df1c4f3ae72bb59acf0700ee3fd7c396c375e7cefb9","orgs/6e9b9e3b-c6be-4991-b03b-cf1f1d2eab4a/apps/com.aaa.iphone.discounts.5fc6b2fe/delta/39db46790752f51867fdcee10ad76bdbb467cf4b1305b51dab6a888137ec0100_assets/drrweb-lib/images/location/chrome-mobile-1.jpg.br","47039","NOT_FOUND"
"assets/drrweb-lib/images/location/chrome-mobile-2.jpg.br","cb7c4ff0a3c2367dee7041438374a93a2da24b313f58a67f88c1ec51e34a1259","orgs/6e9b9e3b-c6be-4991-b03b-cf1f1d2eab4a/apps/com.aaa.iphone.discounts.5fc6b2fe/delta/b6989090c8e41d73573e421010bb08793c979d63f69bfa97ab526534fd666fa9_assets/drrweb-lib/images/location/chrome-mobile-2.jpg.br","23666","NOT_FOUND"
"assets/drrweb-lib/images/location/firefox-desktop.jpg.br","6a3a6e9ebddb53100ce40e42fdfafbf2bf72506b71abbed660822e13d49dabe8","orgs/6e9b9e3b-c6be-4991-b03b-cf1f1d2eab4a/apps/com.aaa.iphone.discounts.5fc6b2fe/delta/8a1ccf4bc2724e3d4cbb66c56ea1e3b2b14de836fce00b4a2b8895471e0c124a_assets/drrweb-lib/images/location/firefox-desktop.jpg.br","107471","NOT_FOUND"
"assets/drrweb-lib/images/location/firefox-mobile-1.jpg.br","8f2c9fc7750ac0075b0aa3e2ca0f04cc0f60c95943681682168acabefcdaa535","orgs/6e9b9e3b-c6be-4991-b03b-cf1f1d2eab4a/apps/com.aaa.iphone.discounts.5fc6b2fe/delta/2daa939ece5e95b931f118f42c39287b14a5b444fa1b6599146d1605575c00ad_assets/drrweb-lib/images/location/firefox-mobile-1.jpg.br","247162","NOT_FOUND"
"assets/drrweb-lib/images/location/firefox-mobile-2.jpg.br","9918bdb9c210a917bf65a3b831e89ec5bc5e264ffba5b1b748ad68e1d6f2ab39","orgs/6e9b9e3b-c6be-4991-b03b-cf1f1d2eab4a/apps/com.aaa.iphone.discounts.5fc6b2fe/delta/1a72b07036518c50366be778ca9c7b068793e37afe64799344b91620b548df0b_assets/drrweb-lib/images/location/firefox-mobile-2.jpg.br","86825","NOT_FOUND"
"assets/drrweb-lib/images/location/fr/android-native.jpg.br","063e95de530344c421e60f9e8976026b5fe0923e9eabd120853eac3e767101c3","orgs/6e9b9e3b-c6be-4991-b03b-cf1f1d2eab4a/apps/com.aaa.iphone.discounts.5fc6b2fe/delta/ec361a4cefc1385d3ebdd001a6591456bf8e0d9aff323f384cf304276d66634c_assets/drrweb-lib/images/location/fr/android-native.jpg.br","74062","NOT_FOUND"
"assets/drrweb-lib/images/location/fr/chrome-desktop.jpg.br","75d7ce924dd030e87549865c5470a663f03ee9a25cde92cd580a73049353821e","orgs/6e9b9e3b-c6be-4991-b03b-cf1f1d2eab4a/apps/com.aaa.iphone.discounts.5fc6b2fe/delta/562fb3c7aa28a1b41f76fc10ff4be84c7af39aa269f3271b1f0b6f3c098265d8_assets/drrweb-lib/images/location/fr/chrome-desktop.jpg.br","48903","NOT_FOUND"
"assets/drrweb-lib/images/location/fr/chrome-mobile-1.jpg.br","f590734f6949c23cb7a61a22a7929dca805a0ebfe8a03e6101855508bc38c709","orgs/6e9b9e3b-c6be-4991-b03b-cf1f1d2eab4a/apps/com.aaa.iphone.discounts.5fc6b2fe/delta/c1fb2a416ead4fc46b123fe76dddeb99b1ee47cf5b3cd5e37c8de808179eefe8_assets/drrweb-lib/images/location/fr/chrome-mobile-1.jpg.br","100367","NOT_FOUND"
"assets/drrweb-lib/images/location/fr/chrome-mobile-2.jpg.br","063e95de530344c421e60f9e8976026b5fe0923e9eabd120853eac3e767101c3","orgs/6e9b9e3b-c6be-4991-b03b-cf1f1d2eab4a/apps/com.aaa.iphone.discounts.5fc6b2fe/delta/ec361a4cefc1385d3ebdd001a6591456bf8e0d9aff323f384cf304276d66634c_assets/drrweb-lib/images/location/fr/chrome-mobile-2.jpg.br","74062","NOT_FOUND"
"assets/drrweb-lib/images/location/fr/firefox-desktop.jpg.br","3b7c84e49f959ec188c12c34208c18c5c230fcb2a09625338e05453fa2cb3c8d","orgs/6e9b9e3b-c6be-4991-b03b-cf1f1d2eab4a/apps/com.aaa.iphone.discounts.5fc6b2fe/delta/2464f0d29147cc6edd79df484cb53aeeca289096cec26227cff6ddf7ed6b9e60_assets/drrweb-lib/images/location/fr/firefox-desktop.jpg.br","28213","NOT_FOUND"
"assets/drrweb-lib/images/location/fr/firefox-mobile-1.jpg.br","b2e48f2807b716c321f96a4aa5efe76160046790731db35585c2b53a509d245d","orgs/6e9b9e3b-c6be-4991-b03b-cf1f1d2eab4a/apps/com.aaa.iphone.discounts.5fc6b2fe/delta/467be08ebf409634863cc45cedb6a27afb81352e8a1ebe1999a3d19d27c0507c_assets/drrweb-lib/images/location/fr/firefox-mobile-1.jpg.br","185692","NOT_FOUND"
"assets/drrweb-lib/images/location/fr/firefox-mobile-2.jpg.br","ef8396cdf5e3a32e4bb2e5ef941552bb0e1a281703e75bbdf12b7d159a24c3c8","orgs/6e9b9e3b-c6be-4991-b03b-cf1f1d2eab4a/apps/com.aaa.iphone.discounts.5fc6b2fe/delta/020b70a136bde65ff078633bbf11c4ae083c0cd7c12ae79d56d743b354118d6a_assets/drrweb-lib/images/location/fr/firefox-mobile-2.jpg.br","156249","NOT_FOUND"
"assets/drrweb-lib/images/location/fr/ios-native.jpg.br","8d33b00ec09e819b1a54ed7292e0ec497154f1fac35e1b01e57ead4680175187","orgs/6e9b9e3b-c6be-4991-b03b-cf1f1d2eab4a/apps/com.aaa.iphone.discounts.5fc6b2fe/delta/6b3ce63b7702cf05ffab3418d68490017ab8c017a28437cc94d8984120d3c02a_assets/drrweb-lib/images/location/fr/ios-native.jpg.br","40705","NOT_FOUND"
"assets/drrweb-lib/images/location/fr/safari-desktop.jpg.br","830d3b57838d3eb49c9531434ab21916c4c1769d3811c8a544bba73d4ff0e55c","orgs/6e9b9e3b-c6be-4991-b03b-cf1f1d2eab4a/apps/com.aaa.iphone.discounts.5fc6b2fe/delta/5a06404ecaf79cd0871e891ca7a801f3b0202a730e2c48e95bfd55f3683e85a7_assets/drrweb-lib/images/location/fr/safari-desktop.jpg.br","67310","NOT_FOUND"
"assets/drrweb-lib/images/location/fr/safari-mobile-1.jpg.br","837ac6c2c3fc6709c44678284cdfcb827d0375000ea18e9e9cc5581b312b6fff","orgs/6e9b9e3b-c6be-4991-b03b-cf1f1d2eab4a/apps/com.aaa.iphone.discounts.5fc6b2fe/delta/6725e4f2c7fb3b1679ad23132befa804e77e5adc7674562777ab7fb31a1a5abf_assets/drrweb-lib/images/location/fr/safari-mobile-1.jpg.br","66394","NOT_FOUND"
"assets/drrweb-lib/images/location/fr/safari-mobile-2.jpg.br","8d33b00ec09e819b1a54ed7292e0ec497154f1fac35e1b01e57ead4680175187","orgs/6e9b9e3b-c6be-4991-b03b-cf1f1d2eab4a/apps/com.aaa.iphone.discounts.5fc6b2fe/delta/6b3ce63b7702cf05ffab3418d68490017ab8c017a28437cc94d8984120d3c02a_assets/drrweb-lib/images/location/fr/safari-mobile-2.jpg.br","40705","NOT_FOUND"
"assets/drrweb-lib/images/location/ios-native.jpg.br","3323d4ba669e633aed3cb18787a2dc1c453d3158efa9df31494d31490e5f750f","orgs/6e9b9e3b-c6be-4991-b03b-cf1f1d2eab4a/apps/com.aaa.iphone.discounts.5fc6b2fe/delta/48498fd803d11414cc31af09f71c8ec4752306d5da04e84b5a8aa0be12ebde3a_assets/drrweb-lib/images/location/ios-native.jpg.br","58519","NOT_FOUND"
"assets/drrweb-lib/images/location/safari-desktop.jpg.br","fd6181203aeda20aa32b00e7905908f03d45c74e0e359ae0852b623a561d936b","orgs/6e9b9e3b-c6be-4991-b03b-cf1f1d2eab4a/apps/com.aaa.iphone.discounts.5fc6b2fe/delta/f97aaddc871b22293cedfd848d7d3f1ae2af72f0e771c885da26e3a69ebb0490_assets/drrweb-lib/images/location/safari-desktop.jpg.br","40363","NOT_FOUND"
"assets/drrweb-lib/images/location/safari-mobile-1.jpg.br","79ab1624ce8f670eabcdb486b8a6961f93be2c2fc1709de0effbe4f72175fac4","orgs/6e9b9e3b-c6be-4991-b03b-cf1f1d2eab4a/apps/com.aaa.iphone.discounts.5fc6b2fe/delta/70699b176e464279c3c9c4e1d4c63681e7bde06adfd20d1b86c0bf8990496d19_assets/drrweb-lib/images/location/safari-mobile-1.jpg.br","62283","NOT_FOUND"
"assets/drrweb-lib/images/location/safari-mobile-2.jpg.br","f490271f4797dd5e1659bbc7670dcff85981493c9148b4ce659214e86672aabd","orgs/6e9b9e3b-c6be-4991-b03b-cf1f1d2eab4a/apps/com.aaa.iphone.discounts.5fc6b2fe/delta/657d463d5617dc8eab944262bca9c370d190af9dfeb91bbeb933489b0b7e0590_assets/drrweb-lib/images/location/safari-mobile-2.jpg.br","40188","NOT_FOUND"
"assets/drrweb-lib/images/logo.png","c7e3e7abd4e18ac6ace3fde8528844fd456ede493ee73f0d0607dd7208cdf42e","orgs/6e9b9e3b-c6be-4991-b03b-cf1f1d2eab4a/apps/com.aaa.iphone.discounts.5fc6b2fe/delta/3fa29ddacf25570654ce46983b364ecc2b7618c94c9019c9ab8ea69351cdc727_assets/drrweb-lib/images/logo.png","4127","NOT_FOUND"
"assets/drrweb-lib/images/mazda_logo.png.br","daa125768a2023889515cf89893339b6d81c674935a0d31c6f367a2b4b5524b4","orgs/6e9b9e3b-c6be-4991-b03b-cf1f1d2eab4a/apps/com.aaa.iphone.discounts.5fc6b2fe/delta/b8e984e7e13d0afaede74c923b0edcaf247d303b972fe65fecbe1da3bd7c8a62_assets/drrweb-lib/images/mazda_logo.png.br","15932","NOT_FOUND"
"assets/drrweb-lib/images/mazda_logo.svg.br","866d2d5b27efec5e06d860d4d368ab3ac276be750deb3b048dbd0bb7694254a2","orgs/6e9b9e3b-c6be-4991-b03b-cf1f1d2eab4a/apps/com.aaa.iphone.discounts.5fc6b2fe/delta/1a63ea0d733138a26b7fec8fe54862c7bd8a6ae6f008bcf0b1276d58271f8ffb_assets/drrweb-lib/images/mazda_logo.svg.br","25112","NOT_FOUND"
"assets/drrweb-lib/images/nissan_logo.png","17f715b2508cfcefca54f90e66ef052f0933783d03c25d5249186d58a90616a5","orgs/6e9b9e3b-c6be-4991-b03b-cf1f1d2eab4a/apps/com.aaa.iphone.discounts.5fc6b2fe/delta/bf71b89ad36325cc50dd1b48f9784c19a852067cc655ad3b37441ada4336c890_assets/drrweb-lib/images/nissan_logo.png","5189","NOT_FOUND"
"assets/drrweb-lib/images/nissan_logo.svg","7ec5c969f3e29b9d85633cc1cdfcbfb54a5ee5f75c4c1fa258f09a5c1641a534","orgs/6e9b9e3b-c6be-4991-b03b-cf1f1d2eab4a/apps/com.aaa.iphone.discounts.5fc6b2fe/delta/475d8fa93c5d55888e7d3ced5f25e4ec0ef4661b855da44582c09042b9533a03_assets/drrweb-lib/images/nissan_logo.svg","3338","NOT_FOUND"
"assets/drrweb-lib/images/onstar_logo.png","7c6a096acf67718b1ec2fabaa0296b5e35fe9d102ba49179c8d76028fafd2761","orgs/6e9b9e3b-c6be-4991-b03b-cf1f1d2eab4a/apps/com.aaa.iphone.discounts.5fc6b2fe/delta/9917c85089c41632bb5cf017e3d791c165f8aba41f7ad07f4773e0ee47b0c149_assets/drrweb-lib/images/onstar_logo.png","3466","NOT_FOUND"
"assets/drrweb-lib/images/onstar_logo.svg","f0f89b460db9f8134f98458cee194984cac7bb483f2432f258fa5e928b4f505b","orgs/6e9b9e3b-c6be-4991-b03b-cf1f1d2eab4a/apps/com.aaa.iphone.discounts.5fc6b2fe/delta/b5a3aa3169fcd2252184238209fc1e9120659737bc4cad2e1d612026a100c62a_assets/drrweb-lib/images/onstar_logo.svg","1322","NOT_FOUND"
"assets/drrweb-lib/images/pins/aar-location-pin-improved.svg","9096ba0297dd7efd4a5f970fd9bcebd10f5bdc11fac69df7424bdc17b796d7bd","orgs/6e9b9e3b-c6be-4991-b03b-cf1f1d2eab4a/apps/com.aaa.iphone.discounts.5fc6b2fe/delta/5aa92e534b9bb5895fb0eeb02f8eca043f21b72f6001bb382d71ffab4fb96a47_assets/drrweb-lib/images/pins/aar-location-pin-improved.svg","2404","NOT_FOUND"
"assets/drrweb-lib/images/pins/aar-location-pin.1.svg.br","37b0d8f655c6e11877afd30b0c37f59236cf6f6de1ac0624f6a031bea9e9480b","orgs/6e9b9e3b-c6be-4991-b03b-cf1f1d2eab4a/apps/com.aaa.iphone.discounts.5fc6b2fe/delta/7119e5dcfcde713d01e4439a70424b11d746f74a40e445f3df19e8c04adacf27_assets/drrweb-lib/images/pins/aar-location-pin.1.svg.br","15490","NOT_FOUND"
"assets/drrweb-lib/images/pins/aar-location-pin.10.svg.br","338f6f4efa87801360db8c49d2720da4430493ea49e0b2b84d0b573ff666837e","orgs/6e9b9e3b-c6be-4991-b03b-cf1f1d2eab4a/apps/com.aaa.iphone.discounts.5fc6b2fe/delta/d7ac2fc6a8b8da6aaaf43bccda5c55473c33e75ca7e14a18fcb30516db2bdf1c_assets/drrweb-lib/images/pins/aar-location-pin.10.svg.br","15492","NOT_FOUND"
"assets/drrweb-lib/images/pins/aar-location-pin.11.svg.br","e4b3806fc6a38e053565dd36d1bee61c0af22c01d5d9df6ce493f2ca976ac953","orgs/6e9b9e3b-c6be-4991-b03b-cf1f1d2eab4a/apps/com.aaa.iphone.discounts.5fc6b2fe/delta/544178bc6113b321ab5645ec2392d3083321e39dc08e7b96d01dc5750f5d012b_assets/drrweb-lib/images/pins/aar-location-pin.11.svg.br","15492","NOT_FOUND"
"assets/drrweb-lib/images/pins/aar-location-pin.12.svg.br","e620f9f82451180768c420ec4cc590d419c60c2e741ef3b7ac96dfc5521ce921","orgs/6e9b9e3b-c6be-4991-b03b-cf1f1d2eab4a/apps/com.aaa.iphone.discounts.5fc6b2fe/delta/b369f7c84c9e96638c8ee59063765570da16624bdaf8bd6db1679883dd05248b_assets/drrweb-lib/images/pins/aar-location-pin.12.svg.br","15492","NOT_FOUND"
"assets/drrweb-lib/images/pins/aar-location-pin.13.svg.br","95b48b0558b6633915cabad28471dc472b8cc955fd1e418e76aaf5da4caea393","orgs/6e9b9e3b-c6be-4991-b03b-cf1f1d2eab4a/apps/com.aaa.iphone.discounts.5fc6b2fe/delta/c8dcfd999b86a1d46bc24893652cdadf75e9635d5bdaae5ff8c2a5aa528d10d2_assets/drrweb-lib/images/pins/aar-location-pin.13.svg.br","15492","NOT_FOUND"
"assets/drrweb-lib/images/pins/aar-location-pin.14.svg.br","8d888559ca6a102608cf5a2582b6bf7be85abf82949cb95f3ec6cb78a827188e","orgs/6e9b9e3b-c6be-4991-b03b-cf1f1d2eab4a/apps/com.aaa.iphone.discounts.5fc6b2fe/delta/9a29dc76377d447343009d157ddfbecf8a2f2f5cf765ea9fca4cd1efdb090f6b_assets/drrweb-lib/images/pins/aar-location-pin.14.svg.br","15492","NOT_FOUND"
"assets/drrweb-lib/images/pins/aar-location-pin.15.svg.br","ab1814311b21ff622c9979f2ad2b742515a905121ea45760298d0ca6de5bec89","orgs/6e9b9e3b-c6be-4991-b03b-cf1f1d2eab4a/apps/com.aaa.iphone.discounts.5fc6b2fe/delta/6a0a418cbdf9cf2a2be7e216033498b1a3bcaafb7b6d1d79d4ec09b94fa01665_assets/drrweb-lib/images/pins/aar-location-pin.15.svg.br","15495","NOT_FOUND"
"assets/drrweb-lib/images/pins/aar-location-pin.16.svg.br","3512fa97d0f60097a4cef225b21e20f5d995d1cd0d40063a2977719d58e2bed2","orgs/6e9b9e3b-c6be-4991-b03b-cf1f1d2eab4a/apps/com.aaa.iphone.discounts.5fc6b2fe/delta/b89614fb0b74bcba21abc3cc0c036f9358f738b0a4cd200f81b7b80cec6a39c0_assets/drrweb-lib/images/pins/aar-location-pin.16.svg.br","15492","NOT_FOUND"
"assets/drrweb-lib/images/pins/aar-location-pin.17.svg.br","a736fa04dc57aa03f046317c7591351797eb142c5481952bf90757b1bf18d868","orgs/6e9b9e3b-c6be-4991-b03b-cf1f1d2eab4a/apps/com.aaa.iphone.discounts.5fc6b2fe/delta/3bc0c5050afff3f565eb7510bead4ac78507d207d5618319e425751421d33979_assets/drrweb-lib/images/pins/aar-location-pin.17.svg.br","15492","NOT_FOUND"
"assets/drrweb-lib/images/pins/aar-location-pin.18.svg.br","9a361720af838d1153d2582366dafda24f6854022c970f89dfb97e31758db758","orgs/6e9b9e3b-c6be-4991-b03b-cf1f1d2eab4a/apps/com.aaa.iphone.discounts.5fc6b2fe/delta/a5fff9e8b6fa6e007dd60639c598002cf97cb07d9ec49be8d8dac51d22976e21_assets/drrweb-lib/images/pins/aar-location-pin.18.svg.br","15492","NOT_FOUND"
"assets/drrweb-lib/images/pins/aar-location-pin.19.svg.br","f96e5535640b40b6f53d39bd342b2280848ca7b3822f67c6705989ef38aaaf95","orgs/6e9b9e3b-c6be-4991-b03b-cf1f1d2eab4a/apps/com.aaa.iphone.discounts.5fc6b2fe/delta/f5a20d3aa9ca935eb14c444803d824210579b9b6cf91da091b28a9213f7c7825_assets/drrweb-lib/images/pins/aar-location-pin.19.svg.br","15492","NOT_FOUND"
"assets/drrweb-lib/images/pins/aar-location-pin.2.svg.br","8bba3a43c8b3ae07171fca8bc7dda8d819aa46ccd70ae7e4ae23be99c152e350","orgs/6e9b9e3b-c6be-4991-b03b-cf1f1d2eab4a/apps/com.aaa.iphone.discounts.5fc6b2fe/delta/9a0be6e2cd259ed770972513a7d01a21e45a8bc898cf84bf559b44509a890441_assets/drrweb-lib/images/pins/aar-location-pin.2.svg.br","15500","NOT_FOUND"
"assets/drrweb-lib/images/pins/aar-location-pin.20.svg.br","02b8d39f08df18eff463bb7978609da5dfbe77d9dd0f1dbe7e322c57c2c2b9ee","orgs/6e9b9e3b-c6be-4991-b03b-cf1f1d2eab4a/apps/com.aaa.iphone.discounts.5fc6b2fe/delta/8faae34c5c44c4fd0876a8945bb113aaf4a03405a476cbca35af981e6f549f19_assets/drrweb-lib/images/pins/aar-location-pin.20.svg.br","15492","NOT_FOUND"
"assets/drrweb-lib/images/pins/aar-location-pin.21.svg.br","f580de170d26fed676f91cfabea215d438dfd160da88e9d929b97bab77a40288","orgs/6e9b9e3b-c6be-4991-b03b-cf1f1d2eab4a/apps/com.aaa.iphone.discounts.5fc6b2fe/delta/518e5605ff6d8b3b6c57304b1392bf5bc29ee427fd2af53b209346df30716258_assets/drrweb-lib/images/pins/aar-location-pin.21.svg.br","15492","NOT_FOUND"
"assets/drrweb-lib/images/pins/aar-location-pin.22.svg.br","ee15b0fdbf25a5996e4e248eb8a9d9f14680b8b74f32557b7a8386987187c850","orgs/6e9b9e3b-c6be-4991-b03b-cf1f1d2eab4a/apps/com.aaa.iphone.discounts.5fc6b2fe/delta/5759edf5424aee06dad8a360a25c74ef7064a417c17f9946b1e3feeb337555dc_assets/drrweb-lib/images/pins/aar-location-pin.22.svg.br","15492","NOT_FOUND"
"assets/drrweb-lib/images/pins/aar-location-pin.23.svg.br","eb4ed71dce41345670ff416013cb66c753c2fc2908c4278cb4fe407ed4ae0819","orgs/6e9b9e3b-c6be-4991-b03b-cf1f1d2eab4a/apps/com.aaa.iphone.discounts.5fc6b2fe/delta/72d312998d7cd0af3f5b4623582279479e0c98fbbdafe8a9e193e0e91d74b2a2_assets/drrweb-lib/images/pins/aar-location-pin.23.svg.br","15492","NOT_FOUND"
"assets/drrweb-lib/images/pins/aar-location-pin.24.svg.br","af2d01a4ba78c71360b5166c19e232d5b379e47b74a5773c6927eacfa2c6d672","orgs/6e9b9e3b-c6be-4991-b03b-cf1f1d2eab4a/apps/com.aaa.iphone.discounts.5fc6b2fe/delta/428579868228e977e732dfec73779eec9048e6f7b6d7b78aec4a5dcd4dc8b0b6_assets/drrweb-lib/images/pins/aar-location-pin.24.svg.br","15502","NOT_FOUND"
"assets/drrweb-lib/images/pins/aar-location-pin.25.svg.br","f82ffaef76d855b1dc47f42ea6ca7ecffcbe08e895e4276fe194ea3c08c6d61e","orgs/6e9b9e3b-c6be-4991-b03b-cf1f1d2eab4a/apps/com.aaa.iphone.discounts.5fc6b2fe/delta/59489aba7c204862d5051a823934b7340a2f76aa459438b1944551eec71af241_assets/drrweb-lib/images/pins/aar-location-pin.25.svg.br","15494","NOT_FOUND"
"assets/drrweb-lib/images/pins/aar-location-pin.26.svg.br","b40bb2f1362160fbae1fa00764aea175f76472fe522464280d3770e0cd84e260","orgs/6e9b9e3b-c6be-4991-b03b-cf1f1d2eab4a/apps/com.aaa.iphone.discounts.5fc6b2fe/delta/6f64399b56b87011e03fe93feef441f191b4d35000782092a83e35ebaa60eeba_assets/drrweb-lib/images/pins/aar-location-pin.26.svg.br","15502","NOT_FOUND"
"assets/drrweb-lib/images/pins/aar-location-pin.27.svg.br","56598b21dd7e363eab55381fb56f791e2496313f9b23fd0e1413f220f8cf52f3","orgs/6e9b9e3b-c6be-4991-b03b-cf1f1d2eab4a/apps/com.aaa.iphone.discounts.5fc6b2fe/delta/e30b4d9227c08eea6f7be4637f975063f92b4879c39e92295e065afbab8012a9_assets/drrweb-lib/images/pins/aar-location-pin.27.svg.br","15492","NOT_FOUND"
"assets/drrweb-lib/images/pins/aar-location-pin.28.svg.br","5cf38477d613e8a7ba87b89996293904ef3ff48ab0b9910ed7c70439d6b473ab","orgs/6e9b9e3b-c6be-4991-b03b-cf1f1d2eab4a/apps/com.aaa.iphone.discounts.5fc6b2fe/delta/2210074cad12a7a5769dff3405c8876ddd35786aa1fe99c52debdb2f9ea20428_assets/drrweb-lib/images/pins/aar-location-pin.28.svg.br","15492","NOT_FOUND"
"assets/drrweb-lib/images/pins/aar-location-pin.29.svg.br","5f4ae0fce380c9a7ead0d5bdaf65a4b98965184e80e5d59189e27fa252717f29","orgs/6e9b9e3b-c6be-4991-b03b-cf1f1d2eab4a/apps/com.aaa.iphone.discounts.5fc6b2fe/delta/f6feb1a0bf5d71d9f3271a0fb7d7d0d710149d204a9c9b486da291068612961d_assets/drrweb-lib/images/pins/aar-location-pin.29.svg.br","15502","NOT_FOUND"
"assets/drrweb-lib/images/pins/aar-location-pin.3.svg.br","5edb20b81f1a75f83a1ceac44da9a269bda1a6784357d328a82aae4907870163","orgs/6e9b9e3b-c6be-4991-b03b-cf1f1d2eab4a/apps/com.aaa.iphone.discounts.5fc6b2fe/delta/e5732afb650563a411ad7234d90a643d6b1015b51da468894325718f5cfecb16_assets/drrweb-lib/images/pins/aar-location-pin.3.svg.br","15500","NOT_FOUND"
"assets/drrweb-lib/images/pins/aar-location-pin.30.svg.br","f235244ff8bd51d54a0ece16a8b6db8fdb62d31e997da8e61838f5a707b666ab","orgs/6e9b9e3b-c6be-4991-b03b-cf1f1d2eab4a/apps/com.aaa.iphone.discounts.5fc6b2fe/delta/df74d8a89f4c052e41ffe6dd17e9d5de0d73abbf4b25e89add982173198e3df1_assets/drrweb-lib/images/pins/aar-location-pin.30.svg.br","15502","NOT_FOUND"
"assets/drrweb-lib/images/pins/aar-location-pin.31.svg.br","e78143ca048afe995a57620192564617721371ef40d1317e777ef018e2d1c562","orgs/6e9b9e3b-c6be-4991-b03b-cf1f1d2eab4a/apps/com.aaa.iphone.discounts.5fc6b2fe/delta/2e4a07a9bc7c7d3fbd6564286ae1b9095e12b06031af47e17a392390242c2a4b_assets/drrweb-lib/images/pins/aar-location-pin.31.svg.br","15502","NOT_FOUND"
"assets/drrweb-lib/images/pins/aar-location-pin.32.svg.br","bb2a805741481f8e7d55a227f32db54c0a915cf9129c20b8018165a88f81cdcb","orgs/6e9b9e3b-c6be-4991-b03b-cf1f1d2eab4a/apps/com.aaa.iphone.discounts.5fc6b2fe/delta/5c01e1613d9b244ebe09e0afea689cd16c40f704292c350c748c972074dda124_assets/drrweb-lib/images/pins/aar-location-pin.32.svg.br","15492","NOT_FOUND"
"assets/drrweb-lib/images/pins/aar-location-pin.33.svg.br","592cafb8663cb158506814b84bacb5d0a05bf3766bef08670af30acf9b753ae2","orgs/6e9b9e3b-c6be-4991-b03b-cf1f1d2eab4a/apps/com.aaa.iphone.discounts.5fc6b2fe/delta/6f51c6744ece0025ac0b5a572f3768e2957d7c15bc37fc8477b785382e6bddca_assets/drrweb-lib/images/pins/aar-location-pin.33.svg.br","15502","NOT_FOUND"
"assets/drrweb-lib/images/pins/aar-location-pin.34.svg.br","ff38401dacadfce4db29b2a83d0787d4f0a1c0ef3ea27144ef2ea0907bf9d998","orgs/6e9b9e3b-c6be-4991-b03b-cf1f1d2eab4a/apps/com.aaa.iphone.discounts.5fc6b2fe/delta/5914dd46ef6ee2db09793d98ebece700e9bc02fb6b6205ff80813bf758a2144b_assets/drrweb-lib/images/pins/aar-location-pin.34.svg.br","15502","NOT_FOUND"
"assets/drrweb-lib/images/pins/aar-location-pin.35.svg.br","b3fcf083beded0e47d473b68cf3f16ec175593cb2a358bdcd51a2e58eab327bd","orgs/6e9b9e3b-c6be-4991-b03b-cf1f1d2eab4a/apps/com.aaa.iphone.discounts.5fc6b2fe/delta/33e10a4b9856d0abb8ed69b4eb03437b166660f30eb27d27d2b44d23549becf7_assets/drrweb-lib/images/pins/aar-location-pin.35.svg.br","15494","NOT_FOUND"
"assets/drrweb-lib/images/pins/aar-location-pin.36.svg.br","593c6e918a4a04c71521922763ff5ac9961d9755918bdfb2750f4faf9c00ab43","orgs/6e9b9e3b-c6be-4991-b03b-cf1f1d2eab4a/apps/com.aaa.iphone.discounts.5fc6b2fe/delta/92b06096ae42bb5ffb2ebedc7ed83b5c520cb58281305c6567829613c6253d06_assets/drrweb-lib/images/pins/aar-location-pin.36.svg.br","15502","NOT_FOUND"
"assets/drrweb-lib/images/pins/aar-location-pin.37.svg.br","2d28aaeb67cde9ffa3de1276b03cf5a01643108cc708240e0bacc8751064523c","orgs/6e9b9e3b-c6be-4991-b03b-cf1f1d2eab4a/apps/com.aaa.iphone.discounts.5fc6b2fe/delta/12d0c2f168981c9209dc1891f4a2f7144068a88aae138db483c5122503c196b3_assets/drrweb-lib/images/pins/aar-location-pin.37.svg.br","15502","NOT_FOUND"
"assets/drrweb-lib/images/pins/aar-location-pin.38.svg.br","b8eac68a8345fc398628238c63cf2581b2cb90c5a370c73c3db3ffedcc231908","orgs/6e9b9e3b-c6be-4991-b03b-cf1f1d2eab4a/apps/com.aaa.iphone.discounts.5fc6b2fe/delta/5b8b922126b68b162bf69cebc590ea64fcbbebcfca92a2f4c1a97906a961ca26_assets/drrweb-lib/images/pins/aar-location-pin.38.svg.br","15502","NOT_FOUND"
"assets/drrweb-lib/images/pins/aar-location-pin.39.svg.br","614b386ca7f83ae40e530d198df02c684b0ca43946c985f6907cd15f571c1e08","orgs/6e9b9e3b-c6be-4991-b03b-cf1f1d2eab4a/apps/com.aaa.iphone.discounts.5fc6b2fe/delta/2af77891051087f2b7646ccdd3b18d1a9b3528a4306fa3e73a5f37202fb3cc16_assets/drrweb-lib/images/pins/aar-location-pin.39.svg.br","15502","NOT_FOUND"
"assets/drrweb-lib/images/pins/aar-location-pin.4.svg.br","9a3f0ec7b1afc7de6c79bcb360071f874787774a4823a8e53e53537be6b501fa","orgs/6e9b9e3b-c6be-4991-b03b-cf1f1d2eab4a/apps/com.aaa.iphone.discounts.5fc6b2fe/delta/d4e53d517a2cedbe6ec0ad8a248317c4a265bc1b00890a2846d9a39e70d7c8e4_assets/drrweb-lib/images/pins/aar-location-pin.4.svg.br","15500","NOT_FOUND"
"assets/drrweb-lib/images/pins/aar-location-pin.40.svg.br","a8f543acf51a151794dde3335d8b7240142d248944a07eb8d3ffc5fd2fe1c5c3","orgs/6e9b9e3b-c6be-4991-b03b-cf1f1d2eab4a/apps/com.aaa.iphone.discounts.5fc6b2fe/delta/585be2fba49b134515b18096d06c495e71d8d8483b6e6dd85a1f24ae4da45705_assets/drrweb-lib/images/pins/aar-location-pin.40.svg.br","15502","NOT_FOUND"
"assets/drrweb-lib/images/pins/aar-location-pin.41.svg.br","8fb37e1d5c0332a07c602b4d13a838e828f1d2e0e6bf52b906d4475aac0e088b","orgs/6e9b9e3b-c6be-4991-b03b-cf1f1d2eab4a/apps/com.aaa.iphone.discounts.5fc6b2fe/delta/0a9d2b0b359c96a3c6b3fae5ac1cb85528a1c978bc7724fd7da62882c60d7527_assets/drrweb-lib/images/pins/aar-location-pin.41.svg.br","15502","NOT_FOUND"
"assets/drrweb-lib/images/pins/aar-location-pin.42.svg.br","366af0ce791cc9c47a8ee6ea4fa174c53fe9fd29e0589895d4e44290a7441c65","orgs/6e9b9e3b-c6be-4991-b03b-cf1f1d2eab4a/apps/com.aaa.iphone.discounts.5fc6b2fe/delta/ade51b2bb3b1600f7cfd3c92a692777c28425fd10c17c27294c4191517bf0fb8_assets/drrweb-lib/images/pins/aar-location-pin.42.svg.br","15492","NOT_FOUND"
"assets/drrweb-lib/images/pins/aar-location-pin.43.svg.br","86cf04d44434935991212212827e3c503e649f9eb8fe4e34bf9a9ffe5a1d5498","orgs/6e9b9e3b-c6be-4991-b03b-cf1f1d2eab4a/apps/com.aaa.iphone.discounts.5fc6b2fe/delta/a4db54c04d9ed1b4f918414fc7f3ab47a3c8f1b029174a11c7e33b175dbe995c_assets/drrweb-lib/images/pins/aar-location-pin.43.svg.br","15502","NOT_FOUND"
"assets/drrweb-lib/images/pins/aar-location-pin.44.svg.br","7a22be1eaa314a16ebf0feb029b8ff0de90647ca75e6e2ad93120922edbebefd","orgs/6e9b9e3b-c6be-4991-b03b-cf1f1d2eab4a/apps/com.aaa.iphone.discounts.5fc6b2fe/delta/38b25f527c6a73300f7d80be12606e08900bc0df8a6b40aabf4df73390bdca80_assets/drrweb-lib/images/pins/aar-location-pin.44.svg.br","15502","NOT_FOUND"
"assets/drrweb-lib/images/pins/aar-location-pin.45.svg.br","fb6127a36b37c767381debf7cc60a20be72b29e0160d486fa4346be4378b0dbd","orgs/6e9b9e3b-c6be-4991-b03b-cf1f1d2eab4a/apps/com.aaa.iphone.discounts.5fc6b2fe/delta/16fd218d53726cdf4df491a618e925d5638b9803f49502708570c06668da3292_assets/drrweb-lib/images/pins/aar-location-pin.45.svg.br","15494","NOT_FOUND"
"assets/drrweb-lib/images/pins/aar-location-pin.46.svg.br","9f3211bcf1e9d6ab0d8189efab972360b49959dc4dfe475cbe7e5440e8385b07","orgs/6e9b9e3b-c6be-4991-b03b-cf1f1d2eab4a/apps/com.aaa.iphone.discounts.5fc6b2fe/delta/b8e5b14a038fcc23fa64f4cbb00a429ea8c01a0ba25026b935e1923fca6d4127_assets/drrweb-lib/images/pins/aar-location-pin.46.svg.br","15502","NOT_FOUND"
"assets/drrweb-lib/images/pins/aar-location-pin.47.svg.br","74cada7ea04e686f1ebb4fe6a0b8f5ccd60c2f5b8e57705b41dcbd38539a325a","orgs/6e9b9e3b-c6be-4991-b03b-cf1f1d2eab4a/apps/com.aaa.iphone.discounts.5fc6b2fe/delta/d66bf82ebf339732ede9af9600c6e156aafb10252f528a28c54c9835dde9a82d_assets/drrweb-lib/images/pins/aar-location-pin.47.svg.br","15502","NOT_FOUND"
"assets/drrweb-lib/images/pins/aar-location-pin.48.svg.br","016c645df12a9f03b0d0174f190ff328bd871be264f469d61a17e6dbd1dfdf21","orgs/6e9b9e3b-c6be-4991-b03b-cf1f1d2eab4a/apps/com.aaa.iphone.discounts.5fc6b2fe/delta/f9271efe4a8840be32e81783f4e1cb426f2e98ba4ad0218eb5b2164edac57ac0_assets/drrweb-lib/images/pins/aar-location-pin.48.svg.br","15502","NOT_FOUND"
"assets/drrweb-lib/images/pins/aar-location-pin.49.svg.br","c01c4a3d0aa44b702193da84cc9338f571cdc633f79d6252d1d1ace9fce66556","orgs/6e9b9e3b-c6be-4991-b03b-cf1f1d2eab4a/apps/com.aaa.iphone.discounts.5fc6b2fe/delta/bfa2d09ff110f1b6b4a7ea994f52048a56f7c9a8f76d7a8cc2cec5083b956584_assets/drrweb-lib/images/pins/aar-location-pin.49.svg.br","15502","NOT_FOUND"
"assets/drrweb-lib/images/pins/aar-location-pin.5.svg.br","4a53415485175c2c46d2b03527c5b17f12c63ebbb8bbae0929aab8117a1a434a","orgs/6e9b9e3b-c6be-4991-b03b-cf1f1d2eab4a/apps/com.aaa.iphone.discounts.5fc6b2fe/delta/9cf7b06c3bbb7c0af6c4f97cbb395a613447e4d59504fac79916a50db8f55b3d_assets/drrweb-lib/images/pins/aar-location-pin.5.svg.br","15500","NOT_FOUND"
"assets/drrweb-lib/images/pins/aar-location-pin.50.svg.br","7c12eee1229da2bce9cc96639a3f183294abaf36501d0c5a7428e95795143c13","orgs/6e9b9e3b-c6be-4991-b03b-cf1f1d2eab4a/apps/com.aaa.iphone.discounts.5fc6b2fe/delta/25ed6d168e38a083bf41c54942c8aa94eeeea9f92ce5313b61718eb3ba0d006f_assets/drrweb-lib/images/pins/aar-location-pin.50.svg.br","15502","NOT_FOUND"
"assets/drrweb-lib/images/pins/aar-location-pin.6.svg.br","b7e3be18acd107acd6ce0f460ffde27f0bde5015c79912a42c17546f1e2c2d5f","orgs/6e9b9e3b-c6be-4991-b03b-cf1f1d2eab4a/apps/com.aaa.iphone.discounts.5fc6b2fe/delta/d5f5cbd8060f41ad296054fca54b2513538e96ff1dab4ef5318b7130f3f9eddc_assets/drrweb-lib/images/pins/aar-location-pin.6.svg.br","15500","NOT_FOUND"
"assets/drrweb-lib/images/pins/aar-location-pin.7.svg.br","49b53d85eee466337503f9504393fe3e93a93f723d395bb9664a5dcb0ba0f3cd","orgs/6e9b9e3b-c6be-4991-b03b-cf1f1d2eab4a/apps/com.aaa.iphone.discounts.5fc6b2fe/delta/2a7247117aa4c3a6ac776657327105a1abd7ee10e6f734d0a078d6e585564685_assets/drrweb-lib/images/pins/aar-location-pin.7.svg.br","15491","NOT_FOUND"
"assets/drrweb-lib/images/pins/aar-location-pin.8.svg.br","27e28b5e7d1230b8bbc403ccfd01421359b06a2068fa371f3bff00c344a6e3e2","orgs/6e9b9e3b-c6be-4991-b03b-cf1f1d2eab4a/apps/com.aaa.iphone.discounts.5fc6b2fe/delta/684e058e0522ca8b916c94581e67ffc206324a5ceecea02e69b8e5a195a2779c_assets/drrweb-lib/images/pins/aar-location-pin.8.svg.br","15500","NOT_FOUND"
"assets/drrweb-lib/images/pins/aar-location-pin.9.svg.br","bb5f020c7de09b7683fca71695557b6422c0e12648e606e781abf80b7a8e5131","orgs/6e9b9e3b-c6be-4991-b03b-cf1f1d2eab4a/apps/com.aaa.iphone.discounts.5fc6b2fe/delta/89d32dcd1254e07f6367f9636819acb9ac3bde677e7611f0c638d1dab76168cb_assets/drrweb-lib/images/pins/aar-location-pin.9.svg.br","15500","NOT_FOUND"
"assets/drrweb-lib/images/pins/ev-station-pin.svg","81bb75e28d10300f67a8e41d1c2abf5b968eaea021e92d010c95da8de52869ee","orgs/6e9b9e3b-c6be-4991-b03b-cf1f1d2eab4a/apps/com.aaa.iphone.discounts.5fc6b2fe/delta/73aaa4348b8aa34ee3df872bd7aa7e0a6eff5b52e72fc1209635b7a7f65a87c7_assets/drrweb-lib/images/pins/ev-station-pin.svg","1802","NOT_FOUND"
"assets/drrweb-lib/images/prompt-android-chrome-service-location.png.br","1bd2261d550c0bbd1f1c8d6c7777ceac4e8c0a4ff4fb11c6d330c0dfcb58582c","orgs/6e9b9e3b-c6be-4991-b03b-cf1f1d2eab4a/apps/com.aaa.iphone.discounts.5fc6b2fe/delta/cbc4adbf180dc770fcb15008e25d22ce9dd4c5074ff0d21884831b8732348e1f_assets/drrweb-lib/images/prompt-android-chrome-service-location.png.br","9064","NOT_FOUND"
"assets/drrweb-lib/images/prompt-android-chrome-service-location_rap.png.br","0b48655ab054ffd526035812fbe2852f48c8e22ceb34e1480b2f939df6045a3d","orgs/6e9b9e3b-c6be-4991-b03b-cf1f1d2eab4a/apps/com.aaa.iphone.discounts.5fc6b2fe/delta/2b29c45c6fba74afc4c7dedaec5605eb2de5695b498f33fec7af7257d881b0ef_assets/drrweb-lib/images/prompt-android-chrome-service-location_rap.png.br","10109","NOT_FOUND"
"assets/drrweb-lib/images/prompt-chrome-windows-service-location.png","bd7fd385da2e4cbd45e1ef03bddf5a717b4acad026128f3edb23035e7e4f29cc","orgs/6e9b9e3b-c6be-4991-b03b-cf1f1d2eab4a/apps/com.aaa.iphone.discounts.5fc6b2fe/delta/076fc8b2bcf02e3c0d726d568f2be430ef8707d5ee29c1ed6c7c2d83c160345e_assets/drrweb-lib/images/prompt-chrome-windows-service-location.png","5315","NOT_FOUND"
"assets/drrweb-lib/images/prompt-chrome-windows-service-location_rap.png","45998c117b270965ce829461c360ea07d9f5cfff0b757c211ed5270033db3f89","orgs/6e9b9e3b-c6be-4991-b03b-cf1f1d2eab4a/apps/com.aaa.iphone.discounts.5fc6b2fe/delta/189458b0e80f13d19325940439e32a832bd572d513b0ecbb39d9a3fb5d553cec_assets/drrweb-lib/images/prompt-chrome-windows-service-location_rap.png","6271","NOT_FOUND"
"assets/drrweb-lib/images/prompt-default-service-location.png","70570777f0312e8f552e8ff650be69cf8348602271fd6f788778f9813296c496","orgs/6e9b9e3b-c6be-4991-b03b-cf1f1d2eab4a/apps/com.aaa.iphone.discounts.5fc6b2fe/delta/b316466b94b9eae06a64d9cc5774264c06e6a77cf3486456821cd7c3c265fb67_assets/drrweb-lib/images/prompt-default-service-location.png","1594","NOT_FOUND"
"assets/drrweb-lib/images/prompt-ios-service-location.png","eef3a165b3e9bc07620b4eeaf455e2e2b09dbb378c25b9da44f5bb025aaa49a8","orgs/6e9b9e3b-c6be-4991-b03b-cf1f1d2eab4a/apps/com.aaa.iphone.discounts.5fc6b2fe/delta/ebb8f65f23e3d4475a0ed5f43df06997058bd7ca7ca37ce0b9541d3a1c7d5c26_assets/drrweb-lib/images/prompt-ios-service-location.png","33708","NOT_FOUND"
"assets/drrweb-lib/images/prompt-ios-service-location_rap.png.br","1d3da2d0b4811c67efbfc92a17f8812f7fc3f989d5624924b070689675474df6","orgs/6e9b9e3b-c6be-4991-b03b-cf1f1d2eab4a/apps/com.aaa.iphone.discounts.5fc6b2fe/delta/8d9dcb8701a21cf25dbf652d708d20fa4ba029ef8ca2e61466ca7a10b909f6fa_assets/drrweb-lib/images/prompt-ios-service-location_rap.png.br","27523","NOT_FOUND"
"assets/drrweb-lib/images/tow-destination-pin.svg","d4d2b01839a05cd8324d6f72602c1d4a486109491e24872dd054e6c4bae0e391","orgs/6e9b9e3b-c6be-4991-b03b-cf1f1d2eab4a/apps/com.aaa.iphone.discounts.5fc6b2fe/delta/becc23870dea6be017a60d0b44258226cb07ea4e449ee00b9a5849c92b69458b_assets/drrweb-lib/images/tow-destination-pin.svg","1686","NOT_FOUND"
"assets/drrweb-lib/images/tow-location-pin.svg","b82e39abc297b9006895ce6729a454431c08e7c393961ced4d9faa14f39ac345","orgs/6e9b9e3b-c6be-4991-b03b-cf1f1d2eab4a/apps/com.aaa.iphone.discounts.5fc6b2fe/delta/acb3c1724e58a499652c496ff16d3978cc983e9ceb8f07ef033855886290f15b_assets/drrweb-lib/images/tow-location-pin.svg","2025","NOT_FOUND"
"assets/drrweb-lib/images/tow-truck.png","521b4a032c793a0a3a2caa9e2858c556b6da31e861ef0a594ff2d155d5c25ca9","orgs/6e9b9e3b-c6be-4991-b03b-cf1f1d2eab4a/apps/com.aaa.iphone.discounts.5fc6b2fe/delta/87f0f1098749260d6161dbb27f00a6abbfb10d56dcda16d9056d8d04936bd01c_assets/drrweb-lib/images/tow-truck.png","15717","NOT_FOUND"
"assets/drrweb-lib/images/tow-truck_x2.png","f168807ca65b14b98b6989f60c434d99b328fc01ff951c84226d8490bc19862f","orgs/6e9b9e3b-c6be-4991-b03b-cf1f1d2eab4a/apps/com.aaa.iphone.discounts.5fc6b2fe/delta/6a3a1557205b60abba5f21802779fd2cf89fba4dd1c01e388a5c76f668fad883_assets/drrweb-lib/images/tow-truck_x2.png","42614","NOT_FOUND"
"assets/drrweb-lib/js/commonlogging.js.br","e4aae07946026d0a56dc4b0d87f7aef2989e15e6f60d809fdfd8174e1b0669a9","orgs/6e9b9e3b-c6be-4991-b03b-cf1f1d2eab4a/apps/com.aaa.iphone.discounts.5fc6b2fe/delta/37ab02268e258e491c385712f78fb6f62e339b76cd40eb1b6c3b367723c65d28_assets/drrweb-lib/js/commonlogging.js.br","5546","NOT_FOUND"
"assets/drrweb-lib/js/unsupported-browsers.js","f6684780ac1b65dbbc74e00a50401a97bc8d124c5a2df4e4ff87f6241ba53867","orgs/6e9b9e3b-c6be-4991-b03b-cf1f1d2eab4a/apps/com.aaa.iphone.discounts.5fc6b2fe/delta/4bf092dd749e8c4bd9969968423718d40b5a970ba5ad40bc39ec30f11ecf6360_assets/drrweb-lib/js/unsupported-browsers.js","3986","NOT_FOUND"
"assets/drrweb-lib/pages/invalid-url.html","980ebf0e34d6ed08c6859f0522d7b2ec36f32270a27d9af1bac8fd8d64820fc1","orgs/6e9b9e3b-c6be-4991-b03b-cf1f1d2eab4a/apps/com.aaa.iphone.discounts.5fc6b2fe/delta/1ed2fc4153fd69d8287faed2c880c4d2eb5ff39091170d2f9c4d0c88865ee81b_assets/drrweb-lib/pages/invalid-url.html","413","NOT_FOUND"
"assets/drrweb-lib/pages/third-party-cookies-check.html","12582b13a303203bfa75b03ff45b801c7340711208cc1421f7ea48715cff4b4c","orgs/6e9b9e3b-c6be-4991-b03b-cf1f1d2eab4a/apps/com.aaa.iphone.discounts.5fc6b2fe/delta/e852530a9bc62a1c32592ad6db51950565bb2f4e331604fb48e8c2c27648e82c_assets/drrweb-lib/pages/third-party-cookies-check.html","880","NOT_FOUND"
"assets/drrweb-lib/styles/branding/acura.css.br","609551fe87dfa8edb708f60ee26d7ce7969a5fee38e8d65f617ac128f30b3e27","orgs/6e9b9e3b-c6be-4991-b03b-cf1f1d2eab4a/apps/com.aaa.iphone.discounts.5fc6b2fe/delta/8de3fa42b442b47b45cd615b16584f6422cc9f2b5016fc17581bf26159da901d_assets/drrweb-lib/styles/branding/acura.css.br","2070","NOT_FOUND"
"assets/drrweb-lib/styles/branding/acura26.css.br","609551fe87dfa8edb708f60ee26d7ce7969a5fee38e8d65f617ac128f30b3e27","orgs/6e9b9e3b-c6be-4991-b03b-cf1f1d2eab4a/apps/com.aaa.iphone.discounts.5fc6b2fe/delta/8de3fa42b442b47b45cd615b16584f6422cc9f2b5016fc17581bf26159da901d_assets/drrweb-lib/styles/branding/acura26.css.br","2070","NOT_FOUND"
"assets/drrweb-lib/styles/branding/blueskynm.css.br","fa7b21b2029dfdf12af468bb4894aace7cd99d6c51aa62435ec981970e3886c3","orgs/6e9b9e3b-c6be-4991-b03b-cf1f1d2eab4a/apps/com.aaa.iphone.discounts.5fc6b2fe/delta/5fcb42905db5705812332843449e1149e858dad5a37427f8739f024ecda7d742_assets/drrweb-lib/styles/branding/blueskynm.css.br","1917","NOT_FOUND"
"assets/drrweb-lib/styles/branding/buick.css.br","8d1d7ff69bde193ecd80ea95cafe879abba964d33033aa6ed509b97ab13089c3","orgs/6e9b9e3b-c6be-4991-b03b-cf1f1d2eab4a/apps/com.aaa.iphone.discounts.5fc6b2fe/delta/9e45d9d336b3869a9409e9137cfb4846e8f2528a5de4ad8c343b0b1c8ed0ec63_assets/drrweb-lib/styles/branding/buick.css.br","1981","NOT_FOUND"
"assets/drrweb-lib/styles/branding/cadillac.css.br","d545ad5bbf6aca9dff53db68badc2b5879c131bdcac55421b06b5a60c2fd013f","orgs/6e9b9e3b-c6be-4991-b03b-cf1f1d2eab4a/apps/com.aaa.iphone.discounts.5fc6b2fe/delta/6896e6617b7bb8c22787e01f795f425ba2e61a2085f7c88faf92570a6ad3bea5_assets/drrweb-lib/styles/branding/cadillac.css.br","2111","NOT_FOUND"
"assets/drrweb-lib/styles/branding/chevrolet.css.br","c9b68edfa3aaee725b75596e9a5c4b9677d134c8ab6dc5acfbde238c46375d2c","orgs/6e9b9e3b-c6be-4991-b03b-cf1f1d2eab4a/apps/com.aaa.iphone.discounts.5fc6b2fe/delta/3e40f37dc57501a442f8fe62436e16ae23b9731d3fa926f054ba20da38632428_assets/drrweb-lib/styles/branding/chevrolet.css.br","2090","NOT_FOUND"
"assets/drrweb-lib/styles/branding/genesis.css.br","85df6acee6b18f6eb0d1f510c02f461a4f237569f6539a658ea612bc299feb9e","orgs/6e9b9e3b-c6be-4991-b03b-cf1f1d2eab4a/apps/com.aaa.iphone.discounts.5fc6b2fe/delta/ac78843445c02a6906e688b0c1ec0cb88e1d7edd4868cc318251c0f34c9bec4d_assets/drrweb-lib/styles/branding/genesis.css.br","1901","NOT_FOUND"
"assets/drrweb-lib/styles/branding/gmc.css.br","e4d6ec30a078dd9aa9a20254a72a3e8fcdbfbaee6780e202560d6f5339434168","orgs/6e9b9e3b-c6be-4991-b03b-cf1f1d2eab4a/apps/com.aaa.iphone.discounts.5fc6b2fe/delta/b8ebc3baf59d0fe41b5a033d4aa213d4def71998fb3de478d91bf448cce58d5a_assets/drrweb-lib/styles/branding/gmc.css.br","2039","NOT_FOUND"
"assets/drrweb-lib/styles/branding/honda.css.br","8d69a58ee710f690fc2be0379910281825165fd201daa352c4e32d5f9738c7d7","orgs/6e9b9e3b-c6be-4991-b03b-cf1f1d2eab4a/apps/com.aaa.iphone.discounts.5fc6b2fe/delta/30e78a2ac05801ea257c6d7da9d1cde17d52881e003981065904c7c7e4e262c9_assets/drrweb-lib/styles/branding/honda.css.br","1921","NOT_FOUND"
"assets/drrweb-lib/styles/branding/honda26.css.br","8d69a58ee710f690fc2be0379910281825165fd201daa352c4e32d5f9738c7d7","orgs/6e9b9e3b-c6be-4991-b03b-cf1f1d2eab4a/apps/com.aaa.iphone.discounts.5fc6b2fe/delta/30e78a2ac05801ea257c6d7da9d1cde17d52881e003981065904c7c7e4e262c9_assets/drrweb-lib/styles/branding/honda26.css.br","1921","NOT_FOUND"
"assets/drrweb-lib/styles/branding/hyundai.css","90cbec4c09067cda7f3a49c3ba26607f9d6db6bccac35bd038df08c20d1e8e56","orgs/6e9b9e3b-c6be-4991-b03b-cf1f1d2eab4a/apps/com.aaa.iphone.discounts.5fc6b2fe/delta/acb7a88edbf394b09b45fab36874c3c51ec563209f08453a3eaebc4a30387ec4_assets/drrweb-lib/styles/branding/hyundai.css","6890","NOT_FOUND"
"assets/drrweb-lib/styles/branding/infiniti.css.br","f348b965d5e3fe990ac9c74aec356f803e1fa0da1fe27f18460133a6a8f80f81","orgs/6e9b9e3b-c6be-4991-b03b-cf1f1d2eab4a/apps/com.aaa.iphone.discounts.5fc6b2fe/delta/3f3e9699fe12db69671c072752c3aa80382112d789536147f69a4d4ad9cc8214_assets/drrweb-lib/styles/branding/infiniti.css.br","1934","NOT_FOUND"
"assets/drrweb-lib/styles/branding/mazda.css.br","2e1898b3a134f3eb59f55075828ac39a90f611fe7cf725775ef4270bc31dca2e","orgs/6e9b9e3b-c6be-4991-b03b-cf1f1d2eab4a/apps/com.aaa.iphone.discounts.5fc6b2fe/delta/13598a95c7d7e1909544d7a048f16454fd68c376957b9d40a1ab532a063913e2_assets/drrweb-lib/styles/branding/mazda.css.br","1928","NOT_FOUND"
"assets/drrweb-lib/styles/branding/nissan.css.br","4c0157961bc10f4d817d603266494e6af9965de2ccb49a44d4b43c80085886a8","orgs/6e9b9e3b-c6be-4991-b03b-cf1f1d2eab4a/apps/com.aaa.iphone.discounts.5fc6b2fe/delta/d06ad4faa66b1f647f5d6475d7d97c25f06bfb01ab9d86601cddd5e40ec8518f_assets/drrweb-lib/styles/branding/nissan.css.br","1912","NOT_FOUND"
"assets/drrweb-lib/styles/branding/onstar.css.br","678d9154d4e5b3b30c8863d114c17cfed2be57b70d05ab056cf7f5fa67b9d795","orgs/6e9b9e3b-c6be-4991-b03b-cf1f1d2eab4a/apps/com.aaa.iphone.discounts.5fc6b2fe/delta/0ea7c35f4473a81128b6880e26c3a161f53ec7114473b788164a2eed21a69ed5_assets/drrweb-lib/styles/branding/onstar.css.br","1876","NOT_FOUND"
"assets/environment.json","3c8fd9929fc2fb39146f0a4c8bf0a1788b826351a2d88174cf569483a58022b7","orgs/6e9b9e3b-c6be-4991-b03b-cf1f1d2eab4a/apps/com.aaa.iphone.discounts.5fc6b2fe/delta/23b14814de38893455b4b7f786606b4fe5166e0e6a30d5431c9d91d3e8e8d6e1_assets/environment.json","26","NOT_FOUND"
"assets/features/svg/allianz-explore-icon.svg","37fe5371e14adbc99df16abe30b7c32a32a7362737a8be712d875d0b87a0ad8c","orgs/6e9b9e3b-c6be-4991-b03b-cf1f1d2eab4a/apps/com.aaa.iphone.discounts.5fc6b2fe/delta/e1982dc478084b4c0cc56ed55735fc903ea6ac0b805df1d77cd6f584d313cb6e_assets/features/svg/allianz-explore-icon.svg","1083","NOT_FOUND"
"assets/features/svg/app-icon.svg","0fdec5f3953fa9bec84fa47b5b6b361447c65e6d85212406539c531510568c3a","orgs/6e9b9e3b-c6be-4991-b03b-cf1f1d2eab4a/apps/com.aaa.iphone.discounts.5fc6b2fe/delta/bb25813d2f3c01ac1557e2ebca74d5e4b75a4024bc6279f202f772366ea592c6_assets/features/svg/app-icon.svg","3383","NOT_FOUND"
"assets/features/svg/automotive.svg","e8ea74e32ec82c15e3487e1a3b789537f60e25f2658e8c6623bc9091b2cd87af","orgs/6e9b9e3b-c6be-4991-b03b-cf1f1d2eab4a/apps/com.aaa.iphone.discounts.5fc6b2fe/delta/c5a321daf6482926efbe8f011548f3f29f9dd8bc552a0597c49c126a57f4db80_assets/features/svg/automotive.svg","976","NOT_FOUND"
"assets/features/svg/battery.svg","44a50185dcdada97982d2dd74a06e620f15efc65d79fc75756a86f81df50d486","orgs/6e9b9e3b-c6be-4991-b03b-cf1f1d2eab4a/apps/com.aaa.iphone.discounts.5fc6b2fe/delta/7afa5d215fa04cfb031e23ddf696ab0ce812c32058f376ddef91fa4778f54862_assets/features/svg/battery.svg","2513","NOT_FOUND"
"assets/features/svg/car.svg","7e629b78c66c0a7a133551b0787881d027ffb4ee9a80bccd944941a58a4187d8","orgs/6e9b9e3b-c6be-4991-b03b-cf1f1d2eab4a/apps/com.aaa.iphone.discounts.5fc6b2fe/delta/12e1f1b69ab1b1e130a732066692744fc1cdd8d6c48534092c2ee72e4fa1a501_assets/features/svg/car.svg","2758","NOT_FOUND"
"assets/features/svg/close-button.svg","908d8945c888a39d6072cafbde725e6ba3b7ec7f638f2494ec0764cf263a00fc","orgs/6e9b9e3b-c6be-4991-b03b-cf1f1d2eab4a/apps/com.aaa.iphone.discounts.5fc6b2fe/delta/08e295aa671fef7871b1342f75c4339e4381377b3deed04b291746499ebb5354_assets/features/svg/close-button.svg","953","NOT_FOUND"
"assets/features/svg/close.svg","46866f09e8b501eb89ccf4041e00770dccd0c7eec81bb40fb89c8605b2f27339","orgs/6e9b9e3b-c6be-4991-b03b-cf1f1d2eab4a/apps/com.aaa.iphone.discounts.5fc6b2fe/delta/d2eece1e71ab4432348efe3abbaa202fa7a2e83aaade1da25860755421c6d41b_assets/features/svg/close.svg","827","NOT_FOUND"
"assets/features/svg/inbox-app-icon.svg","98568e0a220a303df7df30d183aeec6f2b00d932bfaf17cac5050dde4672cfec","orgs/6e9b9e3b-c6be-4991-b03b-cf1f1d2eab4a/apps/com.aaa.iphone.discounts.5fc6b2fe/delta/3707d16dbc9dd062a903d330284f73de4b6b05a909b59394dbfc95c8a71ad16e_assets/features/svg/inbox-app-icon.svg","2525","NOT_FOUND"
"assets/features/svg/logo-colors.svg","1c829a3a868a720fcd2af902eb27c774904c5c75333767fda37607d52e91c64e","orgs/6e9b9e3b-c6be-4991-b03b-cf1f1d2eab4a/apps/com.aaa.iphone.discounts.5fc6b2fe/delta/59d39c666c22ea40135f0af5c097a539d41f8b28a7d5b79925a43d8abf94c145_assets/features/svg/logo-colors.svg","3590","NOT_FOUND"
"assets/features/svg/membership-group-icon.svg","ebe5a1e9a5817b9aea601091a0dd364367176def598c854e1b13211d719b6950","orgs/6e9b9e3b-c6be-4991-b03b-cf1f1d2eab4a/apps/com.aaa.iphone.discounts.5fc6b2fe/delta/573c20c6a235ebeb74fdc78f67d54091aa551df01fa1eee5984b1e52caf1b8b3_assets/features/svg/membership-group-icon.svg","4353","NOT_FOUND"
"assets/features/svg/pencil-solid.svg","309f180ff0857ffab0c95e6a00e7a02241dda174f3c1bf88a4d27dc95f97d951","orgs/6e9b9e3b-c6be-4991-b03b-cf1f1d2eab4a/apps/com.aaa.iphone.discounts.5fc6b2fe/delta/b4199b4b41078209617cd6cda30f457a175801e759475d8ce048ef823731089a_assets/features/svg/pencil-solid.svg","863","NOT_FOUND"
"assets/features/svg/tc-app-icon.svg","aacd7e00636e4c043a215517bda1f629bff8574a4479ad4bec721d8b04dd024b","orgs/6e9b9e3b-c6be-4991-b03b-cf1f1d2eab4a/apps/com.aaa.iphone.discounts.5fc6b2fe/delta/472179adccebfd4848c71e96d3f2e2f1a9676d453ab6eade14a9f310597e7678_assets/features/svg/tc-app-icon.svg","3362","NOT_FOUND"
"assets/features/svg/telephone.svg","24e43da56e0a72e3facc5875cca60949c75bdc3c921dbc610d9acb477f73a930","orgs/6e9b9e3b-c6be-4991-b03b-cf1f1d2eab4a/apps/com.aaa.iphone.discounts.5fc6b2fe/delta/05e9dc0e1bcfd9e4018485642466916404badffaef69e014fb537eee40730a01_assets/features/svg/telephone.svg","1647","NOT_FOUND"
"assets/features/svg/ttp-app-icon.svg","d753511b6e37b9bfc7b252d872394168e1aae08d3f47cadef7adc13c8608d6b9","orgs/6e9b9e3b-c6be-4991-b03b-cf1f1d2eab4a/apps/com.aaa.iphone.discounts.5fc6b2fe/delta/8dbb33768b6d54eee23e97b78f204f42889c418857ec53e4adbfce462b747da7_assets/features/svg/ttp-app-icon.svg","1292","NOT_FOUND"
"assets/fonts/AllianzNeoW04-Regular.woff2.br","53e8153f84074ac34a8962e49a44cf95799fd8b703908f5715a69b3e1574fe8e","orgs/6e9b9e3b-c6be-4991-b03b-cf1f1d2eab4a/apps/com.aaa.iphone.discounts.5fc6b2fe/delta/78055254ebee421180a3b95c18b0a747d9d3ca843b9d490f885a66450d45413a_assets/fonts/AllianzNeoW04-Regular.woff2.br","28718","NOT_FOUND"
"assets/fonts/FontAwesome/FontAwesome.otf.br","444dd4366615ffc4a16d012b2fa90137065d3ccb410fa6fd5e4ddd7b5e4ffcd5","orgs/6e9b9e3b-c6be-4991-b03b-cf1f1d2eab4a/apps/com.aaa.iphone.discounts.5fc6b2fe/delta/21c7f098805bb89bbadc23bc58ad4ceb8edf1268ff5cc9402af7dd37acf7cfb7_assets/fonts/FontAwesome/FontAwesome.otf.br","99481","NOT_FOUND"
"assets/fonts/FontAwesome/fontawesome-webfont.ttf.br","aa58f33f239a0fb02f5c7a6c45c043d7a9ac9a093335806694ecd6d4edc0d6a8","orgs/6e9b9e3b-c6be-4991-b03b-cf1f1d2eab4a/apps/com.aaa.iphone.discounts.5fc6b2fe/delta/87fce08f1096e805d1b8a4c1922a54b9a628556cccbf182ad01f66c140c133ed_assets/fonts/FontAwesome/fontawesome-webfont.ttf.br","90394","NOT_FOUND"
"assets/fonts/Lato-Latin-Bold.woff2.br","7a7ce1a34f3e9944fe88fc61abbc93b6db383afa2b90815fd7ccea456fbce4e5","orgs/6e9b9e3b-c6be-4991-b03b-cf1f1d2eab4a/apps/com.aaa.iphone.discounts.5fc6b2fe/delta/daff14f63993ba52d9ab3c8b036561c1383bdef1adbcc03db62701e344298f41_assets/fonts/Lato-Latin-Bold.woff2.br","14120","NOT_FOUND"
"assets/fonts/Lato-Latin-Ext-Bold.woff2","344e76a76b309f728cbd4e9c13ff22246788685a07b770f06ca198afb8008936","orgs/6e9b9e3b-c6be-4991-b03b-cf1f1d2eab4a/apps/com.aaa.iphone.discounts.5fc6b2fe/delta/36456d31febadafe9970594ddef075141549348a40e09308782d297d78c5df92_assets/fonts/Lato-Latin-Ext-Bold.woff2","2936","NOT_FOUND"
"assets/fonts/Lato-Latin-Ext-Regular.woff2","32af9ef305b8fd9073e19abf21d61facf15e46778ae6f369f4ccb473916915c5","orgs/6e9b9e3b-c6be-4991-b03b-cf1f1d2eab4a/apps/com.aaa.iphone.discounts.5fc6b2fe/delta/b1247f43ba9ff94cbbd2ec713373dbf9f9f09cd347a81b630138d125b5c859a9_assets/fonts/Lato-Latin-Ext-Regular.woff2","2892","NOT_FOUND"
"assets/fonts/Lato-Latin-Regular.woff2.br","d4ae5188a65370ecfe28f42293bbee8297cfd5712c6aadfdb270d48f2bcd88b0","orgs/6e9b9e3b-c6be-4991-b03b-cf1f1d2eab4a/apps/com.aaa.iphone.discounts.5fc6b2fe/delta/a66ddf73401c93da210c253fe380e6a385f3b75bc237b7c927312b1a2fde00e6_assets/fonts/Lato-Latin-Regular.woff2.br","13966","NOT_FOUND"
"assets/fonts/Material-Icons-Outlined.woff2","35dca8a7145a17c8d1306f25a3ca091578e15396f0b22d61eb8e73262ac75577","orgs/6e9b9e3b-c6be-4991-b03b-cf1f1d2eab4a/apps/com.aaa.iphone.discounts.5fc6b2fe/delta/cbcecd7bf04a45bfe6bc1e6feb46d8205528d2ddd9af88ed5823e0515118a740_assets/fonts/Material-Icons-Outlined.woff2","155276","NOT_FOUND"
"assets/fonts/Material-Icons-Round.woff2","c948f1263341699b3c1e9c55d8d0f3e446669d0f2b9d55494c6169222c0243a6","orgs/6e9b9e3b-c6be-4991-b03b-cf1f1d2eab4a/apps/com.aaa.iphone.discounts.5fc6b2fe/delta/1c558cc5928d7e0da41ddbf3edd1ac4ee4c1d08dd5f4de1facda63a4144d17af_assets/fonts/Material-Icons-Round.woff2","173620","NOT_FOUND"
"assets/fonts/Material-Icons-Sharp.woff2","d31bfb81d56e790e0d9e2fa00b83df8f7159f9063114cdc014859b1d483956c8","orgs/6e9b9e3b-c6be-4991-b03b-cf1f1d2eab4a/apps/com.aaa.iphone.discounts.5fc6b2fe/delta/5d9393b8c41b4a2e829656d73a001ef0010952316318a74723dee56446ca0a54_assets/fonts/Material-Icons-Sharp.woff2","135984","NOT_FOUND"
"assets/fonts/Material-Icons.woff2","4a4dbc62fa335e411b94a532be091c58c0c0c4fa731339f11722577d3cf6443b","orgs/6e9b9e3b-c6be-4991-b03b-cf1f1d2eab4a/apps/com.aaa.iphone.discounts.5fc6b2fe/delta/851c1c1beb49034547ca0da115398bafd99d6f4d68f14d8553baf74febc4d3a1_assets/fonts/Material-Icons.woff2","128616","NOT_FOUND"
"assets/fonts/SF-Compact-Text-Medium.woff","7852555177f9e7e7f03462cb37f3d1107b9199e49f14a295ebfb3c84edd77994","orgs/6e9b9e3b-c6be-4991-b03b-cf1f1d2eab4a/apps/com.aaa.iphone.discounts.5fc6b2fe/delta/22ea487caa0eb6f441d58e68d679a84f00f5620fc107417d60d9c36259300f9a_assets/fonts/SF-Compact-Text-Medium.woff","70324","NOT_FOUND"
"assets/fonts/SF-Compact-Text-Semibold.woff","c51228b0e3e903b3c6aa41200f975bbd8bbc1ad6c93525c07189031148a489d2","orgs/6e9b9e3b-c6be-4991-b03b-cf1f1d2eab4a/apps/com.aaa.iphone.discounts.5fc6b2fe/delta/361cc077179bbea72c799d1d75b02f553552918202ef540d577ef9bacd49c2f5_assets/fonts/SF-Compact-Text-Semibold.woff","70556","NOT_FOUND"
"assets/fonts/SF-Mono-Light.woff.br","f306a37aacc1c16c569afc8dfeb3b4fa50ed1b6c5b4b00d650f5e83833ac24ed","orgs/6e9b9e3b-c6be-4991-b03b-cf1f1d2eab4a/apps/com.aaa.iphone.discounts.5fc6b2fe/delta/dcbe3c77d64e625890ab4609b6a055dd602b798d966f3063f9202ea4838e4321_assets/fonts/SF-Mono-Light.woff.br","16078","NOT_FOUND"
"assets/fonts/SF-Mono-Medium.woff.br","3dde3a9ae14c528926f0adc56262b194965b47843fe5a0bef8fa62c0e9f7e611","orgs/6e9b9e3b-c6be-4991-b03b-cf1f1d2eab4a/apps/com.aaa.iphone.discounts.5fc6b2fe/delta/b0033f600e0b3e30bc8391990045105d5baa9632f4c003c784e9c6f95a9aa632_assets/fonts/SF-Mono-Medium.woff.br","16762","NOT_FOUND"
"assets/fonts/SF-Pro-Display-Bold.woff","f94f6be21803bf5a5dc314470fc75937cf114a2cf5b824b5f238eb0f60b56f63","orgs/6e9b9e3b-c6be-4991-b03b-cf1f1d2eab4a/apps/com.aaa.iphone.discounts.5fc6b2fe/delta/6498959281e1fb793158be7b1ba5fae60405c54b56d364c2a4de70cd2de62588_assets/fonts/SF-Pro-Display-Bold.woff","134112","NOT_FOUND"
"assets/fonts/SF-Pro-Display-Light.woff","15c83317dfd736c6418b2ab70c1b9cd8c8e54c9fa3ee588ffa21de40a9104b0e","orgs/6e9b9e3b-c6be-4991-b03b-cf1f1d2eab4a/apps/com.aaa.iphone.discounts.5fc6b2fe/delta/155d416a36b59483050df0714eac9896ad93d539c5e545ba34c716bc78093bbe_assets/fonts/SF-Pro-Display-Light.woff","136004","NOT_FOUND"
"assets/fonts/SF-Pro-Display-Medium.woff","a8aafb74976c0bc04010de3b7893e3e9f53d84d675a3174ee5ac0d646f2c3bb5","orgs/6e9b9e3b-c6be-4991-b03b-cf1f1d2eab4a/apps/com.aaa.iphone.discounts.5fc6b2fe/delta/e66286cb6665b5411c28d25fc1bbcfbd2a53431fc4ca11d2ee6b642f699d94c2_assets/fonts/SF-Pro-Display-Medium.woff","136268","NOT_FOUND"
"assets/fonts/SF-Pro-Display-Regular.woff","27c002bccb742385464321aa858c0985ae2d9e93c58da1880d58fc6b10da58ab","orgs/6e9b9e3b-c6be-4991-b03b-cf1f1d2eab4a/apps/com.aaa.iphone.discounts.5fc6b2fe/delta/aa1cad77f666d4a4c6747fb8a81f7e868c83f298f7fe029c263ab4b6d7b3fb13_assets/fonts/SF-Pro-Display-Regular.woff","122276","NOT_FOUND"
"assets/fonts/SF-Pro-Display-Semibold.woff","4954d70dba6e48db3622ca78b4251c1b4610c134b170c5c0c0cbb20b7d7ce636","orgs/6e9b9e3b-c6be-4991-b03b-cf1f1d2eab4a/apps/com.aaa.iphone.discounts.5fc6b2fe/delta/92ba42b63373564493344ab2ee9e9a683801f9625af8db2457a11f8821716de6_assets/fonts/SF-Pro-Display-Semibold.woff","136780","NOT_FOUND"
"assets/fonts/SF-Pro-Text-Bold.woff","f0d88f4e893e4911340e2f78e57dd1dc7d654b3abcaa965eecddd0d74fffcfac","orgs/6e9b9e3b-c6be-4991-b03b-cf1f1d2eab4a/apps/com.aaa.iphone.discounts.5fc6b2fe/delta/356322551f78f446f61f105b764d5c8d2e637f6260f3226c412960c8e1407b4f_assets/fonts/SF-Pro-Text-Bold.woff","140624","NOT_FOUND"
"assets/fonts/SF-Pro-Text-Light.woff.br","e81a6fefd27d56bbf4100d45474236a418213530ab0a89e1cffec42ba85a6cf9","orgs/6e9b9e3b-c6be-4991-b03b-cf1f1d2eab4a/apps/com.aaa.iphone.discounts.5fc6b2fe/delta/5c1714a7fb5c89ae533990ec9eb5185e5ccda71e31f5a0692d01b2af3a8098f1_assets/fonts/SF-Pro-Text-Light.woff.br","142911","NOT_FOUND"
"assets/fonts/SF-Pro-Text-Medium.woff","abbe5a9d5ab2fca12b726a03214bcd75a5e3f03a965b83b6af8020dd1d856bf5","orgs/6e9b9e3b-c6be-4991-b03b-cf1f1d2eab4a/apps/com.aaa.iphone.discounts.5fc6b2fe/delta/d973f63dc488a88743ae967e6eca18bcdb3a973fcfa322ebb26f0cc0be43faaa_assets/fonts/SF-Pro-Text-Medium.woff","143128","NOT_FOUND"
"assets/fonts/SF-Pro-Text-Regular.woff.br","a64f65ff84d461f0a264ad74be56b875afc1746e0a4d18588966c89d4f34511e","orgs/6e9b9e3b-c6be-4991-b03b-cf1f1d2eab4a/apps/com.aaa.iphone.discounts.5fc6b2fe/delta/69e19218054445ea917e7ac4d05846c7b642845654e69db803a3c19a3bc9ff01_assets/fonts/SF-Pro-Text-Regular.woff.br","131184","NOT_FOUND"
"assets/fonts/SF-Pro-Text-Semibold.woff","9cb79c417d4841eda4d0c42297a79172827e4cfab5875f183de68d8a19f2e5cf","orgs/6e9b9e3b-c6be-4991-b03b-cf1f1d2eab4a/apps/com.aaa.iphone.discounts.5fc6b2fe/delta/54902dd9aa6caecbb236b317e40521e4a7c9eadf37df43794425ca99c81291d8_assets/fonts/SF-Pro-Text-Semibold.woff","143232","NOT_FOUND"
"assets/fonts/noto-sans-bold.woff","e5dabedfc361eec645f789e5a48f1420f27467acfff6206268f9627b013993ab","orgs/6e9b9e3b-c6be-4991-b03b-cf1f1d2eab4a/apps/com.aaa.iphone.discounts.5fc6b2fe/delta/88ef43b7db30fa015fb5227b23acdec8aaf58caebdd7c0b1834c17c69388b876_assets/fonts/noto-sans-bold.woff","211888","NOT_FOUND"
"assets/fonts/noto-sans-bold.woff2.br","6ee6cb8ba4fef8434dfb3b12ff7fda9932c4809b620bbf334e7212c45be6ca6d","orgs/6e9b9e3b-c6be-4991-b03b-cf1f1d2eab4a/apps/com.aaa.iphone.discounts.5fc6b2fe/delta/6d113bd17c3274c1bb4a55eb9bc18d490d7c084acdbb7663cd4c3d052d917b77_assets/fonts/noto-sans-bold.woff2.br","19973","NOT_FOUND"
"assets/fonts/noto-sans-regular.woff","eedbeab0062bd886252cb2c2d0c6bdb9b5439cae57495e8a5dcd327a6201b43a","orgs/6e9b9e3b-c6be-4991-b03b-cf1f1d2eab4a/apps/com.aaa.iphone.discounts.5fc6b2fe/delta/8511854d8b0b07da2ca4b1200a2663c648315da9fab543e33bcce6ff49335a66_assets/fonts/noto-sans-regular.woff","212780","NOT_FOUND"
"assets/fonts/noto-sans-regular.woff2","90753be0839a5b968607f4040251c13e16dfc5f70aa295c3c489ad7b81277760","orgs/6e9b9e3b-c6be-4991-b03b-cf1f1d2eab4a/apps/com.aaa.iphone.discounts.5fc6b2fe/delta/a21710c7f363c1781844c6033742808a9d88e1388865f0dca85baef7d63b5d8c_assets/fonts/noto-sans-regular.woff2","4656","NOT_FOUND"
"assets/fonts/noto-sans-semibold.woff2","2ba65457432f9a319059ee0f98229f06d047b77c3571954a111cd2512ca7f27f","orgs/6e9b9e3b-c6be-4991-b03b-cf1f1d2eab4a/apps/com.aaa.iphone.discounts.5fc6b2fe/delta/eb217ecc8e823e2342b8ece42c99fc9fb19aaa6d96e81823a26b4067815714ae_assets/fonts/noto-sans-semibold.woff2","48224","NOT_FOUND"
"assets/fonts/noto-sans.scss","c4046d66c8d55d1d9da8a6a2faaf6d35ae33475fb732f52a63777d39afd4f9c8","orgs/6e9b9e3b-c6be-4991-b03b-cf1f1d2eab4a/apps/com.aaa.iphone.discounts.5fc6b2fe/delta/7740bf93d0ce0e631a7b3c6f1f9f93a0e052b3b37fe6cce1025c3b8d0f49771b_assets/fonts/noto-sans.scss","1282","NOT_FOUND"
"assets/fonts/roboto-bold.ttf.br","bbaff27c5aeaf2437737952dce7304c050536a37518e19c029cbb145c11781e6","orgs/6e9b9e3b-c6be-4991-b03b-cf1f1d2eab4a/apps/com.aaa.iphone.discounts.5fc6b2fe/delta/c4a85a80237ba1a4991f4f73516c1327f66c771939fdc02e7ddb24d639fc627d_assets/fonts/roboto-bold.ttf.br","12422","NOT_FOUND"
"assets/fonts/roboto-bold.woff.br","55293f28da0996bafa1ac38771d518d64879e76c68f9913e95f072b1a3dcfd19","orgs/6e9b9e3b-c6be-4991-b03b-cf1f1d2eab4a/apps/com.aaa.iphone.discounts.5fc6b2fe/delta/5290d4722e7cd52fd43e787e9a0f19f6fcb2c43fea413b736b43c62e3c8863fa_assets/fonts/roboto-bold.woff.br","13257","NOT_FOUND"
"assets/fonts/roboto-bold.woff2","37e01795c1df9cdd5837f57bfc754faff250b909c918a0fdd8d71a26e553199c","orgs/6e9b9e3b-c6be-4991-b03b-cf1f1d2eab4a/apps/com.aaa.iphone.discounts.5fc6b2fe/delta/b5baec3e07cf2158a10a10212630d695fbd2a121b1b07cf79582a624636132c7_assets/fonts/roboto-bold.woff2","10212","NOT_FOUND"
"assets/fonts/roboto-light.ttf.br","bd0bb5edc0348f8e0cae9f4d7616620b4b8a3eddef97c9b1da24a16d9dca5ca2","orgs/6e9b9e3b-c6be-4991-b03b-cf1f1d2eab4a/apps/com.aaa.iphone.discounts.5fc6b2fe/delta/b7c48cbb83d4889c8bdf24bae6c8d6005c2a3993c56770f18a75ce32f1e25596_assets/fonts/roboto-light.ttf.br","12382","NOT_FOUND"
"assets/fonts/roboto-light.woff.br","4fe9454337ad6a98d7b0e0058bfb717d4211f7f6253d58cc683901e034975174","orgs/6e9b9e3b-c6be-4991-b03b-cf1f1d2eab4a/apps/com.aaa.iphone.discounts.5fc6b2fe/delta/834312cc34565db52919112f2f967ee36406a54e1f8522a828dcf3ccc9d5c611_assets/fonts/roboto-light.woff.br","13273","NOT_FOUND"
"assets/fonts/roboto-light.woff2","56268c528cf930249d519c876b3ea468be57a826910dfdee83e24d3e0ed7d1bb","orgs/6e9b9e3b-c6be-4991-b03b-cf1f1d2eab4a/apps/com.aaa.iphone.discounts.5fc6b2fe/delta/32b024e4b25abf5f879608c815516da7913bb24492844d858524c3df42cf58a5_assets/fonts/roboto-light.woff2","10220","NOT_FOUND"
"assets/fonts/roboto-medium.ttf.br","8b194d2dda93b77bb6be5bcba92626328fed735a713b0387ba3a0134c283f9a4","orgs/6e9b9e3b-c6be-4991-b03b-cf1f1d2eab4a/apps/com.aaa.iphone.discounts.5fc6b2fe/delta/8aea912df945335f4fc77275985cb660083eac4562d78c8e5bdc18cca05650af_assets/fonts/roboto-medium.ttf.br","12328","NOT_FOUND"
"assets/fonts/roboto-medium.woff.br","a089bc05bebca42a4a9985446f614c1801771712e2595b1fbc2b2594f569dc8e","orgs/6e9b9e3b-c6be-4991-b03b-cf1f1d2eab4a/apps/com.aaa.iphone.discounts.5fc6b2fe/delta/d27503667b99af36d9d2d4d0ab6d098b1cecc9f8824020c1c112ac1693476cce_assets/fonts/roboto-medium.woff.br","13153","NOT_FOUND"
"assets/fonts/roboto-medium.woff2","a2e55fd5bfa4ecff5cbea9d754401d134fb8d3fa88e0cfff61dc17741d928281","orgs/6e9b9e3b-c6be-4991-b03b-cf1f1d2eab4a/apps/com.aaa.iphone.discounts.5fc6b2fe/delta/2e98e362d0cc938dfbd59cf048a88fe49e93310c6aec5fde38757b24508ca0d9_assets/fonts/roboto-medium.woff2","10192","NOT_FOUND"
"assets/fonts/roboto-regular.ttf.br","6e7bce619cb86e35b4db83e2f2e3b3e1263c54987fec257402669cec83fb193d","orgs/6e9b9e3b-c6be-4991-b03b-cf1f1d2eab4a/apps/com.aaa.iphone.discounts.5fc6b2fe/delta/ca7bc19da6f6913368a91543394763866198b7b256735db375c3b1cdf1351d48_assets/fonts/roboto-regular.ttf.br","12362","NOT_FOUND"
"assets/fonts/roboto-regular.woff.br","ae9fef3590e372918422a612dcf99565d0c7ca71420f56dd434a9e759808d6b8","orgs/6e9b9e3b-c6be-4991-b03b-cf1f1d2eab4a/apps/com.aaa.iphone.discounts.5fc6b2fe/delta/e53892b7d1596e560e2e2fac61cda47a26205be5b90c406fdb1922770486b37c_assets/fonts/roboto-regular.woff.br","13205","NOT_FOUND"
"assets/fonts/roboto-regular.woff2","31edab92d4ade297ab926d23ed2666d1c5f242675de7c0c1a0bb447024ac554d","orgs/6e9b9e3b-c6be-4991-b03b-cf1f1d2eab4a/apps/com.aaa.iphone.discounts.5fc6b2fe/delta/bb017eaf59d4bb7c4f29f3f599b1deb168d679ed0a0d054747a7990b2f8bb610_assets/fonts/roboto-regular.woff2","10196","NOT_FOUND"
"assets/fonts/roboto.scss","501bdb1936e9945e5fe0a0d7c67016fa4022c9e33257bd157cae5e17ee943c72","orgs/6e9b9e3b-c6be-4991-b03b-cf1f1d2eab4a/apps/com.aaa.iphone.discounts.5fc6b2fe/delta/d43b1324921dbc3393d0bc8153649395f119e09ec357e1165e8bcb5b4f901326_assets/fonts/roboto.scss","1458","NOT_FOUND"
"assets/icon/favicon.png","e820db45563316ad63b8557a3cb9a681a9f59faf899c250393113fcbe885d2cd","orgs/6e9b9e3b-c6be-4991-b03b-cf1f1d2eab4a/apps/com.aaa.iphone.discounts.5fc6b2fe/delta/ff23bf2c7d77461c5da21426ccfc4cba36c23147ed5cd6da4e94e21f00541c4d_assets/icon/favicon.png","930","NOT_FOUND"
"assets/membership/img/add-to-apple-wallet.webp.br","91406dcd4b114ce2b21ae1b346b0b168afd916f8939f838688d567e735b1c3e7","orgs/6e9b9e3b-c6be-4991-b03b-cf1f1d2eab4a/apps/com.aaa.iphone.discounts.5fc6b2fe/delta/d890efaa84afc9e5f0e918fdf9a05667a521851a200ea5fa399b4317d191f1f9_assets/membership/img/add-to-apple-wallet.webp.br","8322","NOT_FOUND"
"assets/membership/img/go-to-apple-wallet.webp","5e93e282604b14a756affe79307ffe120ad08bc97232b2bdabeddf94fa111814","orgs/6e9b9e3b-c6be-4991-b03b-cf1f1d2eab4a/apps/com.aaa.iphone.discounts.5fc6b2fe/delta/062f10fd1579c9de773a1e78d31959f1fe4bb5356d1dd2fa487d4669bd513f2b_assets/membership/img/go-to-apple-wallet.webp","8056","NOT_FOUND"
"assets/membership/img/savings-header.webp","2b1e9309e757cf42610a892b8943857c5df06736bcd4a943c38c3df84088bbc7","orgs/6e9b9e3b-c6be-4991-b03b-cf1f1d2eab4a/apps/com.aaa.iphone.discounts.5fc6b2fe/delta/f40c01648880c20eb522ca05907b1bb0d3ba2dbb1fb869f72481bb0ae1965b0c_assets/membership/img/savings-header.webp","21550","NOT_FOUND"
"assets/membership/img/update-apple-wallet.webp.br","b12d2b4497396670bf3609c49886432c67ac5ca870a55cb019c117141b9fdd9d","orgs/6e9b9e3b-c6be-4991-b03b-cf1f1d2eab4a/apps/com.aaa.iphone.discounts.5fc6b2fe/delta/fb99adcb0ae10b1cd9b43ba69a37366c7391b1736ea14a0ae295c347a1a02993_assets/membership/img/update-apple-wallet.webp.br","11537","NOT_FOUND"
"assets/membership/svg/close-blue.svg","b2fc11d7f66b6c2ff18edd6ceca236b76776eac6d633e016366144880b247a84","orgs/6e9b9e3b-c6be-4991-b03b-cf1f1d2eab4a/apps/com.aaa.iphone.discounts.5fc6b2fe/delta/97539e4c527f29a901f9e02ec718de105640f3641de7c2e07d329ab033391745_assets/membership/svg/close-blue.svg","840","NOT_FOUND"
"assets/membership/svg/enUS_add_to_google_wallet_add-wallet-badge.svg.br","fee1f26a7f5d5c591869deb81c20b3d38ac05fb675c7b920ef6d299cb0555de2","orgs/6e9b9e3b-c6be-4991-b03b-cf1f1d2eab4a/apps/com.aaa.iphone.discounts.5fc6b2fe/delta/bb0ef5117a4d7256923d6398dc4ffdc98e0744ace0f99afbd88f5d8d831b81e5_assets/membership/svg/enUS_add_to_google_wallet_add-wallet-badge.svg.br","4603","NOT_FOUND"
"assets/membership/svg/enUS_view_in_google_wallet_view-badge.svg.br","a3121be7847a6aa326c11fccebd70dc6d27d3c55610400d11e843d80dcd37cbe","orgs/6e9b9e3b-c6be-4991-b03b-cf1f1d2eab4a/apps/com.aaa.iphone.discounts.5fc6b2fe/delta/f1f060636c4df009280e5ec23b34b1756a3f1a66b388b39ef233fe216b01639b_assets/membership/svg/enUS_view_in_google_wallet_view-badge.svg.br","4520","NOT_FOUND"
"assets/membership/svg/feedback-check.svg","57e8c956bd08caab02e105603fdba08bde030d4fb4ada0dd535dd84fbd432b6d","orgs/6e9b9e3b-c6be-4991-b03b-cf1f1d2eab4a/apps/com.aaa.iphone.discounts.5fc6b2fe/delta/962235ebb1258051d95f120750d9629c21693665935e57481d92d7dd4accf26e_assets/membership/svg/feedback-check.svg","1483","NOT_FOUND"
"assets/membership/svg/feedback-email.svg","cf81ce6d8f5a191111c6fa1650641010a09d87ab2d5be4a5be47d31de4e42667","orgs/6e9b9e3b-c6be-4991-b03b-cf1f1d2eab4a/apps/com.aaa.iphone.discounts.5fc6b2fe/delta/0f968779485a0f880587872fb5831d4cfc57b5341cdc8bdff42af3be11f45133_assets/membership/svg/feedback-email.svg","432","NOT_FOUND"
"assets/membership/svg/feedback-error.svg","8b174162c2afc4c912a5e0241371adfe0587b732d180249ae0dc94c3a3f6de68","orgs/6e9b9e3b-c6be-4991-b03b-cf1f1d2eab4a/apps/com.aaa.iphone.discounts.5fc6b2fe/delta/bf0f5d8ed551c9dc2acbdbc98c7c5616690356cce617af4563716c723dc78ff5_assets/membership/svg/feedback-error.svg","1228","NOT_FOUND"
"assets/membership/svg/feedback-number.svg","f8ba69f95e6d925558641ef91b3cf63469f194df920595ca68f2c5bad4025d60","orgs/6e9b9e3b-c6be-4991-b03b-cf1f1d2eab4a/apps/com.aaa.iphone.discounts.5fc6b2fe/delta/95c2a84e38063813e225c80976302ad39ce513a12110a5deec60b9d5093794ca_assets/membership/svg/feedback-number.svg","284","NOT_FOUND"
"assets/membership/svg/feedback-phone.svg","5a461d8175e118954a9dd6c834e691d6d0334a846df248e0651b8685f5cd57fe","orgs/6e9b9e3b-c6be-4991-b03b-cf1f1d2eab4a/apps/com.aaa.iphone.discounts.5fc6b2fe/delta/23aeaca4434ada6d55eb218615f1dcf5ae03321043408ce42bf87b45175a0602_assets/membership/svg/feedback-phone.svg","582","NOT_FOUND"
"assets/membership/svg/feedback-user.svg","bcd5b5c5ddfbac67fada583fb047606fac7f927a9fa521b04c7c3e6050704293","orgs/6e9b9e3b-c6be-4991-b03b-cf1f1d2eab4a/apps/com.aaa.iphone.discounts.5fc6b2fe/delta/a1795874e32ac175a4619f14df04a46d42d31d1fe8170f9aa43278329e35226a_assets/membership/svg/feedback-user.svg","505","NOT_FOUND"
"assets/membership/svg/savings-pig.svg","0d7f8ebab6af318ecdb6d0a722df33f1c9374df4a2d0009cbe3f7eba2e0f54e8","orgs/6e9b9e3b-c6be-4991-b03b-cf1f1d2eab4a/apps/com.aaa.iphone.discounts.5fc6b2fe/delta/604292114d554cde29d5c87d0a29d8a13e48249faf2893a7906bf493d13378fa_assets/membership/svg/savings-pig.svg","2922","NOT_FOUND"
"assets/ref-app/data/android-licenses.json.br","17e496c4633314b66ec0e5ac7fdb53cc9f020c1ddbc7ec560d1825d3e3c99842","orgs/6e9b9e3b-c6be-4991-b03b-cf1f1d2eab4a/apps/com.aaa.iphone.discounts.5fc6b2fe/delta/886d727c3fe8317d7fd7d1f6bfedff3f498eb3cf3eb5cb0497471fd309aef6dc_assets/ref-app/data/android-licenses.json.br","14412","NOT_FOUND"
"assets/ref-app/data/ios-licenses.json.br","d852a8b106f5e7624e94f05e5252785eb8af2a06dd4dbb7b3fe519062dc75c56","orgs/6e9b9e3b-c6be-4991-b03b-cf1f1d2eab4a/apps/com.aaa.iphone.discounts.5fc6b2fe/delta/80d098000cf4ab5c23387e858a73849a0d53e827eb452119154059cb5b400f88_assets/ref-app/data/ios-licenses.json.br","17415","NOT_FOUND"
"assets/ref-app/img/apple-wallet-add-to.png.br","0a0fe2b9693f9dd62cea4f7a34946da3ef29b69fb52f7ff62a69275b55fb011d","orgs/6e9b9e3b-c6be-4991-b03b-cf1f1d2eab4a/apps/com.aaa.iphone.discounts.5fc6b2fe/delta/445a8366200095d25fe73ce03106e152b5a3a25037f647ba2f1e9bc42119d474_assets/ref-app/img/apple-wallet-add-to.png.br","20292","NOT_FOUND"
"assets/ref-app/img/apple-wallet-go-to.png.br","9b134a00e0378a042593ad78258bc4c384ac47cbea83a43781b4555272dc0170","orgs/6e9b9e3b-c6be-4991-b03b-cf1f1d2eab4a/apps/com.aaa.iphone.discounts.5fc6b2fe/delta/b0e0bdcbeb636790c286a46563c3a9286d04d9d0e79bd43a4556fb3da41d5886_assets/ref-app/img/apple-wallet-go-to.png.br","19741","NOT_FOUND"
"assets/ref-app/img/apple-wallet-update.png.br","54e51d2e126bd68063bdce49343c29744cabbe2aa80a21821ac35452dc1029a2","orgs/6e9b9e3b-c6be-4991-b03b-cf1f1d2eab4a/apps/com.aaa.iphone.discounts.5fc6b2fe/delta/81f0a6c0cda2c9e73f9a0ad31eea773b901c3107434b4f527d67b7226dad8f2a_assets/ref-app/img/apple-wallet-update.png.br","20282","NOT_FOUND"
"assets/ref-app/img/discounts-attractions.png","a1259beffbc7836d0f17bf36d95f88509c7c28334ab03244bbf3f3d3cddb2181","orgs/6e9b9e3b-c6be-4991-b03b-cf1f1d2eab4a/apps/com.aaa.iphone.discounts.5fc6b2fe/delta/c13a261503ab100ec233eae7bbe7f0585359711725fcf85046f9bc9a178fcaae_assets/ref-app/img/discounts-attractions.png","38387","NOT_FOUND"
"assets/ref-app/img/discounts-dining.png.br","3af5700a1d9b3209b92fead572cfbc99211cfaf1a0f4d7d84b30343a1865fa4d","orgs/6e9b9e3b-c6be-4991-b03b-cf1f1d2eab4a/apps/com.aaa.iphone.discounts.5fc6b2fe/delta/4078fca03a2c135bb5f13c2901f1fe61b46434589134257d40e9c2ef3ddca26a_assets/ref-app/img/discounts-dining.png.br","11972","NOT_FOUND"
"assets/ref-app/img/discounts-finance.png.br","770489225f9ff66e9ec030b5fe28a0138acc26a670eb8ebe04e25987f7e65e44","orgs/6e9b9e3b-c6be-4991-b03b-cf1f1d2eab4a/apps/com.aaa.iphone.discounts.5fc6b2fe/delta/b0d7defe01f9a9b80914de5cd0fb6bfc595c7e0c270387110b56b2ad4f9c6e8c_assets/ref-app/img/discounts-finance.png.br","10703","NOT_FOUND"
"assets/ref-app/img/discounts-health-beauty.png.br","e2736426b0b4f34179b4c7e82a38dcd44a991f237fe78798dca86ce5b2c07839","orgs/6e9b9e3b-c6be-4991-b03b-cf1f1d2eab4a/apps/com.aaa.iphone.discounts.5fc6b2fe/delta/4dfcf011b391f2c54dd342d82b884068722dd9178281b06fc1d9c81190cae0b7_assets/ref-app/img/discounts-health-beauty.png.br","11103","NOT_FOUND"
"assets/ref-app/img/discounts-home-business.png.br","c4f9f09ec3a261f77725d30fc428175903a5d45601e8a6e41d56ead65f32e60f","orgs/6e9b9e3b-c6be-4991-b03b-cf1f1d2eab4a/apps/com.aaa.iphone.discounts.5fc6b2fe/delta/5bea0e208447f0e6f19e8c3b152abc9cb06bb5f46fe5afe8dca8ee3521b0246c_assets/ref-app/img/discounts-home-business.png.br","10410","NOT_FOUND"
"assets/ref-app/img/discounts-insurance.png.br","8b89bb58778cf8237547dfb319c96cc78c14ba01d9e42c97ce1918ac7ff77e1f","orgs/6e9b9e3b-c6be-4991-b03b-cf1f1d2eab4a/apps/com.aaa.iphone.discounts.5fc6b2fe/delta/f39a65876d21b9a5a203a356c552972d64d33054cdc11dda6fea54fdb60cf859_assets/ref-app/img/discounts-insurance.png.br","10286","NOT_FOUND"
"assets/ref-app/img/discounts-personal-services.png.br","3544626fd74b0743b5c1b30f7aa14cbb1f2ebc485c1c50f77cd0a0d69713c05e","orgs/6e9b9e3b-c6be-4991-b03b-cf1f1d2eab4a/apps/com.aaa.iphone.discounts.5fc6b2fe/delta/b8ee43303252df0185d1ffac6426035a7ddc7f2e2ebde9dcb901381bf0a57e6a_assets/ref-app/img/discounts-personal-services.png.br","11106","NOT_FOUND"
"assets/ref-app/img/discounts-shopping.png.br","f47fe53a995c9daf9edc256876f3a2c7b72159e7158ddd9d708571f6595825ce","orgs/6e9b9e3b-c6be-4991-b03b-cf1f1d2eab4a/apps/com.aaa.iphone.discounts.5fc6b2fe/delta/86155c16f9efadfed088c4d843bb7f544a635961b871f9c8d1a9d4482c5a8814_assets/ref-app/img/discounts-shopping.png.br","33576","NOT_FOUND"
"assets/ref-app/img/discounts-travel.png.br","02e5a1505540c438f9ec65b430ed2501c519073a153dd5bdaebd99091875646e","orgs/6e9b9e3b-c6be-4991-b03b-cf1f1d2eab4a/apps/com.aaa.iphone.discounts.5fc6b2fe/delta/592ee96f51b324ccece1f44cd8fc4600affdde121ac2e2d4521126fe25fcb075_assets/ref-app/img/discounts-travel.png.br","9272","NOT_FOUND"
"assets/ref-app/img/gradient-overlay.png.br","a8ba07fdaa830d5c253e7ddbefe733d27ae18c87837b7d06afc22d1fdbc8c731","orgs/6e9b9e3b-c6be-4991-b03b-cf1f1d2eab4a/apps/com.aaa.iphone.discounts.5fc6b2fe/delta/bfc73744571a50ef178c47f3b1f43456799752fca4dac4518d4fb604c3764714_assets/ref-app/img/gradient-overlay.png.br","62745","NOT_FOUND"
"assets/ref-app/img/poi-map-error-background.png.br","50402d0b07d1826a7cd5d612ab8b1b2cd75b0f395eee5ebb3088b9c8602b31a7","orgs/6e9b9e3b-c6be-4991-b03b-cf1f1d2eab4a/apps/com.aaa.iphone.discounts.5fc6b2fe/delta/4916b70ded518d4e364791278d28fcebf861b526ff08688aae64a4741887d9fb_assets/ref-app/img/poi-map-error-background.png.br","90709","NOT_FOUND"
"assets/ref-app/img/temp-IndianapolisIndians.webp.br","05734a426c95796a00afb77d9430f10bcc4ea11f17aa55e796fcf329a4fdaeb6","orgs/6e9b9e3b-c6be-4991-b03b-cf1f1d2eab4a/apps/com.aaa.iphone.discounts.5fc6b2fe/delta/045724d443b2f11f68ef587632df19047e0d964b21850294b51218f28390d13b_assets/ref-app/img/temp-IndianapolisIndians.webp.br","27022","NOT_FOUND"
"assets/ref-app/img/temp-JiffyLube.webp.br","0424efa04d06dada22f693dad99b0c9d6648a34f187962ddf729654cb5a9649c","orgs/6e9b9e3b-c6be-4991-b03b-cf1f1d2eab4a/apps/com.aaa.iphone.discounts.5fc6b2fe/delta/b8630b7c24eced887ba9bfb135374a17285bebeed61348bc4fee9097419e594b_assets/ref-app/img/temp-JiffyLube.webp.br","16286","NOT_FOUND"
"assets/ref-app/img/temp-RuoffMusicCenter.webp.br","c7516050fe754e2f4e2eee5d141953ade86fca54650cb2df13cc565e595f04cf","orgs/6e9b9e3b-c6be-4991-b03b-cf1f1d2eab4a/apps/com.aaa.iphone.discounts.5fc6b2fe/delta/08af59ff8446c85cb8d80a16d100ce89e093f3fe0ce2b0921f509e8cb9748680_assets/ref-app/img/temp-RuoffMusicCenter.webp.br","28026","NOT_FOUND"
"assets/ref-app/img/temp-SymphonyOnThePrairie.webp.br","800ee9cbe55a7eff917368c508907a832170529ffde48390764cbfe4a13180c1","orgs/6e9b9e3b-c6be-4991-b03b-cf1f1d2eab4a/apps/com.aaa.iphone.discounts.5fc6b2fe/delta/ec8b1e4d9bf7591d32a2a6ceae9cfb733d90f777fbbbcc5c47d4591fcc52c77a_assets/ref-app/img/temp-SymphonyOnThePrairie.webp.br","20945","NOT_FOUND"
"assets/ref-app/img/tile-overlay.png","24814afe5cf0454eac15df1df7cc38549ffe555eeb30685e5ba71797fd0bbee2","orgs/6e9b9e3b-c6be-4991-b03b-cf1f1d2eab4a/apps/com.aaa.iphone.discounts.5fc6b2fe/delta/27f3460423b2084869a763b7fb514b0b436d42f1b318c993ad992c272e279d88_assets/ref-app/img/tile-overlay.png","6966","NOT_FOUND"
"assets/ref-app/img/whats-new-loading.png","c3a0cea1a1108def41c8c76bedc8ef4b8d9ca1e7bea3e338104c2d3de4061bbd","orgs/6e9b9e3b-c6be-4991-b03b-cf1f1d2eab4a/apps/com.aaa.iphone.discounts.5fc6b2fe/delta/2e1911ba66e3716294dba67fa4e89caec2da7f8f307c87d9466b4273a964cc9f_assets/ref-app/img/whats-new-loading.png","5228","NOT_FOUND"
"assets/ref-app/svg/aaa-logo-error.svg","2a0e6b9a43ce3e7fa7a84ee277e698ee9eb307ce863dac65ebe89376161a4812","orgs/6e9b9e3b-c6be-4991-b03b-cf1f1d2eab4a/apps/com.aaa.iphone.discounts.5fc6b2fe/delta/a796123503c54fbf1d350545df908eabb59203b750b6a8907df14d2d01fdf0cc_assets/ref-app/svg/aaa-logo-error.svg","2130","NOT_FOUND"
"assets/ref-app/svg/aaa-logo.svg","0acc0d0b8dfe6d15ecf188c93d89122bdb4affc9635933cf87dc81ba5e7da06c","orgs/6e9b9e3b-c6be-4991-b03b-cf1f1d2eab4a/apps/com.aaa.iphone.discounts.5fc6b2fe/delta/e56379cb9d01c44e56af6371615de183b28f3baeeb59c4dd183e03c6664f78a0_assets/ref-app/svg/aaa-logo.svg","3630","NOT_FOUND"
"assets/ref-app/svg/articles.svg","e63c6d36034c5fd53d08353cbc3e0ead48920a485dbfcfbf11aa2fb0b2235208","orgs/6e9b9e3b-c6be-4991-b03b-cf1f1d2eab4a/apps/com.aaa.iphone.discounts.5fc6b2fe/delta/b0a391ebc4466342abc97aa604e442c06a164565ee9e0bebb3de80db713fd4fb_assets/ref-app/svg/articles.svg","696","NOT_FOUND"
"assets/ref-app/svg/auth-email.svg","cf81ce6d8f5a191111c6fa1650641010a09d87ab2d5be4a5be47d31de4e42667","orgs/6e9b9e3b-c6be-4991-b03b-cf1f1d2eab4a/apps/com.aaa.iphone.discounts.5fc6b2fe/delta/0f968779485a0f880587872fb5831d4cfc57b5341cdc8bdff42af3be11f45133_assets/ref-app/svg/auth-email.svg","432","NOT_FOUND"
"assets/ref-app/svg/auth-error.svg","8b174162c2afc4c912a5e0241371adfe0587b732d180249ae0dc94c3a3f6de68","orgs/6e9b9e3b-c6be-4991-b03b-cf1f1d2eab4a/apps/com.aaa.iphone.discounts.5fc6b2fe/delta/bf0f5d8ed551c9dc2acbdbc98c7c5616690356cce617af4563716c723dc78ff5_assets/ref-app/svg/auth-error.svg","1228","NOT_FOUND"
"assets/ref-app/svg/auth-face-id.svg","5160387629f8d58e7949dfad762ee2cb6a1a74993f1a77c7732c7170856273ff","orgs/6e9b9e3b-c6be-4991-b03b-cf1f1d2eab4a/apps/com.aaa.iphone.discounts.5fc6b2fe/delta/898c4d14014ffaeb770932daf0cbbd8729b3f7a713999ac489b3dfe0c74b2b90_assets/ref-app/svg/auth-face-id.svg","775","NOT_FOUND"
"assets/ref-app/svg/auth-info.svg","705783a6e9efc2662a91177009c5ba814ae22633cbe711b141e53d6001c16df4","orgs/6e9b9e3b-c6be-4991-b03b-cf1f1d2eab4a/apps/com.aaa.iphone.discounts.5fc6b2fe/delta/bace776da542bd861d51aa6f649418561bd93055df3fb1743c2050c3c47f8289_assets/ref-app/svg/auth-info.svg","1154","NOT_FOUND"
"assets/ref-app/svg/auth-iris.svg","c6d683a00f03172b103a009eade050351c457597ad8687be806fa5c359bbce93","orgs/6e9b9e3b-c6be-4991-b03b-cf1f1d2eab4a/apps/com.aaa.iphone.discounts.5fc6b2fe/delta/7c5a9967551e1c84e03a40a67e9c0214e70704d4f8b957f0b680ada279500083_assets/ref-app/svg/auth-iris.svg","654","NOT_FOUND"
"assets/ref-app/svg/auth-password.svg","1a7be2fb9409820140df3ef990e14244542bf26cc03e3862c1782ca38f50e5e9","orgs/6e9b9e3b-c6be-4991-b03b-cf1f1d2eab4a/apps/com.aaa.iphone.discounts.5fc6b2fe/delta/5bca11c046958aeaedf7d1bda1d386b8e89493715a708cee97770921d4fb90e7_assets/ref-app/svg/auth-password.svg","718","NOT_FOUND"
"assets/ref-app/svg/auth-touch-id.svg","322603ab14c947620bfc9731aa04d4da00f17d404ec6fd1365ce2600d9db7f8e","orgs/6e9b9e3b-c6be-4991-b03b-cf1f1d2eab4a/apps/com.aaa.iphone.discounts.5fc6b2fe/delta/fdef1a08bff2a356ae1ee925784ec8c9d742201cc0108bc18a4f822764bb8185_assets/ref-app/svg/auth-touch-id.svg","1005","NOT_FOUND"
"assets/ref-app/svg/auth-user.svg","bcd5b5c5ddfbac67fada583fb047606fac7f927a9fa521b04c7c3e6050704293","orgs/6e9b9e3b-c6be-4991-b03b-cf1f1d2eab4a/apps/com.aaa.iphone.discounts.5fc6b2fe/delta/a1795874e32ac175a4619f14df04a46d42d31d1fe8170f9aa43278329e35226a_assets/ref-app/svg/auth-user.svg","505","NOT_FOUND"
"assets/ref-app/svg/discounts-attractions.svg","f3467eb3e072193b0d163ded7d5d4e45657ed79a7a788bd34842efebdfb7bdcf","orgs/6e9b9e3b-c6be-4991-b03b-cf1f1d2eab4a/apps/com.aaa.iphone.discounts.5fc6b2fe/delta/fd1235c2ff5fd9c0d16f0cb633fb6bd658e55fe8a6b564e560171e74516d2a44_assets/ref-app/svg/discounts-attractions.svg","3308","NOT_FOUND"
"assets/ref-app/svg/discounts-automotive.svg","4cb69c54317ececdf7dc0db332078dc17d5e4e55f493f25ff541f09b54d2dab2","orgs/6e9b9e3b-c6be-4991-b03b-cf1f1d2eab4a/apps/com.aaa.iphone.discounts.5fc6b2fe/delta/85bc7c4b4592c080c7803301f5aec236811c0515ea378e04a998db2da4289ba5_assets/ref-app/svg/discounts-automotive.svg","1075","NOT_FOUND"
"assets/ref-app/svg/discounts-deal-section.svg.br","b473bb8abc14bf6cf24674a3990af35f774069f9c82404ec88957f53a23d47c3","orgs/6e9b9e3b-c6be-4991-b03b-cf1f1d2eab4a/apps/com.aaa.iphone.discounts.5fc6b2fe/delta/a26fdf37130bda1c7ac97a9f062b9750f827250db40b96deb52c8daf006d8bdd_assets/ref-app/svg/discounts-deal-section.svg.br","1493","NOT_FOUND"
"assets/ref-app/svg/discounts-deal-single.svg","361b7dfabb6f952305ad7a4abe157261080c4446d499fb8feef7a2e08deb6747","orgs/6e9b9e3b-c6be-4991-b03b-cf1f1d2eab4a/apps/com.aaa.iphone.discounts.5fc6b2fe/delta/6d1ba73b2fc2c0391c479f83fafd6e3f0651b8c2996c3f30bbed1eb27925747c_assets/ref-app/svg/discounts-deal-single.svg","3420","NOT_FOUND"
"assets/ref-app/svg/discounts-dining.svg","81d451723ff58e2ace1d4b6c03bae76c653bf2c57ca54ebbbb6b549562808377","orgs/6e9b9e3b-c6be-4991-b03b-cf1f1d2eab4a/apps/com.aaa.iphone.discounts.5fc6b2fe/delta/d27f1f64d8ab897e89b2d8f26b31f535f9701d225a92ae21d5b4a944b46bdb36_assets/ref-app/svg/discounts-dining.svg","2903","NOT_FOUND"
"assets/ref-app/svg/discounts-empty.svg","dfdec3ead37c60ca565a9be9856fc6ab5a7ff8b1a6e8732975e331318a61b99e","orgs/6e9b9e3b-c6be-4991-b03b-cf1f1d2eab4a/apps/com.aaa.iphone.discounts.5fc6b2fe/delta/2f2764d3836c250157a85037f4ce3b2fd3afa7fdb92d4da748505ef43fd61308_assets/ref-app/svg/discounts-empty.svg","114","NOT_FOUND"
"assets/ref-app/svg/discounts-featured.svg","b8101215326cde0e2bf39476e24ee15ce7b42b64b70472c5ca26f91a6817ec9d","orgs/6e9b9e3b-c6be-4991-b03b-cf1f1d2eab4a/apps/com.aaa.iphone.discounts.5fc6b2fe/delta/fd614ab3baacabbde38a76a22cc36724f29980d9e67160d432547913ac952a72_assets/ref-app/svg/discounts-featured.svg","506","NOT_FOUND"
"assets/ref-app/svg/discounts-finances.svg.br","64da06d8c1a64e8e78cff8f47eddadb704bc79b278dfe8737eb94ad6d8785148","orgs/6e9b9e3b-c6be-4991-b03b-cf1f1d2eab4a/apps/com.aaa.iphone.discounts.5fc6b2fe/delta/8a99b0cb39cdffc1698e73b47694bffe28becc261107bd87e29fe5eee1099369_assets/ref-app/svg/discounts-finances.svg.br","6240","NOT_FOUND"
"assets/ref-app/svg/discounts-gift.svg","643a3e586c61e91fe7f6a8598738a129d174205e51a8e77085c74d4d168329d4","orgs/6e9b9e3b-c6be-4991-b03b-cf1f1d2eab4a/apps/com.aaa.iphone.discounts.5fc6b2fe/delta/da9cc0c8e8a95f157b643c936a170288aac865d57430060f6bad9d2a9ef15c14_assets/ref-app/svg/discounts-gift.svg","1883","NOT_FOUND"
"assets/ref-app/svg/discounts-health-beauty.svg","ad0b2365e92e09a023d939948005dd985cbc7cd5e132dba16cdfee4102dd0e07","orgs/6e9b9e3b-c6be-4991-b03b-cf1f1d2eab4a/apps/com.aaa.iphone.discounts.5fc6b2fe/delta/678dc7664d9205f1b2f5fb5581c6d58be4ca97707190afae188beb69c0d3be5b_assets/ref-app/svg/discounts-health-beauty.svg","1150","NOT_FOUND"
"assets/ref-app/svg/discounts-home-business.svg","98205e0bc8e81fcd5dd8e4341d2ff16e37e1a953f7a8b9a5ac93d2349a2f609e","orgs/6e9b9e3b-c6be-4991-b03b-cf1f1d2eab4a/apps/com.aaa.iphone.discounts.5fc6b2fe/delta/e16f4571b3b1e36a0489683d00e76b80a419d747900c3bd7014afb70428d605e_assets/ref-app/svg/discounts-home-business.svg","1092","NOT_FOUND"
"assets/ref-app/svg/discounts-insurance.svg","67b1ecbc03c0d69873d672ee27e4020afd082701cf466f592a7e9ed83a1cd3e0","orgs/6e9b9e3b-c6be-4991-b03b-cf1f1d2eab4a/apps/com.aaa.iphone.discounts.5fc6b2fe/delta/4600ed490029e84f095802c5ffe150e4072aad6458ccb1bb2484808fff6837a5_assets/ref-app/svg/discounts-insurance.svg","704","NOT_FOUND"
"assets/ref-app/svg/discounts-nearby.svg","e05f4fa8897a600a3885221fb479a663893d86d662e8c379f6d2dcaa3ee760e5","orgs/6e9b9e3b-c6be-4991-b03b-cf1f1d2eab4a/apps/com.aaa.iphone.discounts.5fc6b2fe/delta/560d8890aebd7ccd8fb3c46deb4047e5048f44c69ed4b7ac60b8cc6c1be7a392_assets/ref-app/svg/discounts-nearby.svg","1042","NOT_FOUND"
"assets/ref-app/svg/discounts-personal-services.svg","b8a3f09a32097ddaddfdacfbeb3729dda9129ee5b7ca18cbb319d2f5428eb7fc","orgs/6e9b9e3b-c6be-4991-b03b-cf1f1d2eab4a/apps/com.aaa.iphone.discounts.5fc6b2fe/delta/7fc471659e4718471fdee7058d3f61f4a0f6885487e077c69304915cf15de0cf_assets/ref-app/svg/discounts-personal-services.svg","1321","NOT_FOUND"
"assets/ref-app/svg/discounts-shopping.svg","7e335d61804906e07ddcb1775260307d38052a643d93c9b052a97da947ecee24","orgs/6e9b9e3b-c6be-4991-b03b-cf1f1d2eab4a/apps/com.aaa.iphone.discounts.5fc6b2fe/delta/45875f4931ffd8a45b6e526db4b9aca2e42cc16b527e2ee1a921cb0b8a74de0e_assets/ref-app/svg/discounts-shopping.svg","1014","NOT_FOUND"
"assets/ref-app/svg/discounts-sort.svg","6a8a0e985a918b4fb2f67d6254fa8d26ad99fc1607676ab7c7c6fa34e1345180","orgs/6e9b9e3b-c6be-4991-b03b-cf1f1d2eab4a/apps/com.aaa.iphone.discounts.5fc6b2fe/delta/82ac42527772acd4afe1909f8e8295994843758fc18d12e95f58fd7514ab934b_assets/ref-app/svg/discounts-sort.svg","258","NOT_FOUND"
"assets/ref-app/svg/discounts-tickets.svg","a7000c1d227beb5170aba5d0a45f0be54155fc44a20fbad60408a660f76a2849","orgs/6e9b9e3b-c6be-4991-b03b-cf1f1d2eab4a/apps/com.aaa.iphone.discounts.5fc6b2fe/delta/e563ad85166137db6a9f54c49778cd3f6dfee916a590bd7152bc2b1781a8ae1a_assets/ref-app/svg/discounts-tickets.svg","1042","NOT_FOUND"
"assets/ref-app/svg/discounts-travel.svg","452d8ad2b76d40e53f42b4e9d1ae5b356a0c7bd24a4087cbfb4cd85cb29dab56","orgs/6e9b9e3b-c6be-4991-b03b-cf1f1d2eab4a/apps/com.aaa.iphone.discounts.5fc6b2fe/delta/425ca40120edb5365cebd885b38871369f610c460ec35338e8df7d3d063ea7dd_assets/ref-app/svg/discounts-travel.svg","839","NOT_FOUND"
"assets/ref-app/svg/enUS_add_to_google_wallet_add-wallet-badge.svg.br","fee1f26a7f5d5c591869deb81c20b3d38ac05fb675c7b920ef6d299cb0555de2","orgs/6e9b9e3b-c6be-4991-b03b-cf1f1d2eab4a/apps/com.aaa.iphone.discounts.5fc6b2fe/delta/bb0ef5117a4d7256923d6398dc4ffdc98e0744ace0f99afbd88f5d8d831b81e5_assets/ref-app/svg/enUS_add_to_google_wallet_add-wallet-badge.svg.br","4603","NOT_FOUND"
"assets/ref-app/svg/enUS_view_in_google_wallet_view-badge.svg.br","a3121be7847a6aa326c11fccebd70dc6d27d3c55610400d11e843d80dcd37cbe","orgs/6e9b9e3b-c6be-4991-b03b-cf1f1d2eab4a/apps/com.aaa.iphone.discounts.5fc6b2fe/delta/f1f060636c4df009280e5ec23b34b1756a3f1a66b388b39ef233fe216b01639b_assets/ref-app/svg/enUS_view_in_google_wallet_view-badge.svg.br","4520","NOT_FOUND"
"assets/ref-app/svg/financial-card.svg","c992250dfe661c667559c7107e92cc4ff30799aa309f91e3ebdccecafa68e601","orgs/6e9b9e3b-c6be-4991-b03b-cf1f1d2eab4a/apps/com.aaa.iphone.discounts.5fc6b2fe/delta/b09e0d3814214477c3b39f66d38b6cd990137042ed0be281a3cbac79221b5e29_assets/ref-app/svg/financial-card.svg","504","NOT_FOUND"
"assets/ref-app/svg/financial-deposits.svg","1020e4eb4ef4b0de60cc9807063aebfb355075c8759da0ac6ca50e36969d2bdd","orgs/6e9b9e3b-c6be-4991-b03b-cf1f1d2eab4a/apps/com.aaa.iphone.discounts.5fc6b2fe/delta/26e04dce2f66f57fdb5244f79518201e797f5b34880ab773a4b3b40913d1d434_assets/ref-app/svg/financial-deposits.svg","1689","NOT_FOUND"
"assets/ref-app/svg/financial-foreign-currency.svg","1b004beedd4494e67ce0c628d4365be1013c23c50bcac79add1dbf424edc9f99","orgs/6e9b9e3b-c6be-4991-b03b-cf1f1d2eab4a/apps/com.aaa.iphone.discounts.5fc6b2fe/delta/a7eddc7745da4388bd20db77a87f02ca6ce58d568a0270ee6aacc2c91ba6faed_assets/ref-app/svg/financial-foreign-currency.svg","936","NOT_FOUND"
"assets/ref-app/svg/financial-protect-my-id.svg","d5d3dc4b0f8592dab3fb586923958b645c2bfe2932ff245cc36de46c278ce551","orgs/6e9b9e3b-c6be-4991-b03b-cf1f1d2eab4a/apps/com.aaa.iphone.discounts.5fc6b2fe/delta/3f03386679b8374004bae9851da5d875f1a69d9dbfbcfceca053804bb32f0383_assets/ref-app/svg/financial-protect-my-id.svg","1333","NOT_FOUND"
"assets/ref-app/svg/home-section-reorder.svg","22d8a2ad8c0b45212e6afe5a6c831daf0d9f95aa09951fa2314c444534b77e53","orgs/6e9b9e3b-c6be-4991-b03b-cf1f1d2eab4a/apps/com.aaa.iphone.discounts.5fc6b2fe/delta/3c21d004f75287eec44d5174842ff687062422e966f663cd18b107d7b43ab829_assets/ref-app/svg/home-section-reorder.svg","1357","NOT_FOUND"
"assets/ref-app/svg/home-section-reset.svg","bff9f166c93991ede192c6bcaa93b31f3793a9cf40676158bfe047a9d862a1c4","orgs/6e9b9e3b-c6be-4991-b03b-cf1f1d2eab4a/apps/com.aaa.iphone.discounts.5fc6b2fe/delta/8fa9841ee59eb4c7f66e630e36877356dcc8b58b3dcb8947a7909ac3ef23a17a_assets/ref-app/svg/home-section-reset.svg","653","NOT_FOUND"
"assets/ref-app/svg/insurance-find-insurance-agent.svg","e320380ae66f37e4a5d541a0c3647417b8766d125d19b3083b15f836e68023f2","orgs/6e9b9e3b-c6be-4991-b03b-cf1f1d2eab4a/apps/com.aaa.iphone.discounts.5fc6b2fe/delta/04afd653b0f3132e92e516778f0f632347e791299859bccf9f9dba0b77ef31e7_assets/ref-app/svg/insurance-find-insurance-agent.svg","715","NOT_FOUND"
"assets/ref-app/svg/insurance-get-a-quote.svg","baaf642bf2feb52903739d430f4315e293fcf0f2dba360d80aea859ad28ecec1","orgs/6e9b9e3b-c6be-4991-b03b-cf1f1d2eab4a/apps/com.aaa.iphone.discounts.5fc6b2fe/delta/ddd783e52d42e3cd72b492573b8bca1408d8f455f013a22862b135dc89be894e_assets/ref-app/svg/insurance-get-a-quote.svg","1141","NOT_FOUND"
"assets/ref-app/svg/insurance-my-policy.svg","94cb7487594cc958ef753c7a99396947b898ee02bc79496a7925a62c752deb6c","orgs/6e9b9e3b-c6be-4991-b03b-cf1f1d2eab4a/apps/com.aaa.iphone.discounts.5fc6b2fe/delta/4a9cb9c895fd96f8d6578d7ea783164603c372cd209d92db02ca9218c1195c34_assets/ref-app/svg/insurance-my-policy.svg","740","NOT_FOUND"
"assets/ref-app/svg/insurance-quick.svg","33763187ff4e8d569b9489b2cd08d337ef7f9546d597e9b59ddbe2b87f003219","orgs/6e9b9e3b-c6be-4991-b03b-cf1f1d2eab4a/apps/com.aaa.iphone.discounts.5fc6b2fe/delta/d79f07d901cd0853f89783a3b330b6d88754b0e220dd7221e0da7bc2493467e8_assets/ref-app/svg/insurance-quick.svg","610","NOT_FOUND"
"assets/ref-app/svg/landing-discounts.svg","88a9ead730cf7b9e41ea340b64e2996b503a3a5e8e30db11222953fd27993757","orgs/6e9b9e3b-c6be-4991-b03b-cf1f1d2eab4a/apps/com.aaa.iphone.discounts.5fc6b2fe/delta/db8e6a9393371ef95f35532f6b8f0de9c408e2304ad6fa01ce456bed92b7d135_assets/ref-app/svg/landing-discounts.svg","1127","NOT_FOUND"
"assets/ref-app/svg/landing-home.svg","964d783f0a4c6a00ac050f2bdb8693b5e30553c36fe4273e3f8e77237af1e19d","orgs/6e9b9e3b-c6be-4991-b03b-cf1f1d2eab4a/apps/com.aaa.iphone.discounts.5fc6b2fe/delta/ab8b38e051d1a74dbb5064b62ca1bccde1c466588e6c830fa0330546fea7b1c4_assets/ref-app/svg/landing-home.svg","1164","NOT_FOUND"
"assets/ref-app/svg/landing-info-new.svg","0c50dff3ca4e550f6bc5032ac759d660dd9a72571148c24892afe618fc4a7808","orgs/6e9b9e3b-c6be-4991-b03b-cf1f1d2eab4a/apps/com.aaa.iphone.discounts.5fc6b2fe/delta/4ca31da84e6bd6779021568bb69af5d754d5e2833fbac6995fa2886c9e32b256_assets/ref-app/svg/landing-info-new.svg","818","NOT_FOUND"
"assets/ref-app/svg/landing-info.svg","8a7b315b06a7e076060e53ad8a4016db7edb93bd78f792225a2d3fa1b7e799e6","orgs/6e9b9e3b-c6be-4991-b03b-cf1f1d2eab4a/apps/com.aaa.iphone.discounts.5fc6b2fe/delta/e065051a388c79133be62951c742fbb1561d98a8bb1385298ea8c9e2047dc9a4_assets/ref-app/svg/landing-info.svg","653","NOT_FOUND"
"assets/ref-app/svg/landing-map.svg","05e95da35f0b5bc672f2b82da340eb1ac0caa31ff5b6d45bb083403897e32c73","orgs/6e9b9e3b-c6be-4991-b03b-cf1f1d2eab4a/apps/com.aaa.iphone.discounts.5fc6b2fe/delta/638c6d191740209c461892946cfc8fc0645341c65d16afb8abe1c76063bf7185_assets/ref-app/svg/landing-map.svg","1416","NOT_FOUND"
"assets/ref-app/svg/landing-notification-new.svg","d9c1059e1c5320203998d6a40a37ecf6c47ba3b09b51793c00abebb4a89da08d","orgs/6e9b9e3b-c6be-4991-b03b-cf1f1d2eab4a/apps/com.aaa.iphone.discounts.5fc6b2fe/delta/7eab93fcee9e7456a81c941188e8c08ae80e4102f6623da3a113469af076aa0a_assets/ref-app/svg/landing-notification-new.svg","1677","NOT_FOUND"
"assets/ref-app/svg/landing-notification.svg","00d0175cfda142bd003bffa9a5885e1b1b50530fa6f7dedba7721cefffb769cd","orgs/6e9b9e3b-c6be-4991-b03b-cf1f1d2eab4a/apps/com.aaa.iphone.discounts.5fc6b2fe/delta/d2adc673dac3d1c3037282752c56a99030f33485157b5fad457b679f6d92c480_assets/ref-app/svg/landing-notification.svg","560","NOT_FOUND"
"assets/ref-app/svg/landing-profile.svg","803cfe42530aca2e3c10f1e677ee3e8896f5ea00c60037d853c7337c5b3cbf6b","orgs/6e9b9e3b-c6be-4991-b03b-cf1f1d2eab4a/apps/com.aaa.iphone.discounts.5fc6b2fe/delta/f078cde83c94f9438c5b056842931ec230f29a4cc3a6b2c1efb10a76eaad0b98_assets/ref-app/svg/landing-profile.svg","716","NOT_FOUND"
"assets/ref-app/svg/landing-roadside.svg","03cef9ad5c74bb1a618851f266191627bed8ace68fd365c52c1d6c9143e4c46b","orgs/6e9b9e3b-c6be-4991-b03b-cf1f1d2eab4a/apps/com.aaa.iphone.discounts.5fc6b2fe/delta/2b485ee49518c1a22018f06a4faa00499d767a146f72e1f227a987367f494f38_assets/ref-app/svg/landing-roadside.svg","1216","NOT_FOUND"
"assets/ref-app/svg/landing-route.svg","0a37c098065cfd4711c237ded348366efccefcc73e4025bd57b8d8577ac33d5f","orgs/6e9b9e3b-c6be-4991-b03b-cf1f1d2eab4a/apps/com.aaa.iphone.discounts.5fc6b2fe/delta/ffe517313c20e0203bcdc902fe4464999cd63f489d41c77cd3092f88cf458337_assets/ref-app/svg/landing-route.svg","1235","NOT_FOUND"
"assets/ref-app/svg/landing-services.svg","1b34fc63e5f1be97d34d56c06242bc377ec2359d6521ee7ca044676ebd94caa4","orgs/6e9b9e3b-c6be-4991-b03b-cf1f1d2eab4a/apps/com.aaa.iphone.discounts.5fc6b2fe/delta/dec8651333e735a437296f0c75f561ed8f7afc3c4b5d3bd977d24506bd51c010_assets/ref-app/svg/landing-services.svg","2919","NOT_FOUND"
"assets/ref-app/svg/landing-travel.svg","a04999a250bd21c3085d7c9774e95e9b2180c8a4f145fe39cc3b4a94b8bd8bdf","orgs/6e9b9e3b-c6be-4991-b03b-cf1f1d2eab4a/apps/com.aaa.iphone.discounts.5fc6b2fe/delta/5ac44094e0dea04184657802dec7319c21c976214d5c0a8201f819ab7fec7ec2_assets/ref-app/svg/landing-travel.svg","905","NOT_FOUND"
"assets/ref-app/svg/landing-whats-new.svg","ae7a295f541af910c19116dbf9303d0cab2b2ecd9054adcb83b621c6529e628d","orgs/6e9b9e3b-c6be-4991-b03b-cf1f1d2eab4a/apps/com.aaa.iphone.discounts.5fc6b2fe/delta/46345e61a41d95193685d65280fa012bc15c0b3a867876f4eda5f485693a1bd5_assets/ref-app/svg/landing-whats-new.svg","3768","NOT_FOUND"
"assets/ref-app/svg/membership-bg-cover.svg.br","8e4075875f6a1f193298eb3e8d4504ca0d4793fd44cd89433e5d7be58e74847c","orgs/6e9b9e3b-c6be-4991-b03b-cf1f1d2eab4a/apps/com.aaa.iphone.discounts.5fc6b2fe/delta/8e93317e254bbc332914cbd02c5653b1d64ec55d31309845dcc5f31ad7e4a701_assets/ref-app/svg/membership-bg-cover.svg.br","1082","NOT_FOUND"
"assets/ref-app/svg/membership-card-direction.svg","760820265e20627eee1b4faf98050c135a7a150390ccc272730665731186a73d","orgs/6e9b9e3b-c6be-4991-b03b-cf1f1d2eab4a/apps/com.aaa.iphone.discounts.5fc6b2fe/delta/0b909779da32777cebf95cfb8431f16f42213dfda64fc5b194f907547bd05549_assets/ref-app/svg/membership-card-direction.svg","792","NOT_FOUND"
"assets/ref-app/svg/membership-card-logo-blue.svg","d91d44e651c836f06fdc508be5c311bf9948fe60e5c5e99546e1db5be81240ab","orgs/6e9b9e3b-c6be-4991-b03b-cf1f1d2eab4a/apps/com.aaa.iphone.discounts.5fc6b2fe/delta/485a9bf1c4d0a78338931f6eb84440f93a213af1d8d062f6ab4bf092bdeda30e_assets/ref-app/svg/membership-card-logo-blue.svg","2142","NOT_FOUND"
"assets/ref-app/svg/membership-card-logo-white.svg","bfd5ae33288901af9bc183237b2e0465a0202c30071531f64fcccc39237dc0a8","orgs/6e9b9e3b-c6be-4991-b03b-cf1f1d2eab4a/apps/com.aaa.iphone.discounts.5fc6b2fe/delta/381dff5508f9496bdb55d99eabf2e02280a8d35e80a20a5c25fa557742858aa5_assets/ref-app/svg/membership-card-logo-white.svg","2106","NOT_FOUND"
"assets/ref-app/svg/membership-card-logo.svg","326b3084e2473511cc4570df8447570013fad27e39c3a9f249d1b55fbfdb9eb8","orgs/6e9b9e3b-c6be-4991-b03b-cf1f1d2eab4a/apps/com.aaa.iphone.discounts.5fc6b2fe/delta/d373e13fb47cc269181a5229b3af080ae0635ee3f4f6aba63340eb01ffed985a_assets/ref-app/svg/membership-card-logo.svg","2092","NOT_FOUND"
"assets/ref-app/svg/membership-card-phone-back.svg","6abb46b1bcf03be2b72466c61f78d76447507f6adf5783b192cd24eb2067504c","orgs/6e9b9e3b-c6be-4991-b03b-cf1f1d2eab4a/apps/com.aaa.iphone.discounts.5fc6b2fe/delta/42ced15b215617c386c1c209f7633004469452f6927027ded6fb71155cd6e677_assets/ref-app/svg/membership-card-phone-back.svg","657","NOT_FOUND"
"assets/ref-app/svg/membership-chevron-right-dark.svg","00682e7b7ff04c0bd27aa6f8186efa0947ea9cdda620874b23ab4085bff86006","orgs/6e9b9e3b-c6be-4991-b03b-cf1f1d2eab4a/apps/com.aaa.iphone.discounts.5fc6b2fe/delta/99cb8a33201dc512a7507c2465e4dd39dc0649fb79fac3d350f834c4302b74bc_assets/ref-app/svg/membership-chevron-right-dark.svg","214","NOT_FOUND"
"assets/ref-app/svg/membership-chevron-right-white.svg","ccadbcd97e478debc620f7432d6757277c6430ba88c8d7db7e10ea0264f01d28","orgs/6e9b9e3b-c6be-4991-b03b-cf1f1d2eab4a/apps/com.aaa.iphone.discounts.5fc6b2fe/delta/c5e2bf0bef6dbf896ed99a4377d22a257cd4b83cdc79324b3957c392a42beeca_assets/ref-app/svg/membership-chevron-right-white.svg","212","NOT_FOUND"
"assets/ref-app/svg/membership-expired-bg.svg.svg","f89490bd1c8013685ae0f324f284787288d3c450395f3103d715840122f752da","orgs/6e9b9e3b-c6be-4991-b03b-cf1f1d2eab4a/apps/com.aaa.iphone.discounts.5fc6b2fe/delta/e94bde155629f12f4a9ae9a0748b798d7d72470b90448f8dd3ab948c6b9b01fd_assets/ref-app/svg/membership-expired-bg.svg.svg","458","NOT_FOUND"
"assets/ref-app/svg/membership-pending-bg.svg","35175560ac3520e20699275d7bb28da2f945a754b9f1526f4f7c6fc0f97013d5","orgs/6e9b9e3b-c6be-4991-b03b-cf1f1d2eab4a/apps/com.aaa.iphone.discounts.5fc6b2fe/delta/9be30330ddd60d829aa6f8742c6955f087f9c5ab6b56701e3a220f40c074a6cb_assets/ref-app/svg/membership-pending-bg.svg","458","NOT_FOUND"
"assets/ref-app/svg/menu-delete.svg","ad7f6648dd3cfc85667ec88903d3ca7c0af952aedf92bc5ab5096b84cc600cad","orgs/6e9b9e3b-c6be-4991-b03b-cf1f1d2eab4a/apps/com.aaa.iphone.discounts.5fc6b2fe/delta/42cf29f68767fd92529cf6591823d61b5d5f9fa89f5466ec234a393e3e893903_assets/ref-app/svg/menu-delete.svg","1638","NOT_FOUND"
"assets/ref-app/svg/menu-find-aaa.svg","e60ad66cb67aff2bef437dd980675bceaa3969c5a721c21636d706b2cc8d54c1","orgs/6e9b9e3b-c6be-4991-b03b-cf1f1d2eab4a/apps/com.aaa.iphone.discounts.5fc6b2fe/delta/8256c309a06e8ffe2a5e94e224e2cd2f2cb667960f8892bbd85a860c4ef2354f_assets/ref-app/svg/menu-find-aaa.svg","1050","NOT_FOUND"
"assets/ref-app/svg/menu-office.svg","530d6096fbddf2efe9bf8c8347dc6b78a28774ccc6e831f3b34a701464f19945","orgs/6e9b9e3b-c6be-4991-b03b-cf1f1d2eab4a/apps/com.aaa.iphone.discounts.5fc6b2fe/delta/24ccc990ef9dd03fb164cf1cd2a02d6ef92671cb2e2cd13888eb2bb831dc9fed_assets/ref-app/svg/menu-office.svg","310","NOT_FOUND"
"assets/ref-app/svg/menu-profile.svg","f619626c32b5e6de322491e36c8ab616a985c99ab0c2724b3e0292cdf12c2689","orgs/6e9b9e3b-c6be-4991-b03b-cf1f1d2eab4a/apps/com.aaa.iphone.discounts.5fc6b2fe/delta/a3ac85c0515ee8927395f80976966f0b03149365b43b9a3eda3bda2fbd973d51_assets/ref-app/svg/menu-profile.svg","832","NOT_FOUND"
"assets/ref-app/svg/menu-send-feedback.svg","48c7e42c1b68e887138a6ea5ffed4b0644a5675104f224edae3d6e6e4c945837","orgs/6e9b9e3b-c6be-4991-b03b-cf1f1d2eab4a/apps/com.aaa.iphone.discounts.5fc6b2fe/delta/5c6dec9f25508eb4c299bc43bf4fd8583dc56d342eb803f8f91553dc971dfbf9_assets/ref-app/svg/menu-send-feedback.svg","1526","NOT_FOUND"
"assets/ref-app/svg/menu-settings.svg","2d50a3872cf0833b7ae2a65fe224964d79ed8c23a6c6fac3a639242591868de4","orgs/6e9b9e3b-c6be-4991-b03b-cf1f1d2eab4a/apps/com.aaa.iphone.discounts.5fc6b2fe/delta/99452fefc8d335ffe72b289840f50ca45ecd28c6efa926812e6139b2e5d18eac_assets/ref-app/svg/menu-settings.svg","3266","NOT_FOUND"
"assets/ref-app/svg/menu-sign-out.svg","f55f4b14d83263cbf55f66f93cc69c91f29bff1df7c177b986e066778f8d7d2e","orgs/6e9b9e3b-c6be-4991-b03b-cf1f1d2eab4a/apps/com.aaa.iphone.discounts.5fc6b2fe/delta/afd4e29d16f766cf7ffe7567e4ae2817870ded232bf92c2aba804b44160319c2_assets/ref-app/svg/menu-sign-out.svg","1277","NOT_FOUND"
"assets/ref-app/svg/notifications-delete.svg","5f74f402f103e5bc7afefa4993c80150c576cd58b6833c14027a585eba7001d2","orgs/6e9b9e3b-c6be-4991-b03b-cf1f1d2eab4a/apps/com.aaa.iphone.discounts.5fc6b2fe/delta/9d6dbb086f099ce72fb0ba4a3b456e33f2bef5d915146627ad0133b9d7d13ed8_assets/ref-app/svg/notifications-delete.svg","1633","NOT_FOUND"
"assets/ref-app/svg/notifications-mark-as-read.svg","f950c25a82bcc3149cca0d75f21e31e823fc94e69e9c00474ea30344fc6a3eae","orgs/6e9b9e3b-c6be-4991-b03b-cf1f1d2eab4a/apps/com.aaa.iphone.discounts.5fc6b2fe/delta/e8423889055070fb63935bd5fa0ffc9f38cb65220e0fdc0cc64491aec451a040_assets/ref-app/svg/notifications-mark-as-read.svg","1150","NOT_FOUND"
"assets/ref-app/svg/notifications-mark-as-unread.svg","5c081c549e483f07935067f5b1282699bf382af08532ab25af4ea8173aefe759","orgs/6e9b9e3b-c6be-4991-b03b-cf1f1d2eab4a/apps/com.aaa.iphone.discounts.5fc6b2fe/delta/7c23896a9160afc675168d1d7cfe31b5b3090ea35fba7d6216fa7b45ce1a79f1_assets/ref-app/svg/notifications-mark-as-unread.svg","1320","NOT_FOUND"
"assets/ref-app/svg/notifications-read.svg","348f0c5ba03c82b5c79a61fb73e1953b26623062964351eb7e56664578918e19","orgs/6e9b9e3b-c6be-4991-b03b-cf1f1d2eab4a/apps/com.aaa.iphone.discounts.5fc6b2fe/delta/b12eec890dfa873ea164ff1f73dbc9c61d62e7ef26447b1252b1a22bb056745d_assets/ref-app/svg/notifications-read.svg","998","NOT_FOUND"
"assets/ref-app/svg/notifications-select-all.svg","54218381fa4c08a13ec001818eb710667280a275e437e87d8c8de96cf8941f42","orgs/6e9b9e3b-c6be-4991-b03b-cf1f1d2eab4a/apps/com.aaa.iphone.discounts.5fc6b2fe/delta/29d891dc2d7baefacf5506d9c1ca7062d563fff8e9331d02c451ecbc12788f77_assets/ref-app/svg/notifications-select-all.svg","267","NOT_FOUND"
"assets/ref-app/svg/notifications-unread.svg","f576cdae66eb58eee07f0066e6c0fae361a0971f64e6ee5fbcd65f4f7390bece","orgs/6e9b9e3b-c6be-4991-b03b-cf1f1d2eab4a/apps/com.aaa.iphone.discounts.5fc6b2fe/delta/17131701c75405914eb4e62bb377ce8d18e7c2611074ec5f64bb930973b21dd3_assets/ref-app/svg/notifications-unread.svg","1044","NOT_FOUND"
"assets/ref-app/svg/poi-error-default.svg","09ed32eaa834f7d02acff9965a1b13c589485601c13ea5c63d94779f91de819c","orgs/6e9b9e3b-c6be-4991-b03b-cf1f1d2eab4a/apps/com.aaa.iphone.discounts.5fc6b2fe/delta/ad0bb5eb95b3705a959de9b0133ff58074c80c39984b0c6e625fe3a091b0597a_assets/ref-app/svg/poi-error-default.svg","353","NOT_FOUND"
"assets/ref-app/svg/poi-error-location.svg","ffb057024a6320c86c1599f0a78431ad6ced9c860d4e13eb8fe41f9e8dfd6a72","orgs/6e9b9e3b-c6be-4991-b03b-cf1f1d2eab4a/apps/com.aaa.iphone.discounts.5fc6b2fe/delta/8a80249aa9b114bfb469146a07d7e2abeffe3ce93ef68a4251b419d95f219a5c_assets/ref-app/svg/poi-error-location.svg","953","NOT_FOUND"
"assets/ref-app/svg/poi-error-network.svg","6e3d4fea8e16fea32ce4a261e0f96f1e33dbe68a93f08f345cfcd9ecea5968cf","orgs/6e9b9e3b-c6be-4991-b03b-cf1f1d2eab4a/apps/com.aaa.iphone.discounts.5fc6b2fe/delta/f9ecdaa46b362d592fa3d26a99fb2fc7c9eea5c24fe4be0259200b1031c889a8_assets/ref-app/svg/poi-error-network.svg","750","NOT_FOUND"
"assets/ref-app/svg/poi-map-header-ellipse.svg","be19a08df467781b125b6e11542777a0a5803a49ffefd241548e4504dc69c847","orgs/6e9b9e3b-c6be-4991-b03b-cf1f1d2eab4a/apps/com.aaa.iphone.discounts.5fc6b2fe/delta/c0d6004deb2ef9172152a9e9f401063e3e4defc51f5952292bc509519054be0d_assets/ref-app/svg/poi-map-header-ellipse.svg","150","NOT_FOUND"
"assets/ref-app/svg/poi-map-header-marker.svg","f2376d47e27a693fe01b967520887f6091614423516be71f96cd8408ead36fc8","orgs/6e9b9e3b-c6be-4991-b03b-cf1f1d2eab4a/apps/com.aaa.iphone.discounts.5fc6b2fe/delta/87f33a36cc52902f8493e68ee004a1143ce6be0d277a889909a020179da1b3f9_assets/ref-app/svg/poi-map-header-marker.svg","1085","NOT_FOUND"
"assets/ref-app/svg/poi-map-header-position.svg","2cf17720da8f21afc1b4234c97e8a83a3a885d4853ebb1c760189f10d0b82bb3","orgs/6e9b9e3b-c6be-4991-b03b-cf1f1d2eab4a/apps/com.aaa.iphone.discounts.5fc6b2fe/delta/4f9fae721d4aee81804a11d680405f550618b5a5bd4481313ba1be94eb8d17dc_assets/ref-app/svg/poi-map-header-position.svg","504","NOT_FOUND"
"assets/ref-app/svg/poi-map-hide.svg","ca3bee0afa70529627fc1a6cb1d329891d5a3765183fbd02f5f43ee452136b0b","orgs/6e9b9e3b-c6be-4991-b03b-cf1f1d2eab4a/apps/com.aaa.iphone.discounts.5fc6b2fe/delta/47d3a5c61ea06d943ff82380e20cd2815ddfb00ee17afc6193103737beb4de78_assets/ref-app/svg/poi-map-hide.svg","713","NOT_FOUND"
"assets/ref-app/svg/poi-map-item-aaa.svg","94b53eeac6b223077cae1487418b8c069c913d3a424b046c263f9723cede38f7","orgs/6e9b9e3b-c6be-4991-b03b-cf1f1d2eab4a/apps/com.aaa.iphone.discounts.5fc6b2fe/delta/4b45083c4489aef08f169b84aa331c9198d2cd3913797b6346fe0b6f225ed0e6_assets/ref-app/svg/poi-map-item-aaa.svg","2584","NOT_FOUND"
"assets/ref-app/svg/poi-map-item-access-private.svg","80318f81233c3ae022070d830570a5623444d468a8062656be50b741621bfefb","orgs/6e9b9e3b-c6be-4991-b03b-cf1f1d2eab4a/apps/com.aaa.iphone.discounts.5fc6b2fe/delta/d251be8463014b33ba09d3b78989c2b23d100329723b676907d63e835c8b5ecc_assets/ref-app/svg/poi-map-item-access-private.svg","1138","NOT_FOUND"
"assets/ref-app/svg/poi-map-item-access.svg","c4274473ef071596b42359eeb0dfb4903b22edeccda7b08e861a33835dc42702","orgs/6e9b9e3b-c6be-4991-b03b-cf1f1d2eab4a/apps/com.aaa.iphone.discounts.5fc6b2fe/delta/5031e0f9db8eb34e84673fab3f7919cc13832e30c5c725e15bc7d81810f0da82_assets/ref-app/svg/poi-map-item-access.svg","1411","NOT_FOUND"
"assets/ref-app/svg/poi-map-item-appointment.svg","79663e98acb783cd6e87632698dcde6559cef086d1cccbd1bd43d9f3f9ac334e","orgs/6e9b9e3b-c6be-4991-b03b-cf1f1d2eab4a/apps/com.aaa.iphone.discounts.5fc6b2fe/delta/7d0fbe60fcff15f328bd16c4c702b7e189b649431f89df65a273b63f6b4a0dbe_assets/ref-app/svg/poi-map-item-appointment.svg","782","NOT_FOUND"
"assets/ref-app/svg/poi-map-item-battery.svg","c2b768cbddaa882a804dc4a10ed6eb8005d99e9a7d2a0700187b9e9437bbf18e","orgs/6e9b9e3b-c6be-4991-b03b-cf1f1d2eab4a/apps/com.aaa.iphone.discounts.5fc6b2fe/delta/5e48be6ef4b60f3d2c9ce3efae4d6fed83afb06a3b71b5cc419547ebe77189b7_assets/ref-app/svg/poi-map-item-battery.svg","543","NOT_FOUND"
"assets/ref-app/svg/poi-map-item-bolt.svg","fd2babc00f0c22a4c7a8819b249323929a2569a10eea5bd71f6394896ca79e8f","orgs/6e9b9e3b-c6be-4991-b03b-cf1f1d2eab4a/apps/com.aaa.iphone.discounts.5fc6b2fe/delta/e8889a9496af37a8999ec381f1b4399f46bd4102b046010e5efe7b5a5d147559_assets/ref-app/svg/poi-map-item-bolt.svg","277","NOT_FOUND"
"assets/ref-app/svg/poi-map-item-connector-ccs1.svg","9670318f6c90d3ea98843624eefd1f3e3f1e963eb37ba7212cbed9ec2cc982e9","orgs/6e9b9e3b-c6be-4991-b03b-cf1f1d2eab4a/apps/com.aaa.iphone.discounts.5fc6b2fe/delta/ed2ab9d34c6fe4aaf32f94813acdaca673aac7dfa85469b954f769438cf5f198_assets/ref-app/svg/poi-map-item-connector-ccs1.svg","1032","NOT_FOUND"
"assets/ref-app/svg/poi-map-item-connector-ccs2.svg","8a37611877837a548cdd58cbefaf9aee15454eb91f748ab48e8b51dc83b156b9","orgs/6e9b9e3b-c6be-4991-b03b-cf1f1d2eab4a/apps/com.aaa.iphone.discounts.5fc6b2fe/delta/e88b58a238a6a35d4ee8e462638238ec48d4b22e70dcb431b0f8deea8d3445e1_assets/ref-app/svg/poi-map-item-connector-ccs2.svg","1297","NOT_FOUND"
"assets/ref-app/svg/poi-map-item-connector-chademo.svg","6d928b4468c1ef38409ad22bb46bdfbd60ed923df869d006997e00bc5523cd70","orgs/6e9b9e3b-c6be-4991-b03b-cf1f1d2eab4a/apps/com.aaa.iphone.discounts.5fc6b2fe/delta/d2ea61298b85f46a34406d88398f553a4fa3fb68fe3692c33142f88b02966fa7_assets/ref-app/svg/poi-map-item-connector-chademo.svg","1122","NOT_FOUND"
"assets/ref-app/svg/poi-map-item-connector-domestic.svg","a65ae3a49fd84a2436b552c8cda0a9493e31c49dab8e5faed40c3f5550b2007b","orgs/6e9b9e3b-c6be-4991-b03b-cf1f1d2eab4a/apps/com.aaa.iphone.discounts.5fc6b2fe/delta/ce3fb20dad827e3630b22d5aca38fbccb8b1af7ae42eb1f659a6532ad2ae3be2_assets/ref-app/svg/poi-map-item-connector-domestic.svg","291","NOT_FOUND"
"assets/ref-app/svg/poi-map-item-connector-tesla.svg","53dc56ad058b627eeffe37fb4f38346956f373be6c070476a1be3d1561f6b353","orgs/6e9b9e3b-c6be-4991-b03b-cf1f1d2eab4a/apps/com.aaa.iphone.discounts.5fc6b2fe/delta/50a07ee986a4f3cc197fde014792c8cebac26bb543ceca44db0b288fd6a84264_assets/ref-app/svg/poi-map-item-connector-tesla.svg","1025","NOT_FOUND"
"assets/ref-app/svg/poi-map-item-connector-type1.svg","eb85a43f1aeb0adc3aad916dd515ddb1b6076ee61d9466fd4ef6bccd4613d448","orgs/6e9b9e3b-c6be-4991-b03b-cf1f1d2eab4a/apps/com.aaa.iphone.discounts.5fc6b2fe/delta/02a862436a2da9940d940fa4c0f7774e2457038d698b7726038bc19197b0a176_assets/ref-app/svg/poi-map-item-connector-type1.svg","622","NOT_FOUND"
"assets/ref-app/svg/poi-map-item-connector-type2.svg","d56157e2ee6041571d341af90e2018ea1afcb3f5d15a7a0af1a398b31e81ff92","orgs/6e9b9e3b-c6be-4991-b03b-cf1f1d2eab4a/apps/com.aaa.iphone.discounts.5fc6b2fe/delta/4cce3bbc43c453ba76a072348a8d49b4d817b688e1b3a28d4565d92a5a5d5465_assets/ref-app/svg/poi-map-item-connector-type2.svg","824","NOT_FOUND"
"assets/ref-app/svg/poi-map-item-connector.svg","e6918f0ea03d528b56c1d560a777d9602bd8008099a88c820e62feca827ca903","orgs/6e9b9e3b-c6be-4991-b03b-cf1f1d2eab4a/apps/com.aaa.iphone.discounts.5fc6b2fe/delta/78fe60b096d2ee4d32055766e90138dfa926ef63e342b015e59e24ed5c0236dd_assets/ref-app/svg/poi-map-item-connector.svg","744","NOT_FOUND"
"assets/ref-app/svg/poi-map-item-direction.svg","e73970ad73ce221c861321ed4f6a4e07ef2d9d1a1d581e0d3dbb2024bcc2c984","orgs/6e9b9e3b-c6be-4991-b03b-cf1f1d2eab4a/apps/com.aaa.iphone.discounts.5fc6b2fe/delta/95c7a63bfe70a98ca7bee071e2db7b4d484ae55b403571bee110ee83611f782b_assets/ref-app/svg/poi-map-item-direction.svg","1358","NOT_FOUND"
"assets/ref-app/svg/poi-map-item-discount-reward.svg.br","318027e2de2c96618d7ac69007418981e4432c722c02eb4595f91ac0836ebf5b","orgs/6e9b9e3b-c6be-4991-b03b-cf1f1d2eab4a/apps/com.aaa.iphone.discounts.5fc6b2fe/delta/cf1f5cb980830e03d72b89f117825452f181767fb93d9410cf81202a64965d14_assets/ref-app/svg/poi-map-item-discount-reward.svg.br","3191","NOT_FOUND"
"assets/ref-app/svg/poi-map-item-discount.svg","1449010858a97ac293b3821c3556b519c876728ca4affb99916dd1bcb664852f","orgs/6e9b9e3b-c6be-4991-b03b-cf1f1d2eab4a/apps/com.aaa.iphone.discounts.5fc6b2fe/delta/fb2581e9182574761d649da9e64346f179c832ec3b7b38bd7feab329ace629da_assets/ref-app/svg/poi-map-item-discount.svg","1179","NOT_FOUND"
"assets/ref-app/svg/poi-map-item-location.svg","cd4010eb0cc34da162bed2ede41ee065ed27f098ed705ab238753a8e588de826","orgs/6e9b9e3b-c6be-4991-b03b-cf1f1d2eab4a/apps/com.aaa.iphone.discounts.5fc6b2fe/delta/3a0cf4f2684561387d00e5dba362796a8421f15bb1fdd80f75ac4f9788458691_assets/ref-app/svg/poi-map-item-location.svg","1212","NOT_FOUND"
"assets/ref-app/svg/poi-map-item-phone.svg","e162a40cbfcdbf5d5c736292f8c4e1579964e3119a0edbcf43e9af232c14cfe6","orgs/6e9b9e3b-c6be-4991-b03b-cf1f1d2eab4a/apps/com.aaa.iphone.discounts.5fc6b2fe/delta/f5fc068be085109d838087d403e4d560558f5cf8e95c2bd1ae41ba2f25563cf9_assets/ref-app/svg/poi-map-item-phone.svg","1828","NOT_FOUND"
"assets/ref-app/svg/poi-map-item-services.svg","07382bfe19488d7907e24b30ab87eeaff8a9d594293169b86c9013542e817f84","orgs/6e9b9e3b-c6be-4991-b03b-cf1f1d2eab4a/apps/com.aaa.iphone.discounts.5fc6b2fe/delta/af243fc16a599ecebcc83ed02fa4089b0619f019595f676881ca4590c28cf1fb_assets/ref-app/svg/poi-map-item-services.svg","1291","NOT_FOUND"
"assets/ref-app/svg/poi-map-item-user.svg","a7d48932c0cfb91e5b2cbe0224ebf674e1ddac243b7ea873471352056d1535b2","orgs/6e9b9e3b-c6be-4991-b03b-cf1f1d2eab4a/apps/com.aaa.iphone.discounts.5fc6b2fe/delta/bbfdd377d0d1e52ca8f6339e134c85a1930b7a6375fcd9d4b2c952ab91799251_assets/ref-app/svg/poi-map-item-user.svg","590","NOT_FOUND"
"assets/ref-app/svg/poi-map-logo-toptier.svg.br","37ab9d581607d22c56deda04ce8cacdb0e25a6852c99194bd738ebf788416abb","orgs/6e9b9e3b-c6be-4991-b03b-cf1f1d2eab4a/apps/com.aaa.iphone.discounts.5fc6b2fe/delta/a4ceaa4b4464996213d355b8a1591bbcd047021a079d3455a94e758ab1b09295_assets/ref-app/svg/poi-map-logo-toptier.svg.br","8295","NOT_FOUND"
"assets/ref-app/svg/poi-map-marker-aar-selected.svg","9c7dc6a6448f41ae3b200db072aeb9deeb1d8d19b01c6341281da850d1314d87","orgs/6e9b9e3b-c6be-4991-b03b-cf1f1d2eab4a/apps/com.aaa.iphone.discounts.5fc6b2fe/delta/062a446d4c714c206ceae76e61621589f60cb731fbe11b2d46ccf49200ae6835_assets/ref-app/svg/poi-map-marker-aar-selected.svg","1266","NOT_FOUND"
"assets/ref-app/svg/poi-map-marker-aar.svg","d7c645415ecd6abacd56679c2a0bd8f101f2d80b7c7fc648402f5f60e51b826d","orgs/6e9b9e3b-c6be-4991-b03b-cf1f1d2eab4a/apps/com.aaa.iphone.discounts.5fc6b2fe/delta/1ff13ea62722a21d1f94926860d1708e00a909fa214816a6ae761ca84c191dfa_assets/ref-app/svg/poi-map-marker-aar.svg","1161","NOT_FOUND"
"assets/ref-app/svg/poi-map-marker-attractions-selected.svg","4462095cc7dea8514b417ab04aa143c76ee848885e5513be4393def2430d3d67","orgs/6e9b9e3b-c6be-4991-b03b-cf1f1d2eab4a/apps/com.aaa.iphone.discounts.5fc6b2fe/delta/6e412544967318f13af7e4912299f221f65271709bd712854fd1f0fdeb993133_assets/ref-app/svg/poi-map-marker-attractions-selected.svg","2839","NOT_FOUND"
"assets/ref-app/svg/poi-map-marker-attractions.svg","446e484e8a198ff4214db302f3f1364e63905a8ddd733b720d2cd496c0c9f950","orgs/6e9b9e3b-c6be-4991-b03b-cf1f1d2eab4a/apps/com.aaa.iphone.discounts.5fc6b2fe/delta/c4004355159ec417b0757b706595796f5d1a5ebbad91fcbb41759ea84f85706b_assets/ref-app/svg/poi-map-marker-attractions.svg","2739","NOT_FOUND"
"assets/ref-app/svg/poi-map-marker-automotive-selected.svg","9d3c6cc7d6c7449dc0636ba8522ca61816ef5887c6920deceb521e9a5d5545c4","orgs/6e9b9e3b-c6be-4991-b03b-cf1f1d2eab4a/apps/com.aaa.iphone.discounts.5fc6b2fe/delta/6fa57c41b9e31131bad9aae4c998d9eb0632fccc0ddfd42d659fdda660afbd38_assets/ref-app/svg/poi-map-marker-automotive-selected.svg","3125","NOT_FOUND"
"assets/ref-app/svg/poi-map-marker-automotive.svg","8fb0fb1c7d7061704a18216e49d120076d48b726017483ae1c5beeda6157dfd0","orgs/6e9b9e3b-c6be-4991-b03b-cf1f1d2eab4a/apps/com.aaa.iphone.discounts.5fc6b2fe/delta/f72975c075ca94a6f865fc3efe8674e590da7bdd71c4a216b3218e6f04a0983f_assets/ref-app/svg/poi-map-marker-automotive.svg","2972","NOT_FOUND"
"assets/ref-app/svg/poi-map-marker-dining-selected.svg","911c1eb4824ea537d69c36707bac4672d04d6664a5cc50b994ebcda4cc0283d2","orgs/6e9b9e3b-c6be-4991-b03b-cf1f1d2eab4a/apps/com.aaa.iphone.discounts.5fc6b2fe/delta/056551960df7be63a41339cb2356376da275892ed93cedba70a181aa8c0f50ff_assets/ref-app/svg/poi-map-marker-dining-selected.svg","2740","NOT_FOUND"
"assets/ref-app/svg/poi-map-marker-dining.svg","1ba1a4e06e775ace1d3bdbf0059c15d8882918c095c8b1bb2654cd29bbde2e49","orgs/6e9b9e3b-c6be-4991-b03b-cf1f1d2eab4a/apps/com.aaa.iphone.discounts.5fc6b2fe/delta/f6d94b9a12d243fb51845f3b290250187670c1f950a3bb242cf0782b82b08568_assets/ref-app/svg/poi-map-marker-dining.svg","2636","NOT_FOUND"
"assets/ref-app/svg/poi-map-marker-evcs-selected.svg","17f9490e351fe76d959da035c988f14971402fbcd709de76905681d59ebcd6a7","orgs/6e9b9e3b-c6be-4991-b03b-cf1f1d2eab4a/apps/com.aaa.iphone.discounts.5fc6b2fe/delta/f094cca4e6a9c503d9eda139a4b03de92f08d6faf2247000e8b1fc616f7b8876_assets/ref-app/svg/poi-map-marker-evcs-selected.svg","2358","NOT_FOUND"
"assets/ref-app/svg/poi-map-marker-evcs.svg","e534cff876f6e0bb9844e71dc885a314f857831bdafd048b0c423c879ce763e9","orgs/6e9b9e3b-c6be-4991-b03b-cf1f1d2eab4a/apps/com.aaa.iphone.discounts.5fc6b2fe/delta/fdd32245924ab9ca9a9d9d50cd9dedf8a18bc3ac3323abfc82e22adc32f952cd_assets/ref-app/svg/poi-map-marker-evcs.svg","2258","NOT_FOUND"
"assets/ref-app/svg/poi-map-marker-finance-selected.svg","91a5c1c9ab0c417f6c91c0d07afa7974d34b6671bd9e97e9ab5ecb11618703b1","orgs/6e9b9e3b-c6be-4991-b03b-cf1f1d2eab4a/apps/com.aaa.iphone.discounts.5fc6b2fe/delta/4c249f012da686843190ce1c871d10c5f5f8a6359cc7faebdd55aaef2173969b_assets/ref-app/svg/poi-map-marker-finance-selected.svg","3325","NOT_FOUND"
"assets/ref-app/svg/poi-map-marker-finance.svg","7e233ba8139e9c67cb0cc4f6aa0ca834c1f08755c43bf5e5e1ba5d5d86f72662","orgs/6e9b9e3b-c6be-4991-b03b-cf1f1d2eab4a/apps/com.aaa.iphone.discounts.5fc6b2fe/delta/bd5e4aab3260e458dd876d3f0ab4c363251095af9d6fb17328515ba3a4b6514b_assets/ref-app/svg/poi-map-marker-finance.svg","3242","NOT_FOUND"
"assets/ref-app/svg/poi-map-marker-fuel-cheapest.svg","6552c1292f9ea59a13721bd6a836a68299053e0a636ebe898283916bab258b0a","orgs/6e9b9e3b-c6be-4991-b03b-cf1f1d2eab4a/apps/com.aaa.iphone.discounts.5fc6b2fe/delta/c15c4bc366352c7778344c559c45adddc6a690b54686ab5cb6032c3058433bb5_assets/ref-app/svg/poi-map-marker-fuel-cheapest.svg","1806","NOT_FOUND"
"assets/ref-app/svg/poi-map-marker-fuel-selected.svg","2f7a3e4668e2f07caaf1c53d76a2187fc579359635c3da43b4c77c6fd04f09ff","orgs/6e9b9e3b-c6be-4991-b03b-cf1f1d2eab4a/apps/com.aaa.iphone.discounts.5fc6b2fe/delta/3ddb094d5be450158efc99b0827171e8427fc5013b5dbfcc30b4b2e142106ab4_assets/ref-app/svg/poi-map-marker-fuel-selected.svg","1907","NOT_FOUND"
"assets/ref-app/svg/poi-map-marker-fuel.svg","2fc43f628696958cd55e64600578889841ba0bd4f65d9095c0b70622cd79f898","orgs/6e9b9e3b-c6be-4991-b03b-cf1f1d2eab4a/apps/com.aaa.iphone.discounts.5fc6b2fe/delta/3b79bf586ca98153482e19a93ca81efb8311002a531bd29f8e6bafdd8b544dd1_assets/ref-app/svg/poi-map-marker-fuel.svg","2953","NOT_FOUND"
"assets/ref-app/svg/poi-map-marker-health-beauty-selected.svg","a748fe786ff8940dcddeebffe70772b5c3bcd8c23809f3b5e8b332428f7a1181","orgs/6e9b9e3b-c6be-4991-b03b-cf1f1d2eab4a/apps/com.aaa.iphone.discounts.5fc6b2fe/delta/aff7c62c325283b4bdea3af3cacb3dab3c160410b8f0c6fa10960fc05ad5e82e_assets/ref-app/svg/poi-map-marker-health-beauty-selected.svg","2032","NOT_FOUND"
"assets/ref-app/svg/poi-map-marker-health-beauty.svg","a3850ee0c0196c9f52649c5620a4a52f0c08fe8f9845f9957fb92ee57fe68993","orgs/6e9b9e3b-c6be-4991-b03b-cf1f1d2eab4a/apps/com.aaa.iphone.discounts.5fc6b2fe/delta/602577e3230eb5133e8704ba24efab532de8f8ecf36837fe126faeeaf7fd2d10_assets/ref-app/svg/poi-map-marker-health-beauty.svg","1932","NOT_FOUND"
"assets/ref-app/svg/poi-map-marker-home-business-selected.svg","1f5911de06b44ca4c16cffaa9d88579f52841969446cdf643206d3bc61711f18","orgs/6e9b9e3b-c6be-4991-b03b-cf1f1d2eab4a/apps/com.aaa.iphone.discounts.5fc6b2fe/delta/a4ce3a54cbec2b64bd46228caafdcd2162395121a3e3312737eeb2b829683e0c_assets/ref-app/svg/poi-map-marker-home-business-selected.svg","3046","NOT_FOUND"
"assets/ref-app/svg/poi-map-marker-home-business.svg","b2fa27550a887e86de18302dca495abbd6b5992b63e607c5ee8dcf87154b204b","orgs/6e9b9e3b-c6be-4991-b03b-cf1f1d2eab4a/apps/com.aaa.iphone.discounts.5fc6b2fe/delta/0e63d9a2d3f273171309c6f6481a29988b19b093e1f8086902e9e07f1c448ebb_assets/ref-app/svg/poi-map-marker-home-business.svg","2954","NOT_FOUND"
"assets/ref-app/svg/poi-map-marker-insurance-selected.svg","120e81bd0bd86531d93cfe1cc732b148f7773d88a7a6ff20c5976ce4136dfe30","orgs/6e9b9e3b-c6be-4991-b03b-cf1f1d2eab4a/apps/com.aaa.iphone.discounts.5fc6b2fe/delta/c0f3c599b50f183385bdf7e28ff0aabf3b5119fdb1cb20e58bb43dd814c1814a_assets/ref-app/svg/poi-map-marker-insurance-selected.svg","2534","NOT_FOUND"
"assets/ref-app/svg/poi-map-marker-insurance.svg","56965332c214923672796435ed106d2087d7872d0dbd997cea8fb5675d07aa7e","orgs/6e9b9e3b-c6be-4991-b03b-cf1f1d2eab4a/apps/com.aaa.iphone.discounts.5fc6b2fe/delta/98948e09999cf181177b8626e3ed9c5a1fca2a824b74e7184df826b871062ce2_assets/ref-app/svg/poi-map-marker-insurance.svg","2429","NOT_FOUND"
"assets/ref-app/svg/poi-map-marker-office-selected.svg","2c75365f2dfdb18bacb6c88c3272a4aea8158f6335146dcc49eace1324d2faa7","orgs/6e9b9e3b-c6be-4991-b03b-cf1f1d2eab4a/apps/com.aaa.iphone.discounts.5fc6b2fe/delta/4553b7eae1d2c7e11d037fa7c3f0115546a462c726fe60925fa4eebea01c2ff5_assets/ref-app/svg/poi-map-marker-office-selected.svg","1998","NOT_FOUND"
"assets/ref-app/svg/poi-map-marker-office.svg","0413f18ee419d6f0e03ac6bb2c39b583a1659628db700fd463c92e2cc03941cb","orgs/6e9b9e3b-c6be-4991-b03b-cf1f1d2eab4a/apps/com.aaa.iphone.discounts.5fc6b2fe/delta/09ac2cb12e2e73ffd4ccc50f6c8d629d2010e3692ab717425a654915acabd4b5_assets/ref-app/svg/poi-map-marker-office.svg","1908","NOT_FOUND"
"assets/ref-app/svg/poi-map-marker-personal-services-selected.svg","b36b5c8ff3496c612581a614477544a8eaa5b5f6d675db3c83a637ab67bc12ce","orgs/6e9b9e3b-c6be-4991-b03b-cf1f1d2eab4a/apps/com.aaa.iphone.discounts.5fc6b2fe/delta/05c9445f1921dc23e6f5bcc7066c9bd413312082ffe3fe2032ea7fd65e62f94a_assets/ref-app/svg/poi-map-marker-personal-services-selected.svg","3089","NOT_FOUND"
"assets/ref-app/svg/poi-map-marker-personal-services.svg","65c58f5316f6439cd74dbacda1ad2759ba3e569f74eb6df2981ec4d5f4bc6d29","orgs/6e9b9e3b-c6be-4991-b03b-cf1f1d2eab4a/apps/com.aaa.iphone.discounts.5fc6b2fe/delta/63c927ec23689449a80a22d931a539d937c8eca4a6b6df8338d6b6ac7f791c40_assets/ref-app/svg/poi-map-marker-personal-services.svg","2995","NOT_FOUND"
"assets/ref-app/svg/poi-map-marker-shopping-selected.svg","62b18f95bc0720c0aefd0883c339b10142729b6e5a5480d91598585e52d84b90","orgs/6e9b9e3b-c6be-4991-b03b-cf1f1d2eab4a/apps/com.aaa.iphone.discounts.5fc6b2fe/delta/220974e55cafc7a396e13858c64957f0e3aea88ed2f4dd30960c5ea129619990_assets/ref-app/svg/poi-map-marker-shopping-selected.svg","5914","NOT_FOUND"
"assets/ref-app/svg/poi-map-marker-shopping.svg","ec073b1f1f3fffedcc454e6007eab2e85b0fbd67d75e05c6f0d14a8b3d46b182","orgs/6e9b9e3b-c6be-4991-b03b-cf1f1d2eab4a/apps/com.aaa.iphone.discounts.5fc6b2fe/delta/6282bd25833666af50176adf62dcfe5292d8f3784a81efbb8a55e2e9dea4708a_assets/ref-app/svg/poi-map-marker-shopping.svg","5828","NOT_FOUND"
"assets/ref-app/svg/poi-map-marker-travel-selected.svg","29e211c9ede7ac0a34b2ce4417cabc95cd60d91f812bdba6d1c5c86dc5c0d06b","orgs/6e9b9e3b-c6be-4991-b03b-cf1f1d2eab4a/apps/com.aaa.iphone.discounts.5fc6b2fe/delta/86cdab5e4d903fb9e0b369c60470ce57e48ce194cfa6f32c5bd25b1e28092c8f_assets/ref-app/svg/poi-map-marker-travel-selected.svg","1550","NOT_FOUND"
"assets/ref-app/svg/poi-map-marker-travel.svg","71287d41cfa073e3bf83fe44769c3dcf3f83db7346a8560f1cbae38b6eadeff7","orgs/6e9b9e3b-c6be-4991-b03b-cf1f1d2eab4a/apps/com.aaa.iphone.discounts.5fc6b2fe/delta/ec37c8f22a5cc9de9b384314b3b46a6f5b529708ce98f16fccddb3fef1a34e92_assets/ref-app/svg/poi-map-marker-travel.svg","1645","NOT_FOUND"
"assets/ref-app/svg/poi-map-no-route.svg","78342b8433153bc18a1c7e346d3693d3b434d81ccc82cda1705312c02b1e68d1","orgs/6e9b9e3b-c6be-4991-b03b-cf1f1d2eab4a/apps/com.aaa.iphone.discounts.5fc6b2fe/delta/e4cc02b6671864963826dae1097d1a91c053955ba589ba55120615cd1996d08e_assets/ref-app/svg/poi-map-no-route.svg","1128","NOT_FOUND"
"assets/ref-app/svg/poi-map-peferences-icon.svg","e681303b55974ad85cf2b6a4da018a7f07954b151819ed18bb05921f3ed3537a","orgs/6e9b9e3b-c6be-4991-b03b-cf1f1d2eab4a/apps/com.aaa.iphone.discounts.5fc6b2fe/delta/56c193ef118b89593af157ba51b7113d4c2cc631d3c0b28ea227c709dae17f55_assets/ref-app/svg/poi-map-peferences-icon.svg","500","NOT_FOUND"
"assets/ref-app/svg/poi-map-route-pin.svg","66c8453b2e1603422368235d99ec5f1431996abf89d26022b79fa6796922d128","orgs/6e9b9e3b-c6be-4991-b03b-cf1f1d2eab4a/apps/com.aaa.iphone.discounts.5fc6b2fe/delta/65bb6c947294f7e0cd4eade0654e83c68f4d93947d66d1b208d359a55750cb43_assets/ref-app/svg/poi-map-route-pin.svg","1254","NOT_FOUND"
"assets/ref-app/svg/poi-map-show.svg","5fedfc79e7d35080138a57587c5e7c320a44c46db1eedc186da3f3585ae75237","orgs/6e9b9e3b-c6be-4991-b03b-cf1f1d2eab4a/apps/com.aaa.iphone.discounts.5fc6b2fe/delta/fc1428a9c2f98721f16cb41065fbc8a818d90a193596ed56bc67a4b485398a83_assets/ref-app/svg/poi-map-show.svg","567","NOT_FOUND"
"assets/ref-app/svg/poi-map-types-aar-button.svg","d2d1babc34381a964c7bf76675bc9de6493fcfdea0b8f1297a3f0c23f5c7f657","orgs/6e9b9e3b-c6be-4991-b03b-cf1f1d2eab4a/apps/com.aaa.iphone.discounts.5fc6b2fe/delta/1a4e7009669168f7dccfcde91911106bf5900c8c1f834be74b7054b65713d723_assets/ref-app/svg/poi-map-types-aar-button.svg","614","NOT_FOUND"
"assets/ref-app/svg/poi-map-types-aar.svg","239dc66c0c362fcb046cc8a61a4a06aeb1a30dc4737d65c4598121cc799fe49e","orgs/6e9b9e3b-c6be-4991-b03b-cf1f1d2eab4a/apps/com.aaa.iphone.discounts.5fc6b2fe/delta/a13a91175706598534c54a9bbde403d62e733d41cc52466ba142de316c8ff66a_assets/ref-app/svg/poi-map-types-aar.svg","662","NOT_FOUND"
"assets/ref-app/svg/poi-map-types-all-button.svg","37cd46a07a0e158aa4752094d17c6cc6f0e8a52c75a24614b3d27c37944569b6","orgs/6e9b9e3b-c6be-4991-b03b-cf1f1d2eab4a/apps/com.aaa.iphone.discounts.5fc6b2fe/delta/f49c97de62eecd59087a81d35a3f3809724792ced932e84cd6d3d00d2fdf03da_assets/ref-app/svg/poi-map-types-all-button.svg","1291","NOT_FOUND"
"assets/ref-app/svg/poi-map-types-all.svg","e3bf6f14bdb808d8a107eab26f27c6a6e00f6aece23d4dfc8a140f8b46eb151c","orgs/6e9b9e3b-c6be-4991-b03b-cf1f1d2eab4a/apps/com.aaa.iphone.discounts.5fc6b2fe/delta/0b7d8bbe99c9e75e01fb8086ee138f2a19f7a8b1797930e61987ee0de5416b26_assets/ref-app/svg/poi-map-types-all.svg","1294","NOT_FOUND"
"assets/ref-app/svg/poi-map-types-discounts-button.svg","dd154e3321ee217b0d072ca2dda982ce3c12bd31c31bf2ad0cf97283474d3127","orgs/6e9b9e3b-c6be-4991-b03b-cf1f1d2eab4a/apps/com.aaa.iphone.discounts.5fc6b2fe/delta/906bbed704e613021744c34b666b6238a6e2b9685a270a8c7adec3a113ef5e60_assets/ref-app/svg/poi-map-types-discounts-button.svg","1017","NOT_FOUND"
"assets/ref-app/svg/poi-map-types-discounts.svg","76b8636fa73b02581d92104a27ad136d28d52b0510f0e6b16d1002aeadc0e6ed","orgs/6e9b9e3b-c6be-4991-b03b-cf1f1d2eab4a/apps/com.aaa.iphone.discounts.5fc6b2fe/delta/4003f19683f2e7aaae88a168cb92e32adac00afa037d7efceb99d584b1fb7fc6_assets/ref-app/svg/poi-map-types-discounts.svg","1133","NOT_FOUND"
"assets/ref-app/svg/poi-map-types-evcs-button.svg","e08bb3ab748e1711fbc86d3070a1df6344ab47ed5d35fc8b351c571f2efcaad4","orgs/6e9b9e3b-c6be-4991-b03b-cf1f1d2eab4a/apps/com.aaa.iphone.discounts.5fc6b2fe/delta/3a277e3368fa4ea7f254d73e75f1b715cdfb25941bb929b570397b2f067169a3_assets/ref-app/svg/poi-map-types-evcs-button.svg","1732","NOT_FOUND"
"assets/ref-app/svg/poi-map-types-evcs.svg","2999b46ac52c5aaea235dc15fa8186df20894ec3abc63804c525793fbf0603bb","orgs/6e9b9e3b-c6be-4991-b03b-cf1f1d2eab4a/apps/com.aaa.iphone.discounts.5fc6b2fe/delta/031960399a8f68c05d91142066473fb05337d8d956e7d33393fccc6a99ff2fd7_assets/ref-app/svg/poi-map-types-evcs.svg","1785","NOT_FOUND"
"assets/ref-app/svg/poi-map-types-fuel-button.svg","0fc2ee279c86f8f9184aab5fb9b87f60290430da8b1c8de604fdc925eccb5746","orgs/6e9b9e3b-c6be-4991-b03b-cf1f1d2eab4a/apps/com.aaa.iphone.discounts.5fc6b2fe/delta/c63cc9fa4c809a29b9b38ea0ae1361b6bb4540f72ce5f5a49b47d5b5f39c2404_assets/ref-app/svg/poi-map-types-fuel-button.svg","1207","NOT_FOUND"
"assets/ref-app/svg/poi-map-types-fuel.svg","3a385acae5312f8d0971a8351b8ae6a4d8bd99ebf538921cdf8380a56391ace8","orgs/6e9b9e3b-c6be-4991-b03b-cf1f1d2eab4a/apps/com.aaa.iphone.discounts.5fc6b2fe/delta/65a324fe4aa40dd75bac32e80270979f5bcee06e1789dc7f81ad8627c9d364c6_assets/ref-app/svg/poi-map-types-fuel.svg","668","NOT_FOUND"
"assets/ref-app/svg/poi-map-types-office-button.svg","a24c90030fb5589abe49f84840b76c66ce7d5aa9348b807cc4c22f3eefee19e5","orgs/6e9b9e3b-c6be-4991-b03b-cf1f1d2eab4a/apps/com.aaa.iphone.discounts.5fc6b2fe/delta/6845bbb37eaf64a294932b370518054b60054ae1939324b23ce826c1aec4618e_assets/ref-app/svg/poi-map-types-office-button.svg","1267","NOT_FOUND"
"assets/ref-app/svg/poi-map-types-office.svg","aa2b2aa15f41afeef9e8667b6ea4a9bc0cbbdfbca783f39f74b4f1feb0a8730a","orgs/6e9b9e3b-c6be-4991-b03b-cf1f1d2eab4a/apps/com.aaa.iphone.discounts.5fc6b2fe/delta/2e70b9b1ccb6b580966edbf20946c1d504c80ef28a90023a164e13d5d975b4f5_assets/ref-app/svg/poi-map-types-office.svg","340","NOT_FOUND"
"assets/ref-app/svg/renew-membership-card-bg-large.svg.br","16284fb1f90111af5a483c2704912da3e8833fe370fb33e87f7c3fcee780392b","orgs/6e9b9e3b-c6be-4991-b03b-cf1f1d2eab4a/apps/com.aaa.iphone.discounts.5fc6b2fe/delta/44bf5c827ef35e55f7726cbd39f6fa39e04918045c765a3e258207d96f5a6952_assets/ref-app/svg/renew-membership-card-bg-large.svg.br","1816","NOT_FOUND"
"assets/ref-app/svg/renew-membership-card-bg-small.svg.br","4822b3ed4f40d0336818dd8cc949f1dd5a1f718892e3f2c0116d56da25e284b0","orgs/6e9b9e3b-c6be-4991-b03b-cf1f1d2eab4a/apps/com.aaa.iphone.discounts.5fc6b2fe/delta/b7fc6e8e7e88a107943946b215fe215d11d759688c2709aecaf842ad340c9f17_assets/ref-app/svg/renew-membership-card-bg-small.svg.br","1923","NOT_FOUND"
"assets/ref-app/svg/renew-membership-card-logo.svg","8a47334f2bb26f4a299853d92ba6ad123c192a51d6bdb45df36c9e0a2221e961","orgs/6e9b9e3b-c6be-4991-b03b-cf1f1d2eab4a/apps/com.aaa.iphone.discounts.5fc6b2fe/delta/5219cb19149988fd2967ae80025e1be10eeb1f24e96e5966d34f82dedc1d4816_assets/ref-app/svg/renew-membership-card-logo.svg","2096","NOT_FOUND"
"assets/ref-app/svg/renew-membership-congratulations.svg","d3b11149d56fa3443b6d8dcad11a40b8c4dd76a1424eab35e91112e0e4e1c53b","orgs/6e9b9e3b-c6be-4991-b03b-cf1f1d2eab4a/apps/com.aaa.iphone.discounts.5fc6b2fe/delta/7728cf3ca209d6f2eced9102be68b929d3140c402860280d0f5700473f5d3543_assets/ref-app/svg/renew-membership-congratulations.svg","803","NOT_FOUND"
"assets/ref-app/svg/renew-membership-coupon.svg","f834a27484a0c5239230256e3fe9b9ae7b0fc2d0454bfe1747e8bb7ce2edcabc","orgs/6e9b9e3b-c6be-4991-b03b-cf1f1d2eab4a/apps/com.aaa.iphone.discounts.5fc6b2fe/delta/ea217d7acfb7319f27bc63cdbba2d2b3b666b71dea3ade19d4599481e429080d_assets/ref-app/svg/renew-membership-coupon.svg","1036","NOT_FOUND"
"assets/ref-app/svg/renew-membership-levels.svg","2e4c4d55be99bc87da13aaa336f49ce7a6a2fa3edb82cdc402edb172311358e2","orgs/6e9b9e3b-c6be-4991-b03b-cf1f1d2eab4a/apps/com.aaa.iphone.discounts.5fc6b2fe/delta/3f06cbf5bd61e372775c69545cb21b2f2d283f80eb46e6094db04e8f9373d3a0_assets/ref-app/svg/renew-membership-levels.svg","343","NOT_FOUND"
"assets/ref-app/svg/renew-membership-warning.svg","ef19333956fc820a688a484399dfdcc906cb46e807c654c4f75330cd441272fa","orgs/6e9b9e3b-c6be-4991-b03b-cf1f1d2eab4a/apps/com.aaa.iphone.discounts.5fc6b2fe/delta/300df56a56c29749f4162223cebbf74dc90a574c3241da903c8db617659aa1d6_assets/ref-app/svg/renew-membership-warning.svg","1209","NOT_FOUND"
"assets/ref-app/svg/search-aaa-vacations.svg","f905ebc4f3fbbbe3c9e0a8faf3700a87217948e1ff70e0071f378a733908f00e","orgs/6e9b9e3b-c6be-4991-b03b-cf1f1d2eab4a/apps/com.aaa.iphone.discounts.5fc6b2fe/delta/f179f20ef550045c5a59fad114c1d059aeb252841ec197e0b4f1dbd0ee3b385c_assets/ref-app/svg/search-aaa-vacations.svg","1411","NOT_FOUND"
"assets/ref-app/svg/search-aaa.svg","82ffe1a54c199369c0f5084066fd65e6d7d470fc74c58439277547c728656e4c","orgs/6e9b9e3b-c6be-4991-b03b-cf1f1d2eab4a/apps/com.aaa.iphone.discounts.5fc6b2fe/delta/a38acc14b8c8b57b90c5a7f573d5127a36b6546959bf076c8495ad3ace3793dd_assets/ref-app/svg/search-aaa.svg","1926","NOT_FOUND"
"assets/ref-app/svg/search-aar.svg","35dd52fc9d3bb738d4d72e083d8bf7e8310eea3e42854ee289021e9150efd2b2","orgs/6e9b9e3b-c6be-4991-b03b-cf1f1d2eab4a/apps/com.aaa.iphone.discounts.5fc6b2fe/delta/09c94812aae35990948a5eedbe2cd098f9d8c19cf698ac20d10b984821af7154_assets/ref-app/svg/search-aar.svg","1222","NOT_FOUND"
"assets/ref-app/svg/search-allianz.svg","9229f1ed8c7a5c23b10c1d86db06c2142555bc979cb4b3866d73952f964468eb","orgs/6e9b9e3b-c6be-4991-b03b-cf1f1d2eab4a/apps/com.aaa.iphone.discounts.5fc6b2fe/delta/65c60ff71574eb7547ba552e391a868e960c74a6d4950ea35a63706059cb4268_assets/ref-app/svg/search-allianz.svg","896","NOT_FOUND"
"assets/ref-app/svg/search-attractions.svg","862887d673e2ebd980c9a24389722b8ab5564e52d75183d58fe188a4d0aad900","orgs/6e9b9e3b-c6be-4991-b03b-cf1f1d2eab4a/apps/com.aaa.iphone.discounts.5fc6b2fe/delta/9f7c6062e61b27e19a518f3d549a1377b20f27fa8ff6fc888ac7415daa351ad5_assets/ref-app/svg/search-attractions.svg","1327","NOT_FOUND"
"assets/ref-app/svg/search-battery-quote.svg","f5beb1dcfb89b5d8db9e6d66d6d3995f5b79f8e064e86799249e43f240198652","orgs/6e9b9e3b-c6be-4991-b03b-cf1f1d2eab4a/apps/com.aaa.iphone.discounts.5fc6b2fe/delta/946de2c40df19d3ebf32311457b86dfc13e9496abe41446a496e772930602752_assets/ref-app/svg/search-battery-quote.svg","524","NOT_FOUND"
"assets/ref-app/svg/search-car-play.svg","6197b59ff87804535134b2b4539db90b1a6eeb5512fc5d5ec4c0c63b5be56ec8","orgs/6e9b9e3b-c6be-4991-b03b-cf1f1d2eab4a/apps/com.aaa.iphone.discounts.5fc6b2fe/delta/7abfc91a6aec23aaabe3f76d3231ec5e40d164acf8ac9ff08ec95cf23f385a80_assets/ref-app/svg/search-car-play.svg","708","NOT_FOUND"
"assets/ref-app/svg/search-car-rentals.svg","adb0747397c6053e0899cc6809b94e659b9b4351514ed265d10ff3a5810e6c1f","orgs/6e9b9e3b-c6be-4991-b03b-cf1f1d2eab4a/apps/com.aaa.iphone.discounts.5fc6b2fe/delta/96417ce5e68d09db4872e9157c526c91aa4c6bf89f9288c7618dd8b383831d27_assets/ref-app/svg/search-car-rentals.svg","1763","NOT_FOUND"
"assets/ref-app/svg/search-car.svg","7e629b78c66c0a7a133551b0787881d027ffb4ee9a80bccd944941a58a4187d8","orgs/6e9b9e3b-c6be-4991-b03b-cf1f1d2eab4a/apps/com.aaa.iphone.discounts.5fc6b2fe/delta/12e1f1b69ab1b1e130a732066692744fc1cdd8d6c48534092c2ee72e4fa1a501_assets/ref-app/svg/search-car.svg","2758","NOT_FOUND"
"assets/ref-app/svg/search-clear-history.svg","49f89655a4384cca4d3d364f6c026dc28192bc11479088872dd3ecb78d2e724e","orgs/6e9b9e3b-c6be-4991-b03b-cf1f1d2eab4a/apps/com.aaa.iphone.discounts.5fc6b2fe/delta/cf9bd08b5759a489416509af21405c5e2329aca33a81002edca9a63005d184fa_assets/ref-app/svg/search-clear-history.svg","807","NOT_FOUND"
"assets/ref-app/svg/search-cruises.svg","1a2046f658595b0cd3c5b72b69723fbfdccd1f6d54488b0354fbe8cbd6ec8576","orgs/6e9b9e3b-c6be-4991-b03b-cf1f1d2eab4a/apps/com.aaa.iphone.discounts.5fc6b2fe/delta/5c0f7f034c224a40ed1b507dbfec1248f090a9729e5f86901a2c0e85cca33331_assets/ref-app/svg/search-cruises.svg","1093","NOT_FOUND"
"assets/ref-app/svg/search-dining.svg","4cd958a95c3ac7fd39eb902de2d54e30059eeb55e6b192fc324657451a1a7e36","orgs/6e9b9e3b-c6be-4991-b03b-cf1f1d2eab4a/apps/com.aaa.iphone.discounts.5fc6b2fe/delta/d00d8527fbedd75ec29f7ce371f338b8ae3614c1b79cc4b19f55cb7cc5e0773e_assets/ref-app/svg/search-dining.svg","556","NOT_FOUND"
"assets/ref-app/svg/search-discounts.svg","20e7e68db1e58b076b4616d90192eb60cf0580d2eb1b8095081de6dc3658930e","orgs/6e9b9e3b-c6be-4991-b03b-cf1f1d2eab4a/apps/com.aaa.iphone.discounts.5fc6b2fe/delta/1dee577097e0b7b243a7bd21ea97697d437752a0a9fc58639cd5170263dfe836_assets/ref-app/svg/search-discounts.svg","1113","NOT_FOUND"
"assets/ref-app/svg/search-drive-trips.svg","26a7d027b092925ccc056b454b67d4f1fa7966fd125c284fdeb7c3e2eadc5702","orgs/6e9b9e3b-c6be-4991-b03b-cf1f1d2eab4a/apps/com.aaa.iphone.discounts.5fc6b2fe/delta/f483a90aea6b6d0c162b78c166a40530284b40933e79c01e7364bea95a809c08_assets/ref-app/svg/search-drive-trips.svg","585","NOT_FOUND"
"assets/ref-app/svg/search-finances.svg","dc660d05073fff90b6ec168997c7df5013e554e533c1ab65a736dc396a76571a","orgs/6e9b9e3b-c6be-4991-b03b-cf1f1d2eab4a/apps/com.aaa.iphone.discounts.5fc6b2fe/delta/0a8bb6d247a0543b548ee0f3c35aecd41cafd72619b3c1e8dbce7966cb15f315_assets/ref-app/svg/search-finances.svg","546","NOT_FOUND"
"assets/ref-app/svg/search-find-insurance-agent.svg","e320380ae66f37e4a5d541a0c3647417b8766d125d19b3083b15f836e68023f2","orgs/6e9b9e3b-c6be-4991-b03b-cf1f1d2eab4a/apps/com.aaa.iphone.discounts.5fc6b2fe/delta/04afd653b0f3132e92e516778f0f632347e791299859bccf9f9dba0b77ef31e7_assets/ref-app/svg/search-find-insurance-agent.svg","715","NOT_FOUND"
"assets/ref-app/svg/search-flights.svg","1fc0aa88adcf2553075281b34f8433f0430c289db9dcaff296a5ed9d89c2705b","orgs/6e9b9e3b-c6be-4991-b03b-cf1f1d2eab4a/apps/com.aaa.iphone.discounts.5fc6b2fe/delta/a0f327089625341abb8b4abc0905a49807452db7da9cc9645e623e76f89ff69f_assets/ref-app/svg/search-flights.svg","756","NOT_FOUND"
"assets/ref-app/svg/search-gas.svg","d7b6538451eee36c6b158affd187a1434cee8dd003958ec2c785ce4c8a3262a7","orgs/6e9b9e3b-c6be-4991-b03b-cf1f1d2eab4a/apps/com.aaa.iphone.discounts.5fc6b2fe/delta/14a69fb2344df0397273b886f582bd50d68ee5940ea5367015d7e25d88800601_assets/ref-app/svg/search-gas.svg","901","NOT_FOUND"
"assets/ref-app/svg/search-get-a-quote.svg","baaf642bf2feb52903739d430f4315e293fcf0f2dba360d80aea859ad28ecec1","orgs/6e9b9e3b-c6be-4991-b03b-cf1f1d2eab4a/apps/com.aaa.iphone.discounts.5fc6b2fe/delta/ddd783e52d42e3cd72b492573b8bca1408d8f455f013a22862b135dc89be894e_assets/ref-app/svg/search-get-a-quote.svg","1141","NOT_FOUND"
"assets/ref-app/svg/search-health-beauty.svg","65325e00a073f96c6680751408515b555f80b594fa024508403eef5885b508b3","orgs/6e9b9e3b-c6be-4991-b03b-cf1f1d2eab4a/apps/com.aaa.iphone.discounts.5fc6b2fe/delta/7768dcc3af24267e43a161aa24d0f4f5750be9203f52433cb09eb26451a0e1a2_assets/ref-app/svg/search-health-beauty.svg","1182","NOT_FOUND"
"assets/ref-app/svg/search-home-business.svg","ab0c5681d626386a9e6aa27126d759e6022182ce680da74eac07ed5a76575723","orgs/6e9b9e3b-c6be-4991-b03b-cf1f1d2eab4a/apps/com.aaa.iphone.discounts.5fc6b2fe/delta/78d0da8a353203b0090b58e2c8a080d9fb23d2ffa17e7d5f024732ac79d3413a_assets/ref-app/svg/search-home-business.svg","1125","NOT_FOUND"
"assets/ref-app/svg/search-hotels.svg","fdb424fd85ffd9bcc42df1d5a463e905e04416d05b848f35ac2b726bda6f0214","orgs/6e9b9e3b-c6be-4991-b03b-cf1f1d2eab4a/apps/com.aaa.iphone.discounts.5fc6b2fe/delta/7e039fc599118c06c65da9f53cbfa2167c35431cfc6e22016ef4462b4bc1c54d_assets/ref-app/svg/search-hotels.svg","896","NOT_FOUND"
"assets/ref-app/svg/search-insurance.svg","e6543ee6022fb58d588e6898448d267f99b4abb83bcd5ee51b28b059c60fde88","orgs/6e9b9e3b-c6be-4991-b03b-cf1f1d2eab4a/apps/com.aaa.iphone.discounts.5fc6b2fe/delta/e66055eb0098eeba4da6970db15a312f253cd70c61dc32c073bd0cb3b0b9453e_assets/ref-app/svg/search-insurance.svg","735","NOT_FOUND"
"assets/ref-app/svg/search-landing-map.svg","05e95da35f0b5bc672f2b82da340eb1ac0caa31ff5b6d45bb083403897e32c73","orgs/6e9b9e3b-c6be-4991-b03b-cf1f1d2eab4a/apps/com.aaa.iphone.discounts.5fc6b2fe/delta/638c6d191740209c461892946cfc8fc0645341c65d16afb8abe1c76063bf7185_assets/ref-app/svg/search-landing-map.svg","1416","NOT_FOUND"
"assets/ref-app/svg/search-manage-reservations.svg","f32c713c820ce5196f717a549f799d51cc3c66dae98a0c80e78b897019379510","orgs/6e9b9e3b-c6be-4991-b03b-cf1f1d2eab4a/apps/com.aaa.iphone.discounts.5fc6b2fe/delta/ce98e94b0af2b5ee039080e226e0665b94ea0142ba02e5d0f4bf9928e5f2a139_assets/ref-app/svg/search-manage-reservations.svg","579","NOT_FOUND"
"assets/ref-app/svg/search-map.svg","384054084f1f6624208912160a4604830cdfa60654707f60d2564005ba7b67f1","orgs/6e9b9e3b-c6be-4991-b03b-cf1f1d2eab4a/apps/com.aaa.iphone.discounts.5fc6b2fe/delta/00bc33222b527bfd9153b08ac41a36dfa852315b51c921c9235586898b679b49_assets/ref-app/svg/search-map.svg","794","NOT_FOUND"
"assets/ref-app/svg/search-my-membership.svg","05c9e4fc2aa02f5d5441c1432976bb287d8ceb7bab579a2fd1d2e76fc66aa8df","orgs/6e9b9e3b-c6be-4991-b03b-cf1f1d2eab4a/apps/com.aaa.iphone.discounts.5fc6b2fe/delta/bdb9b34f60c935219676331080a703913c816a11d12104cc0f73f91c3439c852_assets/ref-app/svg/search-my-membership.svg","822","NOT_FOUND"
"assets/ref-app/svg/search-my-policy.svg","94cb7487594cc958ef753c7a99396947b898ee02bc79496a7925a62c752deb6c","orgs/6e9b9e3b-c6be-4991-b03b-cf1f1d2eab4a/apps/com.aaa.iphone.discounts.5fc6b2fe/delta/4a9cb9c895fd96f8d6578d7ea783164603c372cd209d92db02ca9218c1195c34_assets/ref-app/svg/search-my-policy.svg","740","NOT_FOUND"
"assets/ref-app/svg/search-nearby.svg","e05f4fa8897a600a3885221fb479a663893d86d662e8c379f6d2dcaa3ee760e5","orgs/6e9b9e3b-c6be-4991-b03b-cf1f1d2eab4a/apps/com.aaa.iphone.discounts.5fc6b2fe/delta/560d8890aebd7ccd8fb3c46deb4047e5048f44c69ed4b7ac60b8cc6c1be7a392_assets/ref-app/svg/search-nearby.svg","1042","NOT_FOUND"
"assets/ref-app/svg/search-no-recent-search.svg","f01ab64600140bb5eda73943c24135905b143c0f7603bca07a7c92219564c4ba","orgs/6e9b9e3b-c6be-4991-b03b-cf1f1d2eab4a/apps/com.aaa.iphone.discounts.5fc6b2fe/delta/c5847c32d9b26c7c72afc037b3f72e7be2a1bfd1c9f93bf8e71814c78eaf65c0_assets/ref-app/svg/search-no-recent-search.svg","1554","NOT_FOUND"
"assets/ref-app/svg/search-no-results.svg","c2ec1eb622ace53c1adf80cb9b98e2ecbcef21bb0b35007b2ca004290f827c5b","orgs/6e9b9e3b-c6be-4991-b03b-cf1f1d2eab4a/apps/com.aaa.iphone.discounts.5fc6b2fe/delta/0b2238edfc4ffaaa2ea9681ad16bfcb77cebc5b2018be8f6d29107d7c3c8aed8_assets/ref-app/svg/search-no-results.svg","1084","NOT_FOUND"
"assets/ref-app/svg/search-offices.svg","3aaa791ae0d40c7ed711f6871a4d8bbe020afeb78645d9bb84f43cdce259d682","orgs/6e9b9e3b-c6be-4991-b03b-cf1f1d2eab4a/apps/com.aaa.iphone.discounts.5fc6b2fe/delta/3148a98b68c4f8aa906af6afca9974cecf79fc342beb763e93d674dcbf5ebce0_assets/ref-app/svg/search-offices.svg","329","NOT_FOUND"
"assets/ref-app/svg/search-roadside.svg","819f0b117116b66e4b914ee7fc25d11edf45c72c0f52af2ac2704efb805d557a","orgs/6e9b9e3b-c6be-4991-b03b-cf1f1d2eab4a/apps/com.aaa.iphone.discounts.5fc6b2fe/delta/458956b77fd88ff462bf8957260198bb3d49362ab804fffaec048e84d3e27b46_assets/ref-app/svg/search-roadside.svg","1064","NOT_FOUND"
"assets/ref-app/svg/search-send-feedback.svg","48c7e42c1b68e887138a6ea5ffed4b0644a5675104f224edae3d6e6e4c945837","orgs/6e9b9e3b-c6be-4991-b03b-cf1f1d2eab4a/apps/com.aaa.iphone.discounts.5fc6b2fe/delta/5c6dec9f25508eb4c299bc43bf4fd8583dc56d342eb803f8f91553dc971dfbf9_assets/ref-app/svg/search-send-feedback.svg","1526","NOT_FOUND"
"assets/ref-app/svg/search-shopping.svg","9eb7af9996409eb58ee12c5bfd8cdce0fedaac23d1942f24f641545ef7107624","orgs/6e9b9e3b-c6be-4991-b03b-cf1f1d2eab4a/apps/com.aaa.iphone.discounts.5fc6b2fe/delta/a902464ee58ce5399e5fe0f6989bc931a569bf50a332d140ff4d45161fdd1ef5_assets/ref-app/svg/search-shopping.svg","1018","NOT_FOUND"
"assets/ref-app/svg/search-tips.svg","6c6457746a157492bbccc64327fc5b4a10dcb46b361419f1c5cc3837b4f85f37","orgs/6e9b9e3b-c6be-4991-b03b-cf1f1d2eab4a/apps/com.aaa.iphone.discounts.5fc6b2fe/delta/83b76bca9d28b085c71690c5704d8eaf8ee75d5987488509e4ab852f4e94e281_assets/ref-app/svg/search-tips.svg","718","NOT_FOUND"
"assets/ref-app/svg/search-top-destinations.svg","311bb6fa49c876479c246fa522c4d3fe958d6441c296737aa311233162eb36f9","orgs/6e9b9e3b-c6be-4991-b03b-cf1f1d2eab4a/apps/com.aaa.iphone.discounts.5fc6b2fe/delta/ccc90928ca41b6184b63c5dbd24a1929aa870692b1ab0e7e926416f0b68d1281_assets/ref-app/svg/search-top-destinations.svg","246","NOT_FOUND"
"assets/ref-app/svg/search-travel.svg","0bfa7af0aea7637f6e3914ab9f8f4ff5993732e0844ea151d7b3bea135d81799","orgs/6e9b9e3b-c6be-4991-b03b-cf1f1d2eab4a/apps/com.aaa.iphone.discounts.5fc6b2fe/delta/582b106e6e9e37474da02de144ddbeeeaca105135db4d15ebcbda2a22ea88068_assets/ref-app/svg/search-travel.svg","1041","NOT_FOUND"
"assets/ref-app/svg/search-trip-canvas.svg","a8461f5a98e9491bf3b56932cf5698fabf03fbb971d5ef1c5ff8eae361f3c683","orgs/6e9b9e3b-c6be-4991-b03b-cf1f1d2eab4a/apps/com.aaa.iphone.discounts.5fc6b2fe/delta/e298117da4739fb275908d3dcbdbeed03d3d428d2eb567979fa5aad4e432f953_assets/ref-app/svg/search-trip-canvas.svg","4043","NOT_FOUND"
"assets/ref-app/svg/search-triptik-planner.svg","a302f4f7ae6f7a736e821792e45cccc8d5a09afc57d07ee33c0b7c0e0feeed82","orgs/6e9b9e3b-c6be-4991-b03b-cf1f1d2eab4a/apps/com.aaa.iphone.discounts.5fc6b2fe/delta/88ef9ac569300f532d3d0fb05538ead746137c75b1e548fd25066b56eba4e396_assets/ref-app/svg/search-triptik-planner.svg","455","NOT_FOUND"
"assets/ref-app/svg/search-wallet.svg","ab0c5681d626386a9e6aa27126d759e6022182ce680da74eac07ed5a76575723","orgs/6e9b9e3b-c6be-4991-b03b-cf1f1d2eab4a/apps/com.aaa.iphone.discounts.5fc6b2fe/delta/78d0da8a353203b0090b58e2c8a080d9fb23d2ffa17e7d5f024732ac79d3413a_assets/ref-app/svg/search-wallet.svg","1125","NOT_FOUND"
"assets/ref-app/svg/services-icons-appointments.svg","ce828341c6afb50ef683217a3921ad597380f2891056be23c4e5a09fa73ebe6f","orgs/6e9b9e3b-c6be-4991-b03b-cf1f1d2eab4a/apps/com.aaa.iphone.discounts.5fc6b2fe/delta/1871de99b9370247db70907f91c5da0651c54b1620f40f83195ba0ca8c5ee4f5_assets/ref-app/svg/services-icons-appointments.svg","779","NOT_FOUND"
"assets/ref-app/svg/services-icons-battery.svg","ee8070ac602d2072f03ea8bd7bf8b2b65b9b4762accf62302a96bdd7f573c0fb","orgs/6e9b9e3b-c6be-4991-b03b-cf1f1d2eab4a/apps/com.aaa.iphone.discounts.5fc6b2fe/delta/c5da9ad5dd3e490e78caf9aec0407817b4b5876180b35140a72c6115872c3338_assets/ref-app/svg/services-icons-battery.svg","520","NOT_FOUND"
"assets/ref-app/svg/services-icons-financial.svg","635798678f7e1f8dded47ce3bc41ddb9e12d410f0662804209796c09a7287f8f","orgs/6e9b9e3b-c6be-4991-b03b-cf1f1d2eab4a/apps/com.aaa.iphone.discounts.5fc6b2fe/delta/40abfc7e0e62e64ef81a008bc3cba8ba6464d24a94fa9afa65c447ee74cc68f7_assets/ref-app/svg/services-icons-financial.svg","1079","NOT_FOUND"
"assets/ref-app/svg/services-icons-tire.svg","27e31212c7705b9c7ad21bb45634a1e78f8890b6188f05d85caa71b2678241aa","orgs/6e9b9e3b-c6be-4991-b03b-cf1f1d2eab4a/apps/com.aaa.iphone.discounts.5fc6b2fe/delta/55a07aa4050551f95be667995125cafb83676da029149f9686dc846a8e1ad6c9_assets/ref-app/svg/services-icons-tire.svg","3321","NOT_FOUND"
"assets/ref-app/svg/services-member-icon.svg","0084657c63d1640131549957a19183798b8f37fe13f9a7041eb11bc1b508fa48","orgs/6e9b9e3b-c6be-4991-b03b-cf1f1d2eab4a/apps/com.aaa.iphone.discounts.5fc6b2fe/delta/ce7461f5edeb675b16e5e3686f8f4573c7207e0358dc75e8a2eb0e964375b493_assets/ref-app/svg/services-member-icon.svg","503","NOT_FOUND"
"assets/ref-app/svg/services-repair-estimator.svg","297818b86078225d376a466fa09883a50da5974f640eff6be478d7248c116713","orgs/6e9b9e3b-c6be-4991-b03b-cf1f1d2eab4a/apps/com.aaa.iphone.discounts.5fc6b2fe/delta/700a6686f0c30aa4a0d244726598915a9d5868a7763e0e8110534924cb2f1bcd_assets/ref-app/svg/services-repair-estimator.svg","2024","NOT_FOUND"
"assets/ref-app/svg/settings-aaa-logo.svg","9cd6f11836ebfdc2479254a21e0e23d8439b4dc0cb359f16a0786b019d52982d","orgs/6e9b9e3b-c6be-4991-b03b-cf1f1d2eab4a/apps/com.aaa.iphone.discounts.5fc6b2fe/delta/756c4c2def4423604c4b2710a7e9e221112b9aa8fd419ae4e92f4b5d4246c020_assets/ref-app/svg/settings-aaa-logo.svg","3609","NOT_FOUND"
"assets/ref-app/svg/settings-custom-settings.svg","9a7b808422b6b101d40fea6d8d203e645cd0027db94a83ebca03cd2257b9f511","orgs/6e9b9e3b-c6be-4991-b03b-cf1f1d2eab4a/apps/com.aaa.iphone.discounts.5fc6b2fe/delta/7126bc2ee920d386efdfb84cd40098fd26ffeb34ea9fef98dade5af92a8faba5_assets/ref-app/svg/settings-custom-settings.svg","702","NOT_FOUND"
"assets/ref-app/svg/settings-dev-settings.svg","31f0aa30379de34c29dc559351e27f6ed9bc2f5f9e2949c3602eb0c8a184b105","orgs/6e9b9e3b-c6be-4991-b03b-cf1f1d2eab4a/apps/com.aaa.iphone.discounts.5fc6b2fe/delta/b25856018d53ccfebc4f2102e3cf8cfe48e986e4757e115fc25291812a7a62c4_assets/ref-app/svg/settings-dev-settings.svg","239","NOT_FOUND"
"assets/ref-app/svg/settings-insurance.svg","8443cec11728151980171a11fd0ffa72013f43b29a4c0605dbefde96d905e117","orgs/6e9b9e3b-c6be-4991-b03b-cf1f1d2eab4a/apps/com.aaa.iphone.discounts.5fc6b2fe/delta/3cbf7aa3c7fafcdfd5a3e7a7692f88dde2194faf154cf6030990bf7dcc812fbf_assets/ref-app/svg/settings-insurance.svg","738","NOT_FOUND"
"assets/ref-app/svg/settings-poi-map.svg","0928eaf5280372836e216f5c6add78c737f7b9159ccbb01742c2ba91188bd7e8","orgs/6e9b9e3b-c6be-4991-b03b-cf1f1d2eab4a/apps/com.aaa.iphone.discounts.5fc6b2fe/delta/7893d5aa24806a56c849c83f825eeaa3bd52ab3c2878b0366d2a16025c01183a_assets/ref-app/svg/settings-poi-map.svg","1386","NOT_FOUND"
"assets/ref-app/svg/settings-privacy-policy.svg","a3afe03f0a6ab1f60dde78c5c4c1d6daefcc5453c09f74c6a81982e68a6e811d","orgs/6e9b9e3b-c6be-4991-b03b-cf1f1d2eab4a/apps/com.aaa.iphone.discounts.5fc6b2fe/delta/b997bcd69beee44a7ed73fde7a8634c5174a6d802f20e471865d97e2f6026041_assets/ref-app/svg/settings-privacy-policy.svg","775","NOT_FOUND"
"assets/ref-app/svg/settings-roadside.svg","3016cd06d50f361dc23853c30939ecda373df2e9da5fda1b0f5ffd65f878b7de","orgs/6e9b9e3b-c6be-4991-b03b-cf1f1d2eab4a/apps/com.aaa.iphone.discounts.5fc6b2fe/delta/f2b6d7dea0945ce226d2158924f846bc00c5420c5afdb0f48561b5409df0edac_assets/ref-app/svg/settings-roadside.svg","1052","NOT_FOUND"
"assets/ref-app/svg/settings-search.svg","6c76873118ebe8e4c4de12581cf45e86ca59ca2b75bfd7db8a007ea38e9f3cfc","orgs/6e9b9e3b-c6be-4991-b03b-cf1f1d2eab4a/apps/com.aaa.iphone.discounts.5fc6b2fe/delta/a551c8a9fad9d20b4258d82d767bb49701a260ecebcf767127a03ef7f1e92d27_assets/ref-app/svg/settings-search.svg","781","NOT_FOUND"
"assets/ref-app/svg/settings-software-licenses.svg","7e99c2d27cd62cc31338df33844a1c2d49870e45d79d39de726cf02c6590904a","orgs/6e9b9e3b-c6be-4991-b03b-cf1f1d2eab4a/apps/com.aaa.iphone.discounts.5fc6b2fe/delta/6d0e5a5c6802b8d305675338a8fade7205bad000d51785341ba83387ccda8273_assets/ref-app/svg/settings-software-licenses.svg","907","NOT_FOUND"
"assets/ref-app/svg/system-message-close.svg","cdec55c260f53a3b30923d9bf1d28941155756b1f5567aff6e7f9a86472a270f","orgs/6e9b9e3b-c6be-4991-b03b-cf1f1d2eab4a/apps/com.aaa.iphone.discounts.5fc6b2fe/delta/2ac6264afe6ddae3a711264647eaed856b3447ab436b21ebe1629961520fec56_assets/ref-app/svg/system-message-close.svg","217","NOT_FOUND"
"assets/ref-app/svg/travel-aaa-vacations.svg","f905ebc4f3fbbbe3c9e0a8faf3700a87217948e1ff70e0071f378a733908f00e","orgs/6e9b9e3b-c6be-4991-b03b-cf1f1d2eab4a/apps/com.aaa.iphone.discounts.5fc6b2fe/delta/f179f20ef550045c5a59fad114c1d059aeb252841ec197e0b4f1dbd0ee3b385c_assets/ref-app/svg/travel-aaa-vacations.svg","1411","NOT_FOUND"
"assets/ref-app/svg/travel-allianz.svg","9229f1ed8c7a5c23b10c1d86db06c2142555bc979cb4b3866d73952f964468eb","orgs/6e9b9e3b-c6be-4991-b03b-cf1f1d2eab4a/apps/com.aaa.iphone.discounts.5fc6b2fe/delta/65c60ff71574eb7547ba552e391a868e960c74a6d4950ea35a63706059cb4268_assets/ref-app/svg/travel-allianz.svg","896","NOT_FOUND"
"assets/ref-app/svg/travel-book.svg","aeb44a21656abedc35d2977122edc4760440a3ef71dbe07fe3c44de0e12a5efb","orgs/6e9b9e3b-c6be-4991-b03b-cf1f1d2eab4a/apps/com.aaa.iphone.discounts.5fc6b2fe/delta/c1e603bc9b144816a3521ef97505630e90101a47813076b9ed220a20d2c9ef5d_assets/ref-app/svg/travel-book.svg","558","NOT_FOUND"
"assets/ref-app/svg/travel-briefcase.svg","697b573dd64151dde8839a09dd013d960727f30ca65230789c3ec8824067bec9","orgs/6e9b9e3b-c6be-4991-b03b-cf1f1d2eab4a/apps/com.aaa.iphone.discounts.5fc6b2fe/delta/417368d0c2caf111c4d2bb9e520278ef718c0b655dc3eb4f7ac58976a0108148_assets/ref-app/svg/travel-briefcase.svg","588","NOT_FOUND"
"assets/ref-app/svg/travel-car-rentals.svg","adb0747397c6053e0899cc6809b94e659b9b4351514ed265d10ff3a5810e6c1f","orgs/6e9b9e3b-c6be-4991-b03b-cf1f1d2eab4a/apps/com.aaa.iphone.discounts.5fc6b2fe/delta/96417ce5e68d09db4872e9157c526c91aa4c6bf89f9288c7618dd8b383831d27_assets/ref-app/svg/travel-car-rentals.svg","1763","NOT_FOUND"
"assets/ref-app/svg/travel-cruises.svg","1a2046f658595b0cd3c5b72b69723fbfdccd1f6d54488b0354fbe8cbd6ec8576","orgs/6e9b9e3b-c6be-4991-b03b-cf1f1d2eab4a/apps/com.aaa.iphone.discounts.5fc6b2fe/delta/5c0f7f034c224a40ed1b507dbfec1248f090a9729e5f86901a2c0e85cca33331_assets/ref-app/svg/travel-cruises.svg","1093","NOT_FOUND"
"assets/ref-app/svg/travel-deals.svg","526ed89037ce5c21322a2f0ca532343184883cca05fd3d51a9ef382f84f99ecb","orgs/6e9b9e3b-c6be-4991-b03b-cf1f1d2eab4a/apps/com.aaa.iphone.discounts.5fc6b2fe/delta/95cb6e59d08f24f95df18959fc57449bf67ba47fec2c6a1a01db7084dac94477_assets/ref-app/svg/travel-deals.svg","1026","NOT_FOUND"
"assets/ref-app/svg/travel-drive-trips.svg","26a7d027b092925ccc056b454b67d4f1fa7966fd125c284fdeb7c3e2eadc5702","orgs/6e9b9e3b-c6be-4991-b03b-cf1f1d2eab4a/apps/com.aaa.iphone.discounts.5fc6b2fe/delta/f483a90aea6b6d0c162b78c166a40530284b40933e79c01e7364bea95a809c08_assets/ref-app/svg/travel-drive-trips.svg","585","NOT_FOUND"
"assets/ref-app/svg/travel-flights.svg","1fc0aa88adcf2553075281b34f8433f0430c289db9dcaff296a5ed9d89c2705b","orgs/6e9b9e3b-c6be-4991-b03b-cf1f1d2eab4a/apps/com.aaa.iphone.discounts.5fc6b2fe/delta/a0f327089625341abb8b4abc0905a49807452db7da9cc9645e623e76f89ff69f_assets/ref-app/svg/travel-flights.svg","756","NOT_FOUND"
"assets/ref-app/svg/travel-hotels.svg","fdb424fd85ffd9bcc42df1d5a463e905e04416d05b848f35ac2b726bda6f0214","orgs/6e9b9e3b-c6be-4991-b03b-cf1f1d2eab4a/apps/com.aaa.iphone.discounts.5fc6b2fe/delta/7e039fc599118c06c65da9f53cbfa2167c35431cfc6e22016ef4462b4bc1c54d_assets/ref-app/svg/travel-hotels.svg","896","NOT_FOUND"
"assets/ref-app/svg/travel-manage-reservations.svg","f32c713c820ce5196f717a549f799d51cc3c66dae98a0c80e78b897019379510","orgs/6e9b9e3b-c6be-4991-b03b-cf1f1d2eab4a/apps/com.aaa.iphone.discounts.5fc6b2fe/delta/ce98e94b0af2b5ee039080e226e0665b94ea0142ba02e5d0f4bf9928e5f2a139_assets/ref-app/svg/travel-manage-reservations.svg","579","NOT_FOUND"
"assets/ref-app/svg/travel-more.svg","a6ecc3b8730bde230c4cbf4ffe23104da5c58715eb00cd522c7d538ea9ac1488","orgs/6e9b9e3b-c6be-4991-b03b-cf1f1d2eab4a/apps/com.aaa.iphone.discounts.5fc6b2fe/delta/edd33c8bd3d06511d0dd5989a7eded34b36ca3366dc56ee750287fd94d2a9588_assets/ref-app/svg/travel-more.svg","4026","NOT_FOUND"
"assets/ref-app/svg/travel-package.svg","85e3403753c19be2b957f852acdd8e179479efc4e6759a4295fc6f56ae93537c","orgs/6e9b9e3b-c6be-4991-b03b-cf1f1d2eab4a/apps/com.aaa.iphone.discounts.5fc6b2fe/delta/b448282ac8eaa735d9387e50fafec1eba2e81d4ef467e3479a42c3893dc79ced_assets/ref-app/svg/travel-package.svg","620","NOT_FOUND"
"assets/ref-app/svg/travel-road-trip.svg","0e862528645b8ed07f24deb686d1fd24e9f644c1bc3b14467117180afe284fc3","orgs/6e9b9e3b-c6be-4991-b03b-cf1f1d2eab4a/apps/com.aaa.iphone.discounts.5fc6b2fe/delta/6601a94ce99d4c1d5530c25d3df57c5c616179dc307bdf2e9362dda8216fd8d3_assets/ref-app/svg/travel-road-trip.svg","630","NOT_FOUND"
"assets/ref-app/svg/travel-tips.svg","6c6457746a157492bbccc64327fc5b4a10dcb46b361419f1c5cc3837b4f85f37","orgs/6e9b9e3b-c6be-4991-b03b-cf1f1d2eab4a/apps/com.aaa.iphone.discounts.5fc6b2fe/delta/83b76bca9d28b085c71690c5704d8eaf8ee75d5987488509e4ab852f4e94e281_assets/ref-app/svg/travel-tips.svg","718","NOT_FOUND"
"assets/ref-app/svg/travel-top-destinations.svg","bd329ca23fe47f0510fa65cf78ad5492f8f2c5cc80a431531706908ed2c03268","orgs/6e9b9e3b-c6be-4991-b03b-cf1f1d2eab4a/apps/com.aaa.iphone.discounts.5fc6b2fe/delta/a2badb9706c95d27306d9d7523a880964791509349a76f6452e52ce47db28172_assets/ref-app/svg/travel-top-destinations.svg","789","NOT_FOUND"
"assets/ref-app/svg/travel-tourbook.svg","7641694006e03eb39a3774efb4a983724bf51930a043a5fdbcfb5e14702c4eec","orgs/6e9b9e3b-c6be-4991-b03b-cf1f1d2eab4a/apps/com.aaa.iphone.discounts.5fc6b2fe/delta/f295ae3c2a30adb6dcef0e94f655f3ac7c6161b2711142e075fe42f918bb8be8_assets/ref-app/svg/travel-tourbook.svg","1000","NOT_FOUND"
"assets/ref-app/svg/travel-trip-canvas.svg","a8461f5a98e9491bf3b56932cf5698fabf03fbb971d5ef1c5ff8eae361f3c683","orgs/6e9b9e3b-c6be-4991-b03b-cf1f1d2eab4a/apps/com.aaa.iphone.discounts.5fc6b2fe/delta/e298117da4739fb275908d3dcbdbeed03d3d428d2eb567979fa5aad4e432f953_assets/ref-app/svg/travel-trip-canvas.svg","4043","NOT_FOUND"
"assets/ref-app/svg/travel-triptik-planner.svg","a302f4f7ae6f7a736e821792e45cccc8d5a09afc57d07ee33c0b7c0e0feeed82","orgs/6e9b9e3b-c6be-4991-b03b-cf1f1d2eab4a/apps/com.aaa.iphone.discounts.5fc6b2fe/delta/88ef9ac569300f532d3d0fb05538ead746137c75b1e548fd25066b56eba4e396_assets/ref-app/svg/travel-triptik-planner.svg","455","NOT_FOUND"
"assets/ref-app/svg/user-join.svg","b59fb74b6deb86a9c68b8edfa87b6d598d08bff487828bcaae3d57d022ecc0c7","orgs/6e9b9e3b-c6be-4991-b03b-cf1f1d2eab4a/apps/com.aaa.iphone.discounts.5fc6b2fe/delta/53a07b91075d17b7861ea5ed51750635a8866706de30743ce42fcb0c9adc1ee1_assets/ref-app/svg/user-join.svg","639","NOT_FOUND"
"assets/shared/docs/aws-traveldata.examples.md.br","5fac03b1a14bcdc3f13806e860ef498da25966fd80e2698ec97476231a5b9ab0","orgs/6e9b9e3b-c6be-4991-b03b-cf1f1d2eab4a/apps/com.aaa.iphone.discounts.5fc6b2fe/delta/f71e1bd40a25b0776e8f615d198bfb3c1d0eef3da1cf290b08b1affe2d73f5ef_assets/shared/docs/aws-traveldata.examples.md.br","5394","NOT_FOUND"
"assets/shared/img/ACE-app-icon_2x.png.br","3826e5e27b0e195772c6d9b7da14498ada23cc52e733b09a255192a444222e91","orgs/6e9b9e3b-c6be-4991-b03b-cf1f1d2eab4a/apps/com.aaa.iphone.discounts.5fc6b2fe/delta/655088cdffe6708d18b017528846bd8373ede9d41a1bd56d81537e462aa6e902_assets/shared/img/ACE-app-icon_2x.png.br","31658","NOT_FOUND"
"assets/shared/img/aaa-logo.png.br","beda224b03f85e455a81ac51d594cd17d6bbfec169f696ab01b1acabbaaa5ecb","orgs/6e9b9e3b-c6be-4991-b03b-cf1f1d2eab4a/apps/com.aaa.iphone.discounts.5fc6b2fe/delta/d77c54a6ebda2f0f56d1c43738524c9e4413b336a100ede5b82d7c245706f5ac_assets/shared/img/aaa-logo.png.br","19311","NOT_FOUND"
"assets/shared/img/app-icon.png.br","e39d0586a27efa6ac12a5c242fa10aad332a66131392f20a8564c8782e00be35","orgs/6e9b9e3b-c6be-4991-b03b-cf1f1d2eab4a/apps/com.aaa.iphone.discounts.5fc6b2fe/delta/4d7f048f1ac8d5e6c465e0c3b7c5548287c993d5efec30cf105e737b745e27e9_assets/shared/img/app-icon.png.br","10520","NOT_FOUND"
"assets/shared/img/article-1x1.png","0883470def34a6966e85d453bab4b45dbcbda14d201216a0fe8676818ab09672","orgs/6e9b9e3b-c6be-4991-b03b-cf1f1d2eab4a/apps/com.aaa.iphone.discounts.5fc6b2fe/delta/03fbec12032e60efd6e5ebf720e87a77555b2447f3c7e3b1dd6fc91dbac11bc1_assets/shared/img/article-1x1.png","2617","NOT_FOUND"
"assets/shared/img/drr-loading.png.br","f2f3ca690561f29350176587c834e041b8acdf85e4f30b37dd64104984a6cba2","orgs/6e9b9e3b-c6be-4991-b03b-cf1f1d2eab4a/apps/com.aaa.iphone.discounts.5fc6b2fe/delta/b718f84f6ce97b5c9d06b9d89b3e4369c2a3414760c7690b3a58557458c76fd1_assets/shared/img/drr-loading.png.br","239383","NOT_FOUND"
"assets/shared/img/lonelyroad.png","df3b300e6725077e514891fddea3d7998b6022ce73d844226d7098f0b419912f","orgs/6e9b9e3b-c6be-4991-b03b-cf1f1d2eab4a/apps/com.aaa.iphone.discounts.5fc6b2fe/delta/046af612749a8d3d83bbe756a87057e4cda9043b05ace908dc0e4f0e73d7f287_assets/shared/img/lonelyroad.png","301309","NOT_FOUND"
"assets/shared/img/tile-1x1.png","0883470def34a6966e85d453bab4b45dbcbda14d201216a0fe8676818ab09672","orgs/6e9b9e3b-c6be-4991-b03b-cf1f1d2eab4a/apps/com.aaa.iphone.discounts.5fc6b2fe/delta/03fbec12032e60efd6e5ebf720e87a77555b2447f3c7e3b1dd6fc91dbac11bc1_assets/shared/img/tile-1x1.png","2617","NOT_FOUND"
"assets/shared/img/tile-2x1.png","3b50b65f043d93fe4dd9e35f208d1e1eb01dced96b2f92783ab079f8b90b89e3","orgs/6e9b9e3b-c6be-4991-b03b-cf1f1d2eab4a/apps/com.aaa.iphone.discounts.5fc6b2fe/delta/9ebe42a8c5d5e95d54603cb8b35defce7e351ae9a869913f5f2e4c48f9d0e311_assets/shared/img/tile-2x1.png","1978","NOT_FOUND"
"assets/shared/svg/aaa-logo-modal-full-screen.svg","a077bdd714511f25e768d36539565f6a429d12904a4ab7c23a5c439d98a629c6","orgs/6e9b9e3b-c6be-4991-b03b-cf1f1d2eab4a/apps/com.aaa.iphone.discounts.5fc6b2fe/delta/9490fb130c2485b989d821f148025a9446003215bdee893fbaa5ea6b89e3105d_assets/shared/svg/aaa-logo-modal-full-screen.svg","2101","NOT_FOUND"
"assets/shared/svg/aaa_logo.svg","e83cf8ae4e9de7c7556a84823e1ce1792c37ec6c354a87fcc1d4600509e3f7f9","orgs/6e9b9e3b-c6be-4991-b03b-cf1f1d2eab4a/apps/com.aaa.iphone.discounts.5fc6b2fe/delta/598e5e7d8e7fd75249f33880c99f001ab48243b386c8d56f4a7deb5d2bcdffaf_assets/shared/svg/aaa_logo.svg","3669","NOT_FOUND"
"assets/shared/svg/achievement-step1.svg","95451f5c0ec903e12c971f6719ad9520287a8c168a670b57c54d618b8beb1af8","orgs/6e9b9e3b-c6be-4991-b03b-cf1f1d2eab4a/apps/com.aaa.iphone.discounts.5fc6b2fe/delta/970410fa1f42cdadbf3355b7f92f4ebcecee933351ff183e338a25f4285e1331_assets/shared/svg/achievement-step1.svg","7336","NOT_FOUND"
"assets/shared/svg/achievement-step2.svg","34c0c39336ad4853288fd6d4a8d9cbfda2ce570ded4167935c447fba2b7a66c1","orgs/6e9b9e3b-c6be-4991-b03b-cf1f1d2eab4a/apps/com.aaa.iphone.discounts.5fc6b2fe/delta/6203058d9bb06f4c0da89ed4056cb63f8908e0bb4a41005ca313867ec4fca0fc_assets/shared/svg/achievement-step2.svg","7326","NOT_FOUND"
"assets/shared/svg/achievement-step3.svg.br","e72a956e38f0528dc63899478dd6f60029cfc99a51e009f1de3fcea95ac5df5f","orgs/6e9b9e3b-c6be-4991-b03b-cf1f1d2eab4a/apps/com.aaa.iphone.discounts.5fc6b2fe/delta/685fd187395a6ccedbe92cb1738d5d6b79f9925d6f3563ca60861f2467174efb_assets/shared/svg/achievement-step3.svg.br","4150","NOT_FOUND"
"assets/shared/svg/achievement-step4.svg.br","9f186d86b45cdeaa165e262090a0805935db23918bc03fe3c9aef8bce292184a","orgs/6e9b9e3b-c6be-4991-b03b-cf1f1d2eab4a/apps/com.aaa.iphone.discounts.5fc6b2fe/delta/b1e1966988ff39667ed7e25a78924f684a8a2ad1903448d7ab9e18c6007d653e_assets/shared/svg/achievement-step4.svg.br","4202","NOT_FOUND"
"assets/shared/svg/achievement-step5.svg.br","77a2512dc8cb6d1b20114a66b025c6ed3bc89357c73c49dedf0317e518364d24","orgs/6e9b9e3b-c6be-4991-b03b-cf1f1d2eab4a/apps/com.aaa.iphone.discounts.5fc6b2fe/delta/0914cd1292d79c101d2ed05cb3e4a1a85cded24c395a85fb2f82eb7707170b5a_assets/shared/svg/achievement-step5.svg.br","3665","NOT_FOUND"
"assets/shared/svg/alert-aaa-logo.svg","2a0e6b9a43ce3e7fa7a84ee277e698ee9eb307ce863dac65ebe89376161a4812","orgs/6e9b9e3b-c6be-4991-b03b-cf1f1d2eab4a/apps/com.aaa.iphone.discounts.5fc6b2fe/delta/a796123503c54fbf1d350545df908eabb59203b750b6a8907df14d2d01fdf0cc_assets/shared/svg/alert-aaa-logo.svg","2130","NOT_FOUND"
"assets/shared/svg/bullet.svg","d570760732f4cbedd6e068a12c1c556531e1ebd2c7f6b850c9245b3ee961b221","orgs/6e9b9e3b-c6be-4991-b03b-cf1f1d2eab4a/apps/com.aaa.iphone.discounts.5fc6b2fe/delta/733c65e20b35bc85c616f9b55bd8f4e6790aa078879dc691f4d3288da6654b7a_assets/shared/svg/bullet.svg","144","NOT_FOUND"
"assets/shared/svg/cards-error-warning.svg","8c231055e28721f503e082b94fe92a64f08bb1bbd2a0ee81f6da1e409c95294c","orgs/6e9b9e3b-c6be-4991-b03b-cf1f1d2eab4a/apps/com.aaa.iphone.discounts.5fc6b2fe/delta/27b69688d95d680656eb155405e89f4f64f5ba541e3943f15733d70cdc800123_assets/shared/svg/cards-error-warning.svg","1214","NOT_FOUND"
"assets/shared/svg/location.svg","c11add36834905b91ca347400abd13fcf9e654831e44130951e42d5f8081b2d3","orgs/6e9b9e3b-c6be-4991-b03b-cf1f1d2eab4a/apps/com.aaa.iphone.discounts.5fc6b2fe/delta/d17a1b454a4510b9036a7658ebb93e454fd206f530a2d3a80933a2b7c13c93eb_assets/shared/svg/location.svg","990","NOT_FOUND"
"assets/shared/svg/modal-bg.svg.br","7efcdc20103961fca360591944ca355eecfd6f275bcb4fb595d8a01627a48ea3","orgs/6e9b9e3b-c6be-4991-b03b-cf1f1d2eab4a/apps/com.aaa.iphone.discounts.5fc6b2fe/delta/5baa55706d71004eb57dbde40bee1075092edb82e1a45bb0646a39ee9025630b_assets/shared/svg/modal-bg.svg.br","8617","NOT_FOUND"
"assets/shared/svg/roadside.svg","92535b6d3db4fd8b5ddf60d4aa671877384396a0fcbf710cbf411a939bf5e1d3","orgs/6e9b9e3b-c6be-4991-b03b-cf1f1d2eab4a/apps/com.aaa.iphone.discounts.5fc6b2fe/delta/12f45179b582731b18d57c6221a17c67eb7418519e693e00f074423c96882420_assets/shared/svg/roadside.svg","3303","NOT_FOUND"
"assets/travel/img/gradient-overlay.webp.br","4642601c2ef2576deda8abb10b6af55125a120459cc2fc706506dac7f91be4a2","orgs/6e9b9e3b-c6be-4991-b03b-cf1f1d2eab4a/apps/com.aaa.iphone.discounts.5fc6b2fe/delta/a5b2543919518825200ea0aaf867b2d71bc83afa067ae5930dbdb2ffa097baff_assets/travel/img/gradient-overlay.webp.br","49175","NOT_FOUND"
"assets/travel/img/overlay-road-trips.png","e83950c8fa50f54e34fa7399df93db26942b99eaadb0fdd5670d7052738a14e4","orgs/6e9b9e3b-c6be-4991-b03b-cf1f1d2eab4a/apps/com.aaa.iphone.discounts.5fc6b2fe/delta/b367675b1ef7d7f7648e66f125fd67943847b7cb51634fcfabc4411211c9ac58_assets/travel/img/overlay-road-trips.png","105","NOT_FOUND"
"assets/travel/img/road-trip-stop-gem.png","e3be47ae6bbdda4eb1599a6ee6f1499c4942ff393a83c8f96e38dd0cf4ea32ea","orgs/6e9b9e3b-c6be-4991-b03b-cf1f1d2eab4a/apps/com.aaa.iphone.discounts.5fc6b2fe/delta/7296e261682cf68ea442be526b6cc356612d3efa6d41c69e447a4a9a316526ac_assets/travel/img/road-trip-stop-gem.png","1246","NOT_FOUND"
"assets/travel/img/road-trips-default.png.br","7dd2cdce93ef0d885e8c18f1bcfc45050919f6dd7123761ff43e56dc471ec43d","orgs/6e9b9e3b-c6be-4991-b03b-cf1f1d2eab4a/apps/com.aaa.iphone.discounts.5fc6b2fe/delta/016d709d9399fe3589900e446c6b48cd53eeee0dd02e19bc6cdad2e08259408d_assets/travel/img/road-trips-default.png.br","78014","NOT_FOUND"
"assets/travel/img/road-trips-pins/road-trips-alaska.webp.br","c1f3c68fbc23b78e5cb9fd79162ff769d4ac3956dd3b33ce82a416d4b9d38140","orgs/6e9b9e3b-c6be-4991-b03b-cf1f1d2eab4a/apps/com.aaa.iphone.discounts.5fc6b2fe/delta/dfab77c0cb1e0da0e5bd36af69fc66291ca73e8b82c88760e212ade94922712d_assets/travel/img/road-trips-pins/road-trips-alaska.webp.br","12073","NOT_FOUND"
"assets/travel/img/road-trips-pins/road-trips-eastern-canada.webp.br","0e0ea251ac8fb9d6c5af939616760742a6f415cec486ac818d39bbf2eae817a5","orgs/6e9b9e3b-c6be-4991-b03b-cf1f1d2eab4a/apps/com.aaa.iphone.discounts.5fc6b2fe/delta/ed0c2edd08117b5ae437888664236af9dd2e4989b6624737f62f7aacd23f39ec_assets/travel/img/road-trips-pins/road-trips-eastern-canada.webp.br","13036","NOT_FOUND"
"assets/travel/img/road-trips-pins/road-trips-great-lakes.webp.br","a9322562cbe6d0e96c610c9fc18f798fae3644d5961aa8902ce439d748d1fe76","orgs/6e9b9e3b-c6be-4991-b03b-cf1f1d2eab4a/apps/com.aaa.iphone.discounts.5fc6b2fe/delta/a0f4c0b930c538bd73822b15c46006c5cc3a80e81a158d5039f9561fe31c44e3_assets/travel/img/road-trips-pins/road-trips-great-lakes.webp.br","8905","NOT_FOUND"
"assets/travel/img/road-trips-pins/road-trips-hawaii.webp.br","61e4375382ae0e69ea05fae27905af10ff2dfb537e5f5ba07f71ceb97321546f","orgs/6e9b9e3b-c6be-4991-b03b-cf1f1d2eab4a/apps/com.aaa.iphone.discounts.5fc6b2fe/delta/9dd33519e96e691e9abf44f9576f2849f9a99149662069e4ca886e9025074cd3_assets/travel/img/road-trips-pins/road-trips-hawaii.webp.br","14891","NOT_FOUND"
"assets/travel/img/road-trips-pins/road-trips-midatlantic.webp.br","1aba24ae18f71571fa7d72727a860d789ca98a4bc22d346b8ced7ab60de6aa0c","orgs/6e9b9e3b-c6be-4991-b03b-cf1f1d2eab4a/apps/com.aaa.iphone.discounts.5fc6b2fe/delta/901d3639f5bd0477d73bf3deea49a650b305185f529aae3dac32ae3aa60b520a_assets/travel/img/road-trips-pins/road-trips-midatlantic.webp.br","19302","NOT_FOUND"
"assets/travel/img/road-trips-pins/road-trips-new-england.webp.br","5b5339a028381ded4f4167bd2c9cf3967a6ab68f5f3e3b8b08779583be8031a0","orgs/6e9b9e3b-c6be-4991-b03b-cf1f1d2eab4a/apps/com.aaa.iphone.discounts.5fc6b2fe/delta/42c4f3303a7e47fd5f794489ab9cf22686161a2a23057649ed7656754c2b3a3c_assets/travel/img/road-trips-pins/road-trips-new-england.webp.br","10933","NOT_FOUND"
"assets/travel/img/road-trips-pins/road-trips-northern-rockies.webp.br","e37bfaf3b404b8a697ee1fc90f393d8c1b2e5f277b818e1d43a29f3b2f4dc23a","orgs/6e9b9e3b-c6be-4991-b03b-cf1f1d2eab4a/apps/com.aaa.iphone.discounts.5fc6b2fe/delta/326985d30f2cc9e3de7e5e1d770d0b0e9f348400458f6b551692f4fc361d3c92_assets/travel/img/road-trips-pins/road-trips-northern-rockies.webp.br","15216","NOT_FOUND"
"assets/travel/img/road-trips-pins/road-trips-northernplains.webp.br","f437d0bc0baff03be748c68fd2ed168cb48dc07db9e21b489fd49553c30dfc07","orgs/6e9b9e3b-c6be-4991-b03b-cf1f1d2eab4a/apps/com.aaa.iphone.discounts.5fc6b2fe/delta/d0633c0163e040e81d648cda4874e69ef18f520c6bd9e3ec6c362ef9cf824da8_assets/travel/img/road-trips-pins/road-trips-northernplains.webp.br","12728","NOT_FOUND"
"assets/travel/img/road-trips-pins/road-trips-pacific-northwest.webp.br","b1bc4b5bd1396a4c9409a63b2c057655e962a1b9fd8a46c0ad2a3a0479e2c2d1","orgs/6e9b9e3b-c6be-4991-b03b-cf1f1d2eab4a/apps/com.aaa.iphone.discounts.5fc6b2fe/delta/f7f78682851aadf89c455b8d02e78bb68dff906446e9ed81b7206076f6b32fbe_assets/travel/img/road-trips-pins/road-trips-pacific-northwest.webp.br","9916","NOT_FOUND"
"assets/travel/img/road-trips-pins/road-trips-pacific-southeastgulfcoast.webp.br","5426138e86e49e11dce3bb4e32d41fdbefee306d7a9e54c4f0de344edd8f928e","orgs/6e9b9e3b-c6be-4991-b03b-cf1f1d2eab4a/apps/com.aaa.iphone.discounts.5fc6b2fe/delta/d28abac1a62611a8af63d735410283f840447ea203c4dad4d25930a5536ad12c_assets/travel/img/road-trips-pins/road-trips-pacific-southeastgulfcoast.webp.br","12588","NOT_FOUND"
"assets/travel/img/road-trips-pins/road-trips-pacific-southwest.webp.br","833631bd01096cad3e99e42661ff6e8027e8a859be93381a499ee83852988a9e","orgs/6e9b9e3b-c6be-4991-b03b-cf1f1d2eab4a/apps/com.aaa.iphone.discounts.5fc6b2fe/delta/659956323c90596fb19a222ab7a811ffd0f0d65be6a697affe6184aee64bc16f_assets/travel/img/road-trips-pins/road-trips-pacific-southwest.webp.br","12621","NOT_FOUND"
"assets/travel/img/road-trips-pins/road-trips-south-central.webp.br","8f808d59ef49b2d5d7184b79b6a418323af4026d4021f947f23aa20031cb4e1d","orgs/6e9b9e3b-c6be-4991-b03b-cf1f1d2eab4a/apps/com.aaa.iphone.discounts.5fc6b2fe/delta/2f62e538b0f8b571d0b911302de8d231681ad385f8708c48351a4dc9e73be00a_assets/travel/img/road-trips-pins/road-trips-south-central.webp.br","12757","NOT_FOUND"
"assets/travel/img/road-trips-pins/road-trips-southeast-appalachian.webp.br","8d069eb8f1638e23e9f875c2a0730e11b753002392955672d59131a3a41951ea","orgs/6e9b9e3b-c6be-4991-b03b-cf1f1d2eab4a/apps/com.aaa.iphone.discounts.5fc6b2fe/delta/7ae2763d44cb2d5c828b73749b1240e7d7025c8bcc78b97a511202a2e0f96bf5_assets/travel/img/road-trips-pins/road-trips-southeast-appalachian.webp.br","9784","NOT_FOUND"
"assets/travel/img/road-trips-pins/road-trips-southern-rockies.webp.br","dfa9e4083c1db0f1d6de1224ae9100442c13c1d834b5336de5bdfc14708d2d16","orgs/6e9b9e3b-c6be-4991-b03b-cf1f1d2eab4a/apps/com.aaa.iphone.discounts.5fc6b2fe/delta/304db31f13c087cb1c798ce7bc865325c0297957111212fa15a2013790e7d75f_assets/travel/img/road-trips-pins/road-trips-southern-rockies.webp.br","12227","NOT_FOUND"
"assets/travel/img/road-trips-pins/road-trips-southwest-desert.webp.br","d22a264930983b36b22fe11a1dbf4ba15cb3a9314215115930cc4a5ffd89d9e7","orgs/6e9b9e3b-c6be-4991-b03b-cf1f1d2eab4a/apps/com.aaa.iphone.discounts.5fc6b2fe/delta/adae85881ba0f91e8182081d7378428e63d51bbee287c6e95bf1757a39a68060_assets/travel/img/road-trips-pins/road-trips-southwest-desert.webp.br","8299","NOT_FOUND"
"assets/travel/img/road-trips-pins/road-trips-western-canada.webp.br","bc82c717ad5bc8f008ae2992c07a74e6675763a903bcd564bfdd832d1cb51e35","orgs/6e9b9e3b-c6be-4991-b03b-cf1f1d2eab4a/apps/com.aaa.iphone.discounts.5fc6b2fe/delta/dbb63dc75dc79b3d24523a4446daf8bc113ae1b02ef1fd5f1c592216b4884756_assets/travel/img/road-trips-pins/road-trips-western-canada.webp.br","9310","NOT_FOUND"
"assets/travel/img/road-trips-regions-header.png","a4a9d48d8a2fd4a1cb625428242e4efead3cba492fe848e352fce05c11dba6f6","orgs/6e9b9e3b-c6be-4991-b03b-cf1f1d2eab4a/apps/com.aaa.iphone.discounts.5fc6b2fe/delta/24036f8ef83d606633d88966cfbcbbf70b5d6427dbb9d185c08e099fab5ffc07_assets/travel/img/road-trips-regions-header.png","1371391","NOT_FOUND"
"assets/travel/img/shell-logo.png.br","a94800634216e5d677d7adbf3ebc5f38bc44c95741e7d438bff607f4f166d3a5","orgs/6e9b9e3b-c6be-4991-b03b-cf1f1d2eab4a/apps/com.aaa.iphone.discounts.5fc6b2fe/delta/61c43216c879a88700f1c6bb0b111749d416b2556949dca7c6d86f0ea8161668_assets/travel/img/shell-logo.png.br","38050","NOT_FOUND"
"assets/travel/img/travel-td-anaheim.webp","62c9cbcddaf0b41b609143cdcc5a8b323e479e4961bcc2a4d0a904b0c14cf4dc","orgs/6e9b9e3b-c6be-4991-b03b-cf1f1d2eab4a/apps/com.aaa.iphone.discounts.5fc6b2fe/delta/36a28593690b88d83bb32459e8582a74aeea8e299053016dea9663449900fec6_assets/travel/img/travel-td-anaheim.webp","54130","NOT_FOUND"
"assets/travel/img/travel-td-honolulu.webp","5a3fd7a69945d0b38c2c8374aa6b52b9bb8d72a573d987e3498e40f8f860d552","orgs/6e9b9e3b-c6be-4991-b03b-cf1f1d2eab4a/apps/com.aaa.iphone.discounts.5fc6b2fe/delta/bd7450abea247326cdc0f5361d3d5914ce3ac65aeb7d5273e1e073220176dea6_assets/travel/img/travel-td-honolulu.webp","51644","NOT_FOUND"
"assets/travel/img/travel-td-las-vegas.webp","a17ed01738d437fcb288b45681d13f2425523149be62c1b4ad86c6d715200848","orgs/6e9b9e3b-c6be-4991-b03b-cf1f1d2eab4a/apps/com.aaa.iphone.discounts.5fc6b2fe/delta/234f87d28a498307becf5dce219d8fd17c2f845445a7d9c42c695f2173c3c0a2_assets/travel/img/travel-td-las-vegas.webp","77980","NOT_FOUND"
"assets/travel/img/travel-td-los-angeles.webp","7cae01044885b881d5d65f019b77a3455087756323341bc9a1a1994a123d042b","orgs/6e9b9e3b-c6be-4991-b03b-cf1f1d2eab4a/apps/com.aaa.iphone.discounts.5fc6b2fe/delta/7111ad6443702ee58ea5f0212731c3a747aa96c00065f172dcd3f37ea3390f12_assets/travel/img/travel-td-los-angeles.webp","90836","NOT_FOUND"
"assets/travel/img/travel-td-nashville.webp","a9963be43ac81fe412920db10f3e5afa8cfc72d27aabdc8ffe595ed1628034f0","orgs/6e9b9e3b-c6be-4991-b03b-cf1f1d2eab4a/apps/com.aaa.iphone.discounts.5fc6b2fe/delta/2fde800756e4cf86787187e9123404109290adb6bc654c422ef28c325622fa1f_assets/travel/img/travel-td-nashville.webp","49720","NOT_FOUND"
"assets/travel/img/travel-td-new-orleans.webp","96726d606868bf0c483fc20ccfebbeefda66a0f7b680d1a661b29f1c8d30561a","orgs/6e9b9e3b-c6be-4991-b03b-cf1f1d2eab4a/apps/com.aaa.iphone.discounts.5fc6b2fe/delta/a0ba3f0c37147b8653b4fe5369f76e39316ff07f727a6ef9b0558f646ebee5b9_assets/travel/img/travel-td-new-orleans.webp","43896","NOT_FOUND"
"assets/travel/img/travel-td-new-york.webp","6be01e13e96fd0af4b619afe9412b1d7a36bad3265cc6143f3466ba44abd2353","orgs/6e9b9e3b-c6be-4991-b03b-cf1f1d2eab4a/apps/com.aaa.iphone.discounts.5fc6b2fe/delta/acd6b56e9915406bbb1f466d0d990b25cf6df92ca64975f2db0fa6a9d3ac2469_assets/travel/img/travel-td-new-york.webp","78570","NOT_FOUND"
"assets/travel/img/travel-td-orlando.webp","a3e923270c63b605e730b6a627a08755fa5bcceb7f83053cf0fbffba1ba10107","orgs/6e9b9e3b-c6be-4991-b03b-cf1f1d2eab4a/apps/com.aaa.iphone.discounts.5fc6b2fe/delta/ab36233a90831d4a1838f95160738c54297575ddc7ab8e3c9ea4686d26cbc591_assets/travel/img/travel-td-orlando.webp","90252","NOT_FOUND"
"assets/travel/img/travel-td-rome.webp","74573675d8f1e93583722e22cd2df077c38de451dc0c9de2e2502f00649b16e7","orgs/6e9b9e3b-c6be-4991-b03b-cf1f1d2eab4a/apps/com.aaa.iphone.discounts.5fc6b2fe/delta/4cd1970252a6ddeffab02fee037fb9e59d59287c5b304082eb317be1b6f93c73_assets/travel/img/travel-td-rome.webp","69720","NOT_FOUND"
"assets/travel/img/travel-td-san-francisco.webp","29d0fd11e1a0dcdc3875435517debc2c3ab86ac103450e1c10a6b2b92b4a7163","orgs/6e9b9e3b-c6be-4991-b03b-cf1f1d2eab4a/apps/com.aaa.iphone.discounts.5fc6b2fe/delta/697902a70ded21adc41fc250c61801fed2ab6068a0aea3427790d1431f30cf0f_assets/travel/img/travel-td-san-francisco.webp","69290","NOT_FOUND"
"assets/travel/img/travel-td-seattle.webp","08e7edf0f7fd65df6971981f9672c87354ff2c20ada5c4df2c5d23e6787a90a0","orgs/6e9b9e3b-c6be-4991-b03b-cf1f1d2eab4a/apps/com.aaa.iphone.discounts.5fc6b2fe/delta/46d4807a3a9a44aa1980ae8f16c6639afe7ae9bac83dba7f7c56099b3a5e6239_assets/travel/img/travel-td-seattle.webp","70014","NOT_FOUND"
"assets/travel/img/travel-td-tampa.webp","5bc51e981f60807b82d1a763ce0a7cde46a190a263c19fdaa5d9f6bdd36aaf0e","orgs/6e9b9e3b-c6be-4991-b03b-cf1f1d2eab4a/apps/com.aaa.iphone.discounts.5fc6b2fe/delta/ce93777462380f0a69faefef220fcff49851d98ed94ee00f0e4d1dd545b7e9de_assets/travel/img/travel-td-tampa.webp","63058","NOT_FOUND"
"assets/travel/img/travel-td-washington.webp","e5b0c6e314cca37eff8688e9023a51a7f3d33065ba7f0da47ec0510e3124cb65","orgs/6e9b9e3b-c6be-4991-b03b-cf1f1d2eab4a/apps/com.aaa.iphone.discounts.5fc6b2fe/delta/794e97092cc2bc1146ef37a14ec7152ca5c356fc23a21fe807eae6b611e64c4e_assets/travel/img/travel-td-washington.webp","25166","NOT_FOUND"
"assets/travel/svg/road-trip-map.svg","ca35eea49995174fe7200d5d7e68cd00f3338e94489310b40c444e3836abb74d","orgs/6e9b9e3b-c6be-4991-b03b-cf1f1d2eab4a/apps/com.aaa.iphone.discounts.5fc6b2fe/delta/a049b740d10ca4015404e7494924c0d714cfb26009c48959067e62f44dbe9d74_assets/travel/svg/road-trip-map.svg","803","NOT_FOUND"
"assets/travel/svg/road-trip-ticket.svg","c4ce04c339669191602e296e1413a73b75795a85b701e38ebeb0b4a0897ec9b7","orgs/6e9b9e3b-c6be-4991-b03b-cf1f1d2eab4a/apps/com.aaa.iphone.discounts.5fc6b2fe/delta/007b9adc8352cb0a6173cd6ff6d13033f72fc786988d26ea2ed3b993fe59223d_assets/travel/svg/road-trip-ticket.svg","2226","NOT_FOUND"
"assets/travel/svg/road-trips-pins/road-trips-alaska.svg.br","e78290401ed5c39b6967d1e8d5250118ec0868780a7c1db8558fee54ddac4a6b","orgs/6e9b9e3b-c6be-4991-b03b-cf1f1d2eab4a/apps/com.aaa.iphone.discounts.5fc6b2fe/delta/39a758250ec6a843b135fdcb386ca0536d85a7d40cc1ad9dfc05e1ad4cc3c9e0_assets/travel/svg/road-trips-pins/road-trips-alaska.svg.br","49142","NOT_FOUND"
"assets/travel/svg/road-trips-pins/road-trips-eastern-canada.svg.br","3141072fb410478ab8d23b4d1780717be7e44f513377f5864c7474809915e522","orgs/6e9b9e3b-c6be-4991-b03b-cf1f1d2eab4a/apps/com.aaa.iphone.discounts.5fc6b2fe/delta/42f4b42a0b8a5d1604f5f7d2d1b5abfeb049b6423c414f56c00b1027292e4714_assets/travel/svg/road-trips-pins/road-trips-eastern-canada.svg.br","79467","NOT_FOUND"
"assets/travel/svg/road-trips-pins/road-trips-great-lakes.svg.br","a6fc4737e3efed0220b347b2a28bbe798d8537e7a5b66247ba0d2019638adb75","orgs/6e9b9e3b-c6be-4991-b03b-cf1f1d2eab4a/apps/com.aaa.iphone.discounts.5fc6b2fe/delta/e80a046a197c7eea9ad9372c4fd87c7f28036090c9c89b1ff0a2dcb01aef4acf_assets/travel/svg/road-trips-pins/road-trips-great-lakes.svg.br","15997","NOT_FOUND"
"assets/travel/svg/road-trips-pins/road-trips-hawaii.svg.br","3e107f3729bad471f5f65d360cec618d3e03fd8358ade468e7f4c92e142d9747","orgs/6e9b9e3b-c6be-4991-b03b-cf1f1d2eab4a/apps/com.aaa.iphone.discounts.5fc6b2fe/delta/28cab2489217eef321e2672507c6f5e8ea81556c3e849e01644716a74818048b_assets/travel/svg/road-trips-pins/road-trips-hawaii.svg.br","26223","NOT_FOUND"
"assets/travel/svg/road-trips-pins/road-trips-midatlantic.svg.br","620ece37736bc25b302647f5be49303098c3567e7ef800145b8671bd99b5c23d","orgs/6e9b9e3b-c6be-4991-b03b-cf1f1d2eab4a/apps/com.aaa.iphone.discounts.5fc6b2fe/delta/9243ef484601d1b4783be0a4d07db76221a12878fb79c93e432810af5f0ddcfb_assets/travel/svg/road-trips-pins/road-trips-midatlantic.svg.br","134012","NOT_FOUND"
"assets/travel/svg/road-trips-pins/road-trips-new-england.svg.br","5aa14cb5de44b9b413dc41c41ec427fc6f994ae52177a9d10dcbefff9714e3e4","orgs/6e9b9e3b-c6be-4991-b03b-cf1f1d2eab4a/apps/com.aaa.iphone.discounts.5fc6b2fe/delta/f783200e6587238817b3ece884fa28e65f8b4ef2dccf099e5d9ca9600ef0ce6b_assets/travel/svg/road-trips-pins/road-trips-new-england.svg.br","46102","NOT_FOUND"
"assets/travel/svg/road-trips-pins/road-trips-northern-rockies.svg.br","9269779866d815f0d13bb769a3fd6703b7f10f5b3ee745464d0b28fe481cbb34","orgs/6e9b9e3b-c6be-4991-b03b-cf1f1d2eab4a/apps/com.aaa.iphone.discounts.5fc6b2fe/delta/821184f4e79d8566b2e78ee1fe7c6e1dcc9e527d9b5ac362e587e3961a270c5c_assets/travel/svg/road-trips-pins/road-trips-northern-rockies.svg.br","98468","NOT_FOUND"
"assets/travel/svg/road-trips-pins/road-trips-northernplains.svg.br","41d8a84661b778273004fe5e4c404b81910d5f0680ba0f26536066d44f629baf","orgs/6e9b9e3b-c6be-4991-b03b-cf1f1d2eab4a/apps/com.aaa.iphone.discounts.5fc6b2fe/delta/128b1223f5bdf91fa80b0ee6af416480eed27f4fed9fa2927f90425dcdae0bd4_assets/travel/svg/road-trips-pins/road-trips-northernplains.svg.br","83930","NOT_FOUND"
"assets/travel/svg/road-trips-pins/road-trips-pacific-northwest.svg.br","40df3898013e08ca9e9e1aaa6ec9d04881bb25c2b493bc5bf181ae278f7a15b1","orgs/6e9b9e3b-c6be-4991-b03b-cf1f1d2eab4a/apps/com.aaa.iphone.discounts.5fc6b2fe/delta/04a8e97233ab4abb0b26395fc904a0fb19f2d639247b0a5946ee4006c302b9a1_assets/travel/svg/road-trips-pins/road-trips-pacific-northwest.svg.br","50188","NOT_FOUND"
"assets/travel/svg/road-trips-pins/road-trips-pacific-southeastgulfcoast.svg.br","7ce64f0a5d76ce0e8048bf0e24c0e676748f4e2adfeae3b81a1c536531a1d9c3","orgs/6e9b9e3b-c6be-4991-b03b-cf1f1d2eab4a/apps/com.aaa.iphone.discounts.5fc6b2fe/delta/d57ce52a807eca6cf0eaddee7bd3fa91c813b16ce457a3783f7ec81f85a9cb9b_assets/travel/svg/road-trips-pins/road-trips-pacific-southeastgulfcoast.svg.br","23628","NOT_FOUND"
"assets/travel/svg/road-trips-pins/road-trips-pacific-southwest.svg.br","d9aee11ba343e5cb27c1a2a603dd3e2d097cc4a7867951d7e93d43fd1aff636b","orgs/6e9b9e3b-c6be-4991-b03b-cf1f1d2eab4a/apps/com.aaa.iphone.discounts.5fc6b2fe/delta/051b9985112f61c8ce3111dcff6e207ed5f7b88afe40a67ee8648d6b5c037168_assets/travel/svg/road-trips-pins/road-trips-pacific-southwest.svg.br","34318","NOT_FOUND"
"assets/travel/svg/road-trips-pins/road-trips-south-central.svg.br","b0eb8d0b6dc183c4473911d47e2d41390f37ecfef81af7dd371c8f1a84f6416a","orgs/6e9b9e3b-c6be-4991-b03b-cf1f1d2eab4a/apps/com.aaa.iphone.discounts.5fc6b2fe/delta/3b72078dd3eac116785dffd5436f0775ba860a0513c25c3fe9b1f28bf82f61df_assets/travel/svg/road-trips-pins/road-trips-south-central.svg.br","51498","NOT_FOUND"
"assets/travel/svg/road-trips-pins/road-trips-southeast-appalachian.svg.br","1011e025d15792c672262622e95da64919eeb7766598df40ce562c264d058379","orgs/6e9b9e3b-c6be-4991-b03b-cf1f1d2eab4a/apps/com.aaa.iphone.discounts.5fc6b2fe/delta/12a944870d689b93ab29ef3fb5b75e62ae2e3e4c6aac1700c667f996ac2401cc_assets/travel/svg/road-trips-pins/road-trips-southeast-appalachian.svg.br","29054","NOT_FOUND"
"assets/travel/svg/road-trips-pins/road-trips-southern-rockies.svg.br","419a7525b4a62a972a1063d12bcb36c13ab7b5eb0906daaddbb0275db530780c","orgs/6e9b9e3b-c6be-4991-b03b-cf1f1d2eab4a/apps/com.aaa.iphone.discounts.5fc6b2fe/delta/ef7bb1e59245d09078c493491c0736ab3da4403f54617bf819895d34b5733991_assets/travel/svg/road-trips-pins/road-trips-southern-rockies.svg.br","67900","NOT_FOUND"
"assets/travel/svg/road-trips-pins/road-trips-southwest-desert.svg.br","00603c22b475d8d48a79119038d86508d384d4917dbfc47824dd2319da7d52d1","orgs/6e9b9e3b-c6be-4991-b03b-cf1f1d2eab4a/apps/com.aaa.iphone.discounts.5fc6b2fe/delta/6dc65d543ab346b09f82981ab31b36a64240415f2efe0d8bcd899ba0471e0dce_assets/travel/svg/road-trips-pins/road-trips-southwest-desert.svg.br","16776","NOT_FOUND"
"assets/travel/svg/road-trips-pins/road-trips-western-canada.svg.br","1f9c8e44f0a794e4d2e5907791a9c90e29d3ff48c19fdc175f6afa7ab3148982","orgs/6e9b9e3b-c6be-4991-b03b-cf1f1d2eab4a/apps/com.aaa.iphone.discounts.5fc6b2fe/delta/1e883ec0fa452d9c17f5f9696ab7f5293ad2abc3cd3bd20a4c480c84480b6b75_assets/travel/svg/road-trips-pins/road-trips-western-canada.svg.br","47434","NOT_FOUND"
"assets/travel/svg/road-trips-view-list.svg","962a16d72c67d23ab1b0ee6328f3ee4d56a16906996970da23958f7e53306d58","orgs/6e9b9e3b-c6be-4991-b03b-cf1f1d2eab4a/apps/com.aaa.iphone.discounts.5fc6b2fe/delta/425bc02b7f10682c01504448661e2c55d51c12e422fd98e64da46d495d0ece05_assets/travel/svg/road-trips-view-list.svg","1424","NOT_FOUND"
"assets/travel/svg/tourbook-search-icon.svg","452d8ad2b76d40e53f42b4e9d1ae5b356a0c7bd24a4087cbfb4cd85cb29dab56","orgs/6e9b9e3b-c6be-4991-b03b-cf1f1d2eab4a/apps/com.aaa.iphone.discounts.5fc6b2fe/delta/425ca40120edb5365cebd885b38871369f610c460ec35338e8df7d3d063ea7dd_assets/travel/svg/tourbook-search-icon.svg","839","NOT_FOUND"
"assets/version.txt","9fceb58e2549093bdb654813b9d89ef0c62b4513922381bb6718e8bdc523f6c9","orgs/6e9b9e3b-c6be-4991-b03b-cf1f1d2eab4a/apps/com.aaa.iphone.discounts.5fc6b2fe/delta/3e7fc32bb35580efc0bce7c84f82754c53a02472ec052e0e5834b9bb4a8c641b_assets/version.txt","7","NOT_FOUND"
"chunk-25TJ7TOR.js.br","88be37e74661924ecd2af420b7344483cb30b8b790cb997ca5501886d2eec951","orgs/6e9b9e3b-c6be-4991-b03b-cf1f1d2eab4a/apps/com.aaa.iphone.discounts.5fc6b2fe/delta/b83ea5f56abc59f411896eb97413eee6be96dedd18d1ce140491f9487b27de17_chunk-25TJ7TOR.js.br","8665","NOT_FOUND"
"chunk-2AO7IY6P.js","c5f3e00134964c6a8da904c44bde9ebceff8a94ef810e167fe285b4b630e8611","orgs/6e9b9e3b-c6be-4991-b03b-cf1f1d2eab4a/apps/com.aaa.iphone.discounts.5fc6b2fe/delta/7143871bf7b851394c7e963c27ec32f360eb1f1b75381243eb126d39184fc18a_chunk-2AO7IY6P.js","5390","NOT_FOUND"
"chunk-2E3Z3S7Y.js.br","236d35e865fd3c1fbc05b727915bb01e13d19c11e5e06ef67e17c6ac4c27b669","orgs/6e9b9e3b-c6be-4991-b03b-cf1f1d2eab4a/apps/com.aaa.iphone.discounts.5fc6b2fe/delta/e7614abda8afc9ab7af0a546840734da5fef2bd35f44cf1534c28abd6e170dc1_chunk-2E3Z3S7Y.js.br","2398","NOT_FOUND"
"chunk-2EF5M3EE.js","5a67e9bab184d869dea02e78847d8084a789d65c2f6bbba235ca324a3db96d59","orgs/6e9b9e3b-c6be-4991-b03b-cf1f1d2eab4a/apps/com.aaa.iphone.discounts.5fc6b2fe/delta/bc05a0a976e1fd2fe4c6e15512262e303b0c21a91b9220af0ef7f7c6444f305e_chunk-2EF5M3EE.js","7273","NOT_FOUND"
"chunk-2IBBW5TI.js","1b415051ff235cf10e1d81c1a5ecbe36d6bebe6f939fef0bf6e2edfd97239c38","orgs/6e9b9e3b-c6be-4991-b03b-cf1f1d2eab4a/apps/com.aaa.iphone.discounts.5fc6b2fe/delta/9fce2237df15820d057cdf262786f33fb3ce8a95ff64083b356c71e313bbb991_chunk-2IBBW5TI.js","5917","NOT_FOUND"
"chunk-2IGOXJHM.js.br","052a11135f0a0496b835a7047896bd1b7d73243b4ecbd303c7cfef261b7988e6","orgs/6e9b9e3b-c6be-4991-b03b-cf1f1d2eab4a/apps/com.aaa.iphone.discounts.5fc6b2fe/delta/79774a177d62d87cd4ccb016194d8b205a4aba8de374900c308123de96643cb3_chunk-2IGOXJHM.js.br","91699","NOT_FOUND"
"chunk-2R23VECX.js","95627343027da749141a5c18ad8a264f7bbff4fd3d258932172d5a45157dde2b","orgs/6e9b9e3b-c6be-4991-b03b-cf1f1d2eab4a/apps/com.aaa.iphone.discounts.5fc6b2fe/delta/184704ecc198160ff4211b66364fabfdb626f644575bcbc6876e87f47c11abbe_chunk-2R23VECX.js","1857","NOT_FOUND"
"chunk-2R63SCWU.js","32cb0a6accf8b6565bd719a12a2d73db0fe90dba7cb162a4158db7f088da7422","orgs/6e9b9e3b-c6be-4991-b03b-cf1f1d2eab4a/apps/com.aaa.iphone.discounts.5fc6b2fe/delta/4b5035096b78ac01ac9daebc5b820a7176cdf4e7a5d2e72df4e4eba4786b42d9_chunk-2R63SCWU.js","7226","NOT_FOUND"
"chunk-333VWYKG.js","9ec491047832bb087e2a740119c7fd919e408c2f0bcded93366226f6ed0fb027","orgs/6e9b9e3b-c6be-4991-b03b-cf1f1d2eab4a/apps/com.aaa.iphone.discounts.5fc6b2fe/delta/1dbd95746d6f275c84f65753cfe6732a0571bb8fb87899aac822bf9a0b17bb73_chunk-333VWYKG.js","297","NOT_FOUND"
"chunk-3PVXV3XL.js.br","5a8baa2d29ff88873c44faaf225f97ea900f9640d29ea0da1f268ee672ee3c5d","orgs/6e9b9e3b-c6be-4991-b03b-cf1f1d2eab4a/apps/com.aaa.iphone.discounts.5fc6b2fe/delta/bd951db1bf52c957aa3380cd69a6349e1e4a2c3e37e0bf526676e2e12d6c4f9d_chunk-3PVXV3XL.js.br","5151","NOT_FOUND"
"chunk-3SPPOSNZ.js","771c315feb8a661d0765eefa2d344651f8e93a84d0e15befb3d1ac5dff6f1850","orgs/6e9b9e3b-c6be-4991-b03b-cf1f1d2eab4a/apps/com.aaa.iphone.discounts.5fc6b2fe/delta/58d5f333ef683aaf71cfa4a3d34f7316fa22eb414bfae7b15a7b8e68353b5427_chunk-3SPPOSNZ.js","1592","NOT_FOUND"
"chunk-3X4KQYBM.js.br","3ab0c807243dc811e2ee974c17a4659e6e741df9fd1d51128138878348ea437c","orgs/6e9b9e3b-c6be-4991-b03b-cf1f1d2eab4a/apps/com.aaa.iphone.discounts.5fc6b2fe/delta/12749c761fea87b458c2a37f3b01b47efb43ff5679befa5335fb5519c69caf9b_chunk-3X4KQYBM.js.br","3677","NOT_FOUND"
"chunk-4G7CTCXU.js","44bd1e97eb4b75e01eeee47978e746495ab3d0346646de712a9a11384736c053","orgs/6e9b9e3b-c6be-4991-b03b-cf1f1d2eab4a/apps/com.aaa.iphone.discounts.5fc6b2fe/delta/cc22d7b40882d8476655bed8bdcff64904274391ecc4bc4111bcb5f9a5c84156_chunk-4G7CTCXU.js","304","NOT_FOUND"
"chunk-4MOF72CC.js","90135c5da6eea6a23f88339581f547e66aa9b522d6dfb72a13b6524b8746df7f","orgs/6e9b9e3b-c6be-4991-b03b-cf1f1d2eab4a/apps/com.aaa.iphone.discounts.5fc6b2fe/delta/f51597aed52c14f9ba2971a95dfb9cfd0bd42ed626d23f69ccaf39398cd4e0c1_chunk-4MOF72CC.js","507","NOT_FOUND"
"chunk-4UWMFIGO.js.br","a929c7de4522112e9b65c55310a3c7240c5f62b2f597645b7a566215af4fc8cf","orgs/6e9b9e3b-c6be-4991-b03b-cf1f1d2eab4a/apps/com.aaa.iphone.discounts.5fc6b2fe/delta/6482c1307ce2c4c4b6f2e05b13c6d8dea26b1776a7f5da9a6f2155d427e5b60b_chunk-4UWMFIGO.js.br","9855","NOT_FOUND"
"chunk-5AAEOYMK.js","713c24688d71dd63ffa3a93339fe57f0777aff04b176fb5970df9acf7e6b90a4","orgs/6e9b9e3b-c6be-4991-b03b-cf1f1d2eab4a/apps/com.aaa.iphone.discounts.5fc6b2fe/delta/c9679d4788618f9860c8c233cc972de9934e20975a3bb116c56598aedd116869_chunk-5AAEOYMK.js","3965","NOT_FOUND"
"chunk-5NSGBSXB.js","f3a2887ff72248ae3bc99cde814da80984c5499574d0f9061cd410cf6940d348","orgs/6e9b9e3b-c6be-4991-b03b-cf1f1d2eab4a/apps/com.aaa.iphone.discounts.5fc6b2fe/delta/51f0bfbec3640d0721314191785a890a2e470107b763d63dc721392e0a0bf78a_chunk-5NSGBSXB.js","1435","NOT_FOUND"
"chunk-5OQF5NYD.js","984783ba156a75f98c2552a7b90f738d5232d5605b55f4869b99fe858030cb51","orgs/6e9b9e3b-c6be-4991-b03b-cf1f1d2eab4a/apps/com.aaa.iphone.discounts.5fc6b2fe/delta/f1d11d0c22db0a5666d68e4eed4a47bb268277d3866ad0bf5979c8c732c93948_chunk-5OQF5NYD.js","4694","NOT_FOUND"
"chunk-5QBWGSYU.js","a47d588db05467d47edd6c4fc01ef084b44a3aef22abf1dcaafd97afd72694f5","orgs/6e9b9e3b-c6be-4991-b03b-cf1f1d2eab4a/apps/com.aaa.iphone.discounts.5fc6b2fe/delta/9417195384abb5c536d12cbcde6e11ed77ebf4abe1694c4a21a4131b02f16415_chunk-5QBWGSYU.js","2766","NOT_FOUND"
"chunk-5RGK7UTP.js","8bb01f35eb53e67bf93203118e2576f0148aba9a94174151f448e8626b478fac","orgs/6e9b9e3b-c6be-4991-b03b-cf1f1d2eab4a/apps/com.aaa.iphone.discounts.5fc6b2fe/delta/c834b5f2cbcf4eeb5ee29abf0319019fcdca47be9c05fc09a5e38b26a7f9db9b_chunk-5RGK7UTP.js","503","NOT_FOUND"
"chunk-5TLZWIQ3.js","55fa2ce068c6a1bd71744895fdf4a0c42bd27fbc59f5262ed415889d23ed3087","orgs/6e9b9e3b-c6be-4991-b03b-cf1f1d2eab4a/apps/com.aaa.iphone.discounts.5fc6b2fe/delta/3de4f4796d2157dfd525a2e3ff251cd3983c8584429c6e17f2fdebbbba83ca8f_chunk-5TLZWIQ3.js","1809","NOT_FOUND"
"chunk-5VDNKOGI.js","aa98c00a9a74725e7f6e4884a012715e6bdc07641b5f2fb70d43db91d068f4e6","orgs/6e9b9e3b-c6be-4991-b03b-cf1f1d2eab4a/apps/com.aaa.iphone.discounts.5fc6b2fe/delta/fb29779eccf69c17e3b2537dd74292d64ef28c0bdccb8676508ca9ed0e24a7c3_chunk-5VDNKOGI.js","1543","NOT_FOUND"
"chunk-5VFSJVUK.js","6cf272ff64c38968758edee917e151c240a5c652b1b2ba460a2b25574044de89","orgs/6e9b9e3b-c6be-4991-b03b-cf1f1d2eab4a/apps/com.aaa.iphone.discounts.5fc6b2fe/delta/b3c0718b7a68ce3bfe43165239bdcc684fdc9235cca7c04292edaa6c8fdf59d7_chunk-5VFSJVUK.js","329","NOT_FOUND"
"chunk-62WDBTQO.js","4cb8a62b14127a9356e104ce8655bf3117a3a5b56e74f85ffe968cc0dc9749d1","orgs/6e9b9e3b-c6be-4991-b03b-cf1f1d2eab4a/apps/com.aaa.iphone.discounts.5fc6b2fe/delta/38f189c82cb8ef84f36d4cc1ece0b87fa9eb66ccd7736be783800fef1a2bae8b_chunk-62WDBTQO.js","467","NOT_FOUND"
"chunk-6CDQM5IM.js.br","caee229bb2a1fa55425b8caff74f9884e77726ba7bc727947d10dfbdb9bb6eed","orgs/6e9b9e3b-c6be-4991-b03b-cf1f1d2eab4a/apps/com.aaa.iphone.discounts.5fc6b2fe/delta/06f8cb8fb19bd7f5d813aa2dfee996500a5940e2e1b786ecf6c7c5cf48b274c0_chunk-6CDQM5IM.js.br","6484","NOT_FOUND"
"chunk-6JWVBPZW.js.br","8d4e72b83f89dec0e5c539c609a621ca1ff5002ae0439a557f1e8deada0b847b","orgs/6e9b9e3b-c6be-4991-b03b-cf1f1d2eab4a/apps/com.aaa.iphone.discounts.5fc6b2fe/delta/9097d2e6cb5098d510f957e65fecafcc368f50c4df7d2fd3038eaee2b55413b3_chunk-6JWVBPZW.js.br","4422","NOT_FOUND"
"chunk-6N6RIHBK.js.br","c9c1bf616c5c762faa20a1992aeacea4de95b3687d1699d3dbb110ffc95549a9","orgs/6e9b9e3b-c6be-4991-b03b-cf1f1d2eab4a/apps/com.aaa.iphone.discounts.5fc6b2fe/delta/7b670a7c5eb13e7d3981d56ae6649fd3c2cdecd6606b2e9a762646b60b213f73_chunk-6N6RIHBK.js.br","4230","NOT_FOUND"
"chunk-6NOH7AK4.js.br","4b64a13e0ed4492b91118e1537d7e6cc9bcb51a5cd152353abc7e918e2d9a70c","orgs/6e9b9e3b-c6be-4991-b03b-cf1f1d2eab4a/apps/com.aaa.iphone.discounts.5fc6b2fe/delta/0abd6246a999bff6c38887eb1db48168596f8280572967e006e8be76b5d191b7_chunk-6NOH7AK4.js.br","5711","NOT_FOUND"
"chunk-6X4QPEHT.js","701fa2464d4cdd5cab114a79157ac5ce941d930fcc76289d7bc1de852198fd93","orgs/6e9b9e3b-c6be-4991-b03b-cf1f1d2eab4a/apps/com.aaa.iphone.discounts.5fc6b2fe/delta/17a465e47bb510971fcabf717ef0d453db5f9500b599e54afa9f440cd0e961d1_chunk-6X4QPEHT.js","196","NOT_FOUND"
"chunk-6YDYRFGQ.js","10f55cc68e5367207783e6ab9be7d83725a2e9dcf1df0eb469122086a2c62ffe","orgs/6e9b9e3b-c6be-4991-b03b-cf1f1d2eab4a/apps/com.aaa.iphone.discounts.5fc6b2fe/delta/d77cad9c022177b6e4bcfc21e7dca88c7fc6d76f54d83fa810623438060fa0af_chunk-6YDYRFGQ.js","1129","NOT_FOUND"
"chunk-73SMYLYL.js.br","eae62c061d6792a0e0b97121fee5a762611ee3cae02e7a6701e34aed310e2a0f","orgs/6e9b9e3b-c6be-4991-b03b-cf1f1d2eab4a/apps/com.aaa.iphone.discounts.5fc6b2fe/delta/c722686a94db0529a96c967ef6a75a30e67c909f13dee676c19ebd4de3393494_chunk-73SMYLYL.js.br","2893","NOT_FOUND"
"chunk-75HIRARC.js","f5091bb4a68bb5ccbbd994b89fbe5e9a3c5fca41c91ab4adb035878b5e72e737","orgs/6e9b9e3b-c6be-4991-b03b-cf1f1d2eab4a/apps/com.aaa.iphone.discounts.5fc6b2fe/delta/b37cfee96ff9505fb9c78e7ce91a2b8ce7886d9c28d40a191224c5a2bba9e62f_chunk-75HIRARC.js","3306","NOT_FOUND"
"chunk-7GQVK7H3.js.br","6ff896fb468c762c147d8d7a70e359b9db833c319f9ceb04ea26dcb3e5bea66e","orgs/6e9b9e3b-c6be-4991-b03b-cf1f1d2eab4a/apps/com.aaa.iphone.discounts.5fc6b2fe/delta/8d6b7f13dc66752406df41508830272bbacb514772adc3e242cb207fbe2410f5_chunk-7GQVK7H3.js.br","7319","NOT_FOUND"
"chunk-7JPJWU2H.js","8ab24ca03b8b1c9bf11bff16b0d0f779c0d01411e3e29765f3da65f21c5362b0","orgs/6e9b9e3b-c6be-4991-b03b-cf1f1d2eab4a/apps/com.aaa.iphone.discounts.5fc6b2fe/delta/2f8bf12c8c5099f944a9f5375bdbdbb081a7ec9281dc57ff07ffcf5100b9be46_chunk-7JPJWU2H.js","3526","NOT_FOUND"
"chunk-7LCMQYNE.js.br","685a6712b6989e6c84b065ea23c46dac3140c31c32b20a9ca3dd1cee0c1c85b5","orgs/6e9b9e3b-c6be-4991-b03b-cf1f1d2eab4a/apps/com.aaa.iphone.discounts.5fc6b2fe/delta/e0ae6b0e1996d12ea4d1ec76cbde3fd228a5df36ae647d31b8bf5246606a7aed_chunk-7LCMQYNE.js.br","5665","NOT_FOUND"
"chunk-7MCQ35IB.js.br","a5aaf7af0317b7b429235499a84960071beb73ebd2dc930debf35a3d226655d6","orgs/6e9b9e3b-c6be-4991-b03b-cf1f1d2eab4a/apps/com.aaa.iphone.discounts.5fc6b2fe/delta/dbccbc5c843cc4820e56227911dde4ad4b3780032e769875d9b1414f049fba4b_chunk-7MCQ35IB.js.br","2328","NOT_FOUND"
"chunk-A4OTYQFZ.js.br","8a0722bd5a8767cdc504a7f648bfeadfb7e66c8d49ab923dedf6115f2af0e022","orgs/6e9b9e3b-c6be-4991-b03b-cf1f1d2eab4a/apps/com.aaa.iphone.discounts.5fc6b2fe/delta/8a88c164720679e61dd90efc9614c20f995319412110cc74016670fc10933f7a_chunk-A4OTYQFZ.js.br","2658","NOT_FOUND"
"chunk-AAJQN3CZ.js","212359e4571fa5d4c867ec686c095839450d18f5bbdb84dd8e8a30e0271e3b4e","orgs/6e9b9e3b-c6be-4991-b03b-cf1f1d2eab4a/apps/com.aaa.iphone.discounts.5fc6b2fe/delta/5adebeaf0cb7c7615cab849a18bd0afd72da91900f7c6860f7cd57e33302966d_chunk-AAJQN3CZ.js","2947","NOT_FOUND"
"chunk-ABWRGYEF.js","8a769d75770fbab6d2d2ac582ec3cb8bcec54450125ab23a4728bdd5fd4d8a00","orgs/6e9b9e3b-c6be-4991-b03b-cf1f1d2eab4a/apps/com.aaa.iphone.discounts.5fc6b2fe/delta/e1d27680ae984f545f56bbfad5742da41aea44fdf91135744be211a1a5186658_chunk-ABWRGYEF.js","6776","NOT_FOUND"
"chunk-AGJTYJFN.js","65eb2e87f03e24483c71530e86c649379263a21c196ddbbcd83d90cd4f5629ff","orgs/6e9b9e3b-c6be-4991-b03b-cf1f1d2eab4a/apps/com.aaa.iphone.discounts.5fc6b2fe/delta/960720cd8dc7f0e6da7bb05f63b1adadb3195fc9f40b4aaeec9c6d5d337c3bc0_chunk-AGJTYJFN.js","215","NOT_FOUND"
"chunk-ALFEEZZ5.js","400ab0408a91007e71e110b645af0ab3431713fd8918e49555bfcdc681657f9e","orgs/6e9b9e3b-c6be-4991-b03b-cf1f1d2eab4a/apps/com.aaa.iphone.discounts.5fc6b2fe/delta/c9954869ba55ed468d791871fe597b37d744af6f5e28c7fa97bccf2744fec866_chunk-ALFEEZZ5.js","314","NOT_FOUND"
"chunk-AOVB6NOI.js","9ae748e2baa0dbf56aaa84108265fac67682d1dae42eda4e6a6eb5a0132f04c5","orgs/6e9b9e3b-c6be-4991-b03b-cf1f1d2eab4a/apps/com.aaa.iphone.discounts.5fc6b2fe/delta/633e0dc457e3da2f51390af4a1ac35b41ba01b1a76360449458ee9aa522066b5_chunk-AOVB6NOI.js","1174","NOT_FOUND"
"chunk-AQ7SW5AI.js","fadac710150542c7bcfd07be377c3d720155cee550aa08ef1ac7fc6e4b137628","orgs/6e9b9e3b-c6be-4991-b03b-cf1f1d2eab4a/apps/com.aaa.iphone.discounts.5fc6b2fe/delta/7904df4e460b54d10692cfd60b0a95fbb827ec662567a7e29edf32be382397c5_chunk-AQ7SW5AI.js","1074","NOT_FOUND"
"chunk-AZU2MOWM.js","7f139bd1d50bb8e503cd2b175665dc5d0d1e9feac3b1b75490bdd26c722622f9","orgs/6e9b9e3b-c6be-4991-b03b-cf1f1d2eab4a/apps/com.aaa.iphone.discounts.5fc6b2fe/delta/9889d043b10ab9ee01ca9c8118c7b7308a790f6c4a212e4841d615d42f3c734c_chunk-AZU2MOWM.js","280","NOT_FOUND"
"chunk-B3H3TMQI.js","5af81113f5a427c9ed0b62564e848738e6029cf8d3988363d3f23711a82220c5","orgs/6e9b9e3b-c6be-4991-b03b-cf1f1d2eab4a/apps/com.aaa.iphone.discounts.5fc6b2fe/delta/58ca41ef29932865c8dcad4fc5b120a0da90f194ba3958960da22f3ce2bcfad1_chunk-B3H3TMQI.js","1946","NOT_FOUND"
"chunk-B6ACMGJQ.js.br","87310f4c2566abc90c6ec3674486ec3ddbbd2738e24bc53d9392d7638872a337","orgs/6e9b9e3b-c6be-4991-b03b-cf1f1d2eab4a/apps/com.aaa.iphone.discounts.5fc6b2fe/delta/dc54805ecf4ffab68231f19411f5e2f846b93ed7ebfc378554511a728505ebad_chunk-B6ACMGJQ.js.br","3282","NOT_FOUND"
"chunk-B6APGLV4.js","ff5e750d846c41d12b044d0fb48c640b61cb4a30dc5a797ca1296dfd65b698ae","orgs/6e9b9e3b-c6be-4991-b03b-cf1f1d2eab4a/apps/com.aaa.iphone.discounts.5fc6b2fe/delta/e7119af6d79be372824a4dda464b8bfe5d2b1d38c203d86b7f2b0d21b372469e_chunk-B6APGLV4.js","1186","NOT_FOUND"
"chunk-B6YHZFLW.js.br","34a92b7a58ed94273e46c7d58dc103d23c59dc56291472d50d67b9e297883b19","orgs/6e9b9e3b-c6be-4991-b03b-cf1f1d2eab4a/apps/com.aaa.iphone.discounts.5fc6b2fe/delta/fd35e967f95a2f6e0997ef54805e3b9e30b3cbbd4f2dfe15fcc9eec5d316a0df_chunk-B6YHZFLW.js.br","2510","NOT_FOUND"
"chunk-BKJ6QMGN.js.br","9887f815d12a4d5e339e2e51e83b8a1c32f104c3bd2d53277e6937c03f0e49d0","orgs/6e9b9e3b-c6be-4991-b03b-cf1f1d2eab4a/apps/com.aaa.iphone.discounts.5fc6b2fe/delta/668a75eeb51a8d36ab0b9bbf282c9d20814388628cc9c80e6c8f09c44eb5ac7e_chunk-BKJ6QMGN.js.br","4249","NOT_FOUND"
"chunk-BL3ARQQU.js.br","b3359bdc65b0808d6aecceb58a3ecc619dba643f7b725153edeaa2901cd5b5a9","orgs/6e9b9e3b-c6be-4991-b03b-cf1f1d2eab4a/apps/com.aaa.iphone.discounts.5fc6b2fe/delta/2110888f8607451c56729e5a3da6bd53c016de0df68c2481205a4ee20c690558_chunk-BL3ARQQU.js.br","4117","NOT_FOUND"
"chunk-BNE3CXAG.js","b6f7317c7c2c430da2f0058e76bba56c9a3b2bb61e120939a58ac8d06b7b744b","orgs/6e9b9e3b-c6be-4991-b03b-cf1f1d2eab4a/apps/com.aaa.iphone.discounts.5fc6b2fe/delta/ef98f46a494223a112212b3c5855be3dba116be28cd236ef599d871bc4024b83_chunk-BNE3CXAG.js","7967","NOT_FOUND"
"chunk-BNYGRCFY.js","b98c6d10211a21c5b217cfebb548e7bddc4f89aae7c11582292d7d2b455a90e9","orgs/6e9b9e3b-c6be-4991-b03b-cf1f1d2eab4a/apps/com.aaa.iphone.discounts.5fc6b2fe/delta/cba64046af8a4820d7612ac0e5bd88b0b4a6bb12d8faf5a52e93b7c720200d0c_chunk-BNYGRCFY.js","6876","NOT_FOUND"
"chunk-BOFU3QUS.js","d02b2bbc1b07ae404ace8e2d385c24943fbf7608067f974b5a264f5ccfbfa4ad","orgs/6e9b9e3b-c6be-4991-b03b-cf1f1d2eab4a/apps/com.aaa.iphone.discounts.5fc6b2fe/delta/ec8e579658d7218f7d98b879d46da5879598a9ede35ddb636446adf37a4e374e_chunk-BOFU3QUS.js","512","NOT_FOUND"
"chunk-BQIZKQFS.js","b96e227c41a1eb325215ba00c7e4af17f53243c32dc39ff723f37dd94e06e13a","orgs/6e9b9e3b-c6be-4991-b03b-cf1f1d2eab4a/apps/com.aaa.iphone.discounts.5fc6b2fe/delta/c43f11f571eb11be9b2bc82085341b6d60b3ee7217dc2d9e3352783b5d1b261e_chunk-BQIZKQFS.js","515","NOT_FOUND"
"chunk-BTA2NL4T.js","371e600e36cb3bcd7e4cb8b9dec5db1831e4fa74a08aa0a29a1ff89f4f213ea6","orgs/6e9b9e3b-c6be-4991-b03b-cf1f1d2eab4a/apps/com.aaa.iphone.discounts.5fc6b2fe/delta/c3915f30846a16985c53c1b91369bdec7ecc387a9c6ea8955bc34fdab6dbb2df_chunk-BTA2NL4T.js","1699","NOT_FOUND"
"chunk-BXH2EEHE.js","07a6b55bb20d8fd0788e313c447b51f4ad5711cb0b9e31e1f0c449131e03c658","orgs/6e9b9e3b-c6be-4991-b03b-cf1f1d2eab4a/apps/com.aaa.iphone.discounts.5fc6b2fe/delta/e437c5159e78b7121d7b5752ccf5236443dfcc110db85868cdde827bb0117459_chunk-BXH2EEHE.js","2635","NOT_FOUND"
"chunk-BZASU753.js.br","c6d5b03535de31ae4f4fa44ed53b543536c4095c3cb3456c6f175ddd6c28e1b6","orgs/6e9b9e3b-c6be-4991-b03b-cf1f1d2eab4a/apps/com.aaa.iphone.discounts.5fc6b2fe/delta/850a10801451f3501c3667f030accf4e054c2a3238fa635c10b3a8d7c54cb0d7_chunk-BZASU753.js.br","2887","NOT_FOUND"
"chunk-BZWEFDBN.js","87738a5c003ef023e647c7b8d5bd6b0d56fc760a1a6c1a115135bfc9d028663f","orgs/6e9b9e3b-c6be-4991-b03b-cf1f1d2eab4a/apps/com.aaa.iphone.discounts.5fc6b2fe/delta/8fa220cb63b6507f44ec2809bb6f4240f9ebc97229eae1dfe0402a2e8284d15b_chunk-BZWEFDBN.js","6099","NOT_FOUND"
"chunk-C35F5KJ5.js","cfe4aecd89674ed15237ba5f314642e33c9e5928898b2edaf1b9180fc0d6f63e","orgs/6e9b9e3b-c6be-4991-b03b-cf1f1d2eab4a/apps/com.aaa.iphone.discounts.5fc6b2fe/delta/aa2e440ab8d39f92f4f019bca9c0ac113c836716ea08a88db8fa30ea267c101b_chunk-C35F5KJ5.js","210","NOT_FOUND"
"chunk-C6ZEPPWS.js","40a65dc832439d82d27017bade3cde15ca2340c9af21a40c680a33b8a2764ac4","orgs/6e9b9e3b-c6be-4991-b03b-cf1f1d2eab4a/apps/com.aaa.iphone.discounts.5fc6b2fe/delta/00b80fa236e862650e802f4d2021416b1af7beba6f6e6006b30958a84450e4ca_chunk-C6ZEPPWS.js","979","NOT_FOUND"
"chunk-CELOGRJ7.js","23bc1f5c2ea3ac18c3818ad1fd91c43990ed5adcf6dbce4f79bf7af05a1f433a","orgs/6e9b9e3b-c6be-4991-b03b-cf1f1d2eab4a/apps/com.aaa.iphone.discounts.5fc6b2fe/delta/41f7af92623c279787c3939beac8313a1c836e30b1b7c149d3143ccc15b7296f_chunk-CELOGRJ7.js","5375","NOT_FOUND"
"chunk-CG5BZ3CK.js.br","a6ece0d0d4a72a180916d6269507f2a7fedb57b5c2fd7d1743c711a36defd186","orgs/6e9b9e3b-c6be-4991-b03b-cf1f1d2eab4a/apps/com.aaa.iphone.discounts.5fc6b2fe/delta/77959eb4f18151feb5c23adffd12106c3ef442af84f1c96a35028fce09b41d60_chunk-CG5BZ3CK.js.br","2993","NOT_FOUND"
"chunk-CRGBOHRT.js","790c3f68057c1b8eab1bfb9bb1fb6069a5aec8cf34897d5ac99ad3873901038a","orgs/6e9b9e3b-c6be-4991-b03b-cf1f1d2eab4a/apps/com.aaa.iphone.discounts.5fc6b2fe/delta/fbb630b7f3dfe4959032af15960f76a62c6e5addacf873fff40e1159d1a7fcfc_chunk-CRGBOHRT.js","1455","NOT_FOUND"
"chunk-DJ4WEDUK.js","37f634f7cc112dbc920a77fb2c503d3dd6c37ff192b1d55a876268a6d9278272","orgs/6e9b9e3b-c6be-4991-b03b-cf1f1d2eab4a/apps/com.aaa.iphone.discounts.5fc6b2fe/delta/cbcca4098637f8ee2abe124ccfbf6870995e3186570e3b7afdecf5ae76892d30_chunk-DJ4WEDUK.js","4743","NOT_FOUND"
"chunk-DQ4X4SJA.js","cdd11811dd239cd7003fe4c0010ea40222e40c2f0bf7fd85a00e4bf06d20e1b9","orgs/6e9b9e3b-c6be-4991-b03b-cf1f1d2eab4a/apps/com.aaa.iphone.discounts.5fc6b2fe/delta/4f3cdf04952a72776167e1d9ff3704aa76480cb9cd2b531f913ae8da1c9a2383_chunk-DQ4X4SJA.js","1096","NOT_FOUND"
"chunk-DZCUV7FE.js","90c9bfb3bc2536073766c163fa8dfa90374fb4b3ad2a6a5e4310706978cd6d5d","orgs/6e9b9e3b-c6be-4991-b03b-cf1f1d2eab4a/apps/com.aaa.iphone.discounts.5fc6b2fe/delta/83d8c37cd4b11968256c957e0919838de6febd688ef978f744e64b15439e348d_chunk-DZCUV7FE.js","2538","NOT_FOUND"
"chunk-DZZIWFYY.js","ba3951562c882a7ca0aa59078c6a3843d3d9f5b96d7d78e1e2c2dffbf58b4467","orgs/6e9b9e3b-c6be-4991-b03b-cf1f1d2eab4a/apps/com.aaa.iphone.discounts.5fc6b2fe/delta/08ff5e49af52c20f3570cbe3a3ce9b7467d8954c8f1c86c765ea8ba44759c015_chunk-DZZIWFYY.js","447","NOT_FOUND"
"chunk-E2Y5KXV6.js.br","6f0682a6115182b68c0a4c8ea59c9713b2011d34003dfc1e54f7921309a640bf","orgs/6e9b9e3b-c6be-4991-b03b-cf1f1d2eab4a/apps/com.aaa.iphone.discounts.5fc6b2fe/delta/4fa7461b9a2049c41d23585ae46432c7c28be571d5678c9c4d9780baedf575d9_chunk-E2Y5KXV6.js.br","167604","NOT_FOUND"
"chunk-E43ACEHA.js.br","938589c21b6aa98b21c92df731643a42a4ada458cae4e0f52202a420804b1bd5","orgs/6e9b9e3b-c6be-4991-b03b-cf1f1d2eab4a/apps/com.aaa.iphone.discounts.5fc6b2fe/delta/ac5f59a6f4ba5c20377e639da46f4975e1956e54722b023e5acbaa52a628a0c0_chunk-E43ACEHA.js.br","898694","NOT_FOUND"
"chunk-E5RSW55Y.js.br","d7dcffa27384a69fc6b6d1e47b3203bc6e4c2807c79bb8835f422a2766c8861a","orgs/6e9b9e3b-c6be-4991-b03b-cf1f1d2eab4a/apps/com.aaa.iphone.discounts.5fc6b2fe/delta/5131822a7faa7dfab04d26fa9fcd973a92138deb0227ef0425152b0fc4a9db6c_chunk-E5RSW55Y.js.br","3144","NOT_FOUND"
"chunk-E6D2PW4E.js","225ea5fb7c67d79a366e02169bc73d60feaf4cf824046b54abf91b5ac61be44b","orgs/6e9b9e3b-c6be-4991-b03b-cf1f1d2eab4a/apps/com.aaa.iphone.discounts.5fc6b2fe/delta/867d2b78981f5c4ad2ac6805e327447e01e52d3d9b847b8e8907ae712a091f30_chunk-E6D2PW4E.js","601","NOT_FOUND"
"chunk-EA7574XP.js","179a643f853eccdb6d50ebc0f92cda84e5102f19af6926a93f1ce09760fa552b","orgs/6e9b9e3b-c6be-4991-b03b-cf1f1d2eab4a/apps/com.aaa.iphone.discounts.5fc6b2fe/delta/2a6e06c33804e3861f26be31dc8823c6a1c5fdff78ed930920b11e782321fbca_chunk-EA7574XP.js","752","NOT_FOUND"
"chunk-EBZEVRAR.js","c2bd727f41a24d2e29a28f12e8780f1c7fbf22f09722ce25d91986cc48bc1465","orgs/6e9b9e3b-c6be-4991-b03b-cf1f1d2eab4a/apps/com.aaa.iphone.discounts.5fc6b2fe/delta/538c217a53fcce2168264e80b50f32c47e6f81aeb2b8c6d47ba6f03645e5d8f9_chunk-EBZEVRAR.js","43","NOT_FOUND"
"chunk-ECJ4TC5X.js","5ab329a168467d25d64df618d530137c4ad1a362b77392c5380d4feb1b09ba4e","orgs/6e9b9e3b-c6be-4991-b03b-cf1f1d2eab4a/apps/com.aaa.iphone.discounts.5fc6b2fe/delta/3a6ab28930df00c8a7c8c7368bc65a3d4f5a0a245104d1037b827cd9d6cf1d3a_chunk-ECJ4TC5X.js","2733","NOT_FOUND"
"chunk-ED3TI6GZ.js.br","cca4f7abfd485ca60c734754855b680da0297cdcef2cdf9f855d258ce2ac0502","orgs/6e9b9e3b-c6be-4991-b03b-cf1f1d2eab4a/apps/com.aaa.iphone.discounts.5fc6b2fe/delta/d14be53cac5d01bb7c5bf521c4d52770d6bf12e167bee37881fb5e79f44cacab_chunk-ED3TI6GZ.js.br","5922","NOT_FOUND"
"chunk-EF5Q2OQW.js","b436092368857ee1597fd24f1e4886e56e7132d394ba130ad859efe23b1253c6","orgs/6e9b9e3b-c6be-4991-b03b-cf1f1d2eab4a/apps/com.aaa.iphone.discounts.5fc6b2fe/delta/8e99485a170dbc255544539d9c3481831749ff93427568ed8080874d8fdec9ee_chunk-EF5Q2OQW.js","3043","NOT_FOUND"
"chunk-ENPLU6JF.js.br","5d79ed7f325b75cf6e4e9c58140e65a7059b96007c1bac4f3d14035e7dd38f88","orgs/6e9b9e3b-c6be-4991-b03b-cf1f1d2eab4a/apps/com.aaa.iphone.discounts.5fc6b2fe/delta/5bdf5c8448b21a6244435c373dc4bd374d3f7b393ad7d9f14da7548d954ca768_chunk-ENPLU6JF.js.br","3032","NOT_FOUND"
"chunk-EOIJT25X.js","7807e7f4514f7fabfb7403356719da018d87e385a0917fe960614fd533340c4d","orgs/6e9b9e3b-c6be-4991-b03b-cf1f1d2eab4a/apps/com.aaa.iphone.discounts.5fc6b2fe/delta/9fd7624f1816cca30c2e1b8cc1713d231061553c9791141f862bcb46ee895f04_chunk-EOIJT25X.js","286","NOT_FOUND"
"chunk-EQKOF2KP.js","2e451321ab3764a84c5287bc291e707619fb6d4d196916083d0edd8bb9f8752c","orgs/6e9b9e3b-c6be-4991-b03b-cf1f1d2eab4a/apps/com.aaa.iphone.discounts.5fc6b2fe/delta/d0e837c3e046f82b641db88e526bf2c15aa7c64e19123dc29ff3023d12391bc2_chunk-EQKOF2KP.js","330","NOT_FOUND"
"chunk-ES4AVA6I.js","7d42bdf69ac47d567a258a9cbc6db99caf93d5554718656b52242d30ea46ecbe","orgs/6e9b9e3b-c6be-4991-b03b-cf1f1d2eab4a/apps/com.aaa.iphone.discounts.5fc6b2fe/delta/b5802765d78163d3e4f346d05f107d4c3b30be4ab056913cbf14177f87eece66_chunk-ES4AVA6I.js","1468","NOT_FOUND"
"chunk-ESU5576M.js.br","7738598a7ae3e87593709b47f15d35cf6e2e26de478584b71355891562f07712","orgs/6e9b9e3b-c6be-4991-b03b-cf1f1d2eab4a/apps/com.aaa.iphone.discounts.5fc6b2fe/delta/67f5eadaaf58d5fe871a6d8ca773fde55ff592d5e96a660f5fb5b717b36b570c_chunk-ESU5576M.js.br","6225","NOT_FOUND"
"chunk-EV56LDCF.js.br","ddc21b3c555d24440d2fe56f418afa52d88b25040f6f467a9deabafeaf169557","orgs/6e9b9e3b-c6be-4991-b03b-cf1f1d2eab4a/apps/com.aaa.iphone.discounts.5fc6b2fe/delta/05b87ee9efae5a1cd379da0cb62bfb4d95ae6fc816a27f9efebfc1d797370980_chunk-EV56LDCF.js.br","2868","NOT_FOUND"
"chunk-EW5YKU5X.js","24e37b5069d76b7117d3dc70bf72ec4216afd97bee329c06b4c4c273394fca68","orgs/6e9b9e3b-c6be-4991-b03b-cf1f1d2eab4a/apps/com.aaa.iphone.discounts.5fc6b2fe/delta/588c95c30bf14c2f99f465fd659e998a97bd1d2b1288f7e28b51ba7c324c09e7_chunk-EW5YKU5X.js","4693","NOT_FOUND"
"chunk-F5L72MQF.js","5caf467a3b52fec5728c58e62a41812d34cae9d4c15b332757acee7444a5ac3b","orgs/6e9b9e3b-c6be-4991-b03b-cf1f1d2eab4a/apps/com.aaa.iphone.discounts.5fc6b2fe/delta/ba393d60825a8e75127a4eda9406abb6e1a04c7ba9b048a3fb4d458b3f0101ea_chunk-F5L72MQF.js","874","NOT_FOUND"
"chunk-FBKOETWE.js.br","3cfaffbcd3e3eaf6ea963cd5ff0e31b189186f373cc21acf266880cbd1c00d86","orgs/6e9b9e3b-c6be-4991-b03b-cf1f1d2eab4a/apps/com.aaa.iphone.discounts.5fc6b2fe/delta/b97353888f9d08f937be79b1306d626db465755d87443c94887fffe55b276ae5_chunk-FBKOETWE.js.br","2698","NOT_FOUND"
"chunk-FFTCG7TG.js","338f6967af2f1a3356abb832d3225ea479dc2acb82899e5b818976099e9203ca","orgs/6e9b9e3b-c6be-4991-b03b-cf1f1d2eab4a/apps/com.aaa.iphone.discounts.5fc6b2fe/delta/75b8bb50f19e82019f624f487cbb97c0b17b7be77f5333fe61a3c8c672c5835a_chunk-FFTCG7TG.js","187","NOT_FOUND"
"chunk-FUHSKDEH.js","a6031a2392c0d6a7f30f9de85d74f302eecd1c00225c8e877a5fc28ccf62347b","orgs/6e9b9e3b-c6be-4991-b03b-cf1f1d2eab4a/apps/com.aaa.iphone.discounts.5fc6b2fe/delta/a36ff3de4051b47aeed9137930b1d6e60a4c124828bae531437616ed660efa41_chunk-FUHSKDEH.js","1905","NOT_FOUND"
"chunk-FVT72GFY.js","865b9568e62415c864180cba4ac774a375657dd892b0ebb337c2f1d2f2599cfe","orgs/6e9b9e3b-c6be-4991-b03b-cf1f1d2eab4a/apps/com.aaa.iphone.discounts.5fc6b2fe/delta/df2e48096d43302fa2d812e50cec320570e91c087c2d9ead6b645b5ffbc830e2_chunk-FVT72GFY.js","239","NOT_FOUND"
"chunk-FWKLF677.js","1075652a76c923ab04007d8e2cc739852e66ec92f3a094eea45f079c53aaac2f","orgs/6e9b9e3b-c6be-4991-b03b-cf1f1d2eab4a/apps/com.aaa.iphone.discounts.5fc6b2fe/delta/6ba4b39237326cfab5688d443a12871b884b299a84be59eccd286e83ee647586_chunk-FWKLF677.js","311","NOT_FOUND"
"chunk-FWTKDBS5.js","07ab1b959baabfedd86801a35f3b7f2e5bb0b3489d835676532095a3d23871b5","orgs/6e9b9e3b-c6be-4991-b03b-cf1f1d2eab4a/apps/com.aaa.iphone.discounts.5fc6b2fe/delta/6fa7a7a67b16b1b9e9889dba4a4f8c1914faf0640040c919ae3b98f843286774_chunk-FWTKDBS5.js","1212","NOT_FOUND"
"chunk-G4DXPQQQ.js","37859ea03a2024ed37e9d5ca72766434e8f0366e77e0e96d938af1e49b010758","orgs/6e9b9e3b-c6be-4991-b03b-cf1f1d2eab4a/apps/com.aaa.iphone.discounts.5fc6b2fe/delta/c16852d38867231506060ef1d13bcd376e1112c340d2f7ba431c5895279c333d_chunk-G4DXPQQQ.js","933","NOT_FOUND"
"chunk-GAGNVKRT.js","c74038cf097723daddbe1b4421a89407e0ee4b9c87c0946742bc66562cde293b","orgs/6e9b9e3b-c6be-4991-b03b-cf1f1d2eab4a/apps/com.aaa.iphone.discounts.5fc6b2fe/delta/35270e823ac8800740f38bc4389b27e98788eed8bb6ba20c8c4da3349410d6b4_chunk-GAGNVKRT.js","865","NOT_FOUND"
"chunk-GEUSK3YW.js.br","7de0cc2fabffb09a1f7dfeb868a5338c23c14098324893fdd52e42326b1f0eab","orgs/6e9b9e3b-c6be-4991-b03b-cf1f1d2eab4a/apps/com.aaa.iphone.discounts.5fc6b2fe/delta/29b2215d3cdf4e852df38854eed0152a50467aebb7a0c2b704e1832bdf0d776e_chunk-GEUSK3YW.js.br","4240","NOT_FOUND"
"chunk-GH2HAWCN.js.br","eb72c7704b1f62586a7a9b97bfed9c07332ab46e7811349aed529b1507c0cd2c","orgs/6e9b9e3b-c6be-4991-b03b-cf1f1d2eab4a/apps/com.aaa.iphone.discounts.5fc6b2fe/delta/ad6311e9ed97492ca388c742d0983b96b6af6df90b4afefabd031b8331b25630_chunk-GH2HAWCN.js.br","4780","NOT_FOUND"
"chunk-GNRWO6JE.js","7b50528e35f3d4283637ffea1653f9bca5f05f89827e9fe2474e1e1d145699e2","orgs/6e9b9e3b-c6be-4991-b03b-cf1f1d2eab4a/apps/com.aaa.iphone.discounts.5fc6b2fe/delta/a076ca153fce049cbdc3dbeeddaedf4988e06d35c26629bf67eb2f93d55e275a_chunk-GNRWO6JE.js","6430","NOT_FOUND"
"chunk-GP4Z2NIK.js","8b2444eb0bdf8c29cd7752292060c9f72e404385b40ff743eb76c21d3e64125e","orgs/6e9b9e3b-c6be-4991-b03b-cf1f1d2eab4a/apps/com.aaa.iphone.discounts.5fc6b2fe/delta/611ad7fb27183656d61ab46c0b5f3c566175e403126ca35333d4a0004b46cdac_chunk-GP4Z2NIK.js","200","NOT_FOUND"
"chunk-GVODDIZX.js.br","936f1a41eb4c470cc8861584ab2c861e833c612668077fde4c4ce49b0d21b270","orgs/6e9b9e3b-c6be-4991-b03b-cf1f1d2eab4a/apps/com.aaa.iphone.discounts.5fc6b2fe/delta/32e5c0ca2b21ac350c49f8a2b72671c94e8fffbbc3c5811a08b5c7f1dc6e4b65_chunk-GVODDIZX.js.br","19143","NOT_FOUND"
"chunk-GWOS2HF3.js.br","58e1c417b3baf106641f2b3fcde289f50cad57532d827e9cad992a3f5ffe8f65","orgs/6e9b9e3b-c6be-4991-b03b-cf1f1d2eab4a/apps/com.aaa.iphone.discounts.5fc6b2fe/delta/5e038f71bfdec1a1a49fc3d134b750559046d8cfc22a88b5b128fdd630df140d_chunk-GWOS2HF3.js.br","22122","NOT_FOUND"
"chunk-GWQNGIV4.js","269c08e4bbb6ec64495eaf38565c87f5badf38422c4dadc42b378c2cab6eee6a","orgs/6e9b9e3b-c6be-4991-b03b-cf1f1d2eab4a/apps/com.aaa.iphone.discounts.5fc6b2fe/delta/c9662724588857fcb8b5c94b6b79eb882da60f991230a676d820775d3325eb9b_chunk-GWQNGIV4.js","1060","NOT_FOUND"
"chunk-GYMN3257.js","bd34c1f21d6922b6d1f6e83c9d3ab9d7c10666ac9d9ea06f76968ac77ed298f0","orgs/6e9b9e3b-c6be-4991-b03b-cf1f1d2eab4a/apps/com.aaa.iphone.discounts.5fc6b2fe/delta/5b389e7298228cc3dc6ce7140b5ff7de8b8df62650d95e7ad4eebb8a8c417deb_chunk-GYMN3257.js","1205","NOT_FOUND"
"chunk-H2VJCKGT.js.br","6f0b6f78d105f6549094471f3a592f3037aed60e8cec722b35acf3d40432d7bc","orgs/6e9b9e3b-c6be-4991-b03b-cf1f1d2eab4a/apps/com.aaa.iphone.discounts.5fc6b2fe/delta/9306f06f664707dcac9da67b9e5636f288d36c36d6e308da0f7d2eafdbfeba0d_chunk-H2VJCKGT.js.br","7552","NOT_FOUND"
"chunk-H66MCNEQ.js","6f772c9a9ff63eea6dee3abfea4c51315342d5e2ebec1c0c2acd5e6413f7532c","orgs/6e9b9e3b-c6be-4991-b03b-cf1f1d2eab4a/apps/com.aaa.iphone.discounts.5fc6b2fe/delta/4660e932eb29b7dcb0ab54d1fa2da143f0efe9e5a84c04384e8947606b9a955b_chunk-H66MCNEQ.js","7702","NOT_FOUND"
"chunk-H7GC5MAW.js.br","ab88b64492f44d265f6847d654084f037a8b0d5c98569f9605648887d3b59032","orgs/6e9b9e3b-c6be-4991-b03b-cf1f1d2eab4a/apps/com.aaa.iphone.discounts.5fc6b2fe/delta/e00d3de99ca9f743f676929663bd3cd5f2007b52e8ca2ab50511f87e206fc6eb_chunk-H7GC5MAW.js.br","3991","NOT_FOUND"
"chunk-HBTLGL2X.js.br","4aa35beed32ea8da38db84d463a0ed81b263f92728102eadbb31ac56ecc64a49","orgs/6e9b9e3b-c6be-4991-b03b-cf1f1d2eab4a/apps/com.aaa.iphone.discounts.5fc6b2fe/delta/680f187319e2045c307dc77e31348b4171152c709a91ba0179ffe927302808d2_chunk-HBTLGL2X.js.br","5401","NOT_FOUND"
"chunk-HFYGEZP6.js","4f6c86d452eab53a6aede30db57fb42b4ebedd43cda3aa662870f4c058e87694","orgs/6e9b9e3b-c6be-4991-b03b-cf1f1d2eab4a/apps/com.aaa.iphone.discounts.5fc6b2fe/delta/23dda04bef1e967b15c08c348d3c4cfe2fae4b8dfa9ca23de8d37eb3ccd7a22f_chunk-HFYGEZP6.js","760","NOT_FOUND"
"chunk-HSMSRVLH.js","a8beac517b497d40df187da59fadd16d1b0988a5626437b1eca2edf367584e17","orgs/6e9b9e3b-c6be-4991-b03b-cf1f1d2eab4a/apps/com.aaa.iphone.discounts.5fc6b2fe/delta/647ac38e15e8a8da4838cb6d7c9a665cc40031493191baee0b829298b0b28f29_chunk-HSMSRVLH.js","43","NOT_FOUND"
"chunk-HT4SYJC3.js","d24f13d2f34f610a5aa3ab68ffd8c8f478487bca2ba617007943b9e4550609e6","orgs/6e9b9e3b-c6be-4991-b03b-cf1f1d2eab4a/apps/com.aaa.iphone.discounts.5fc6b2fe/delta/974e010b9efd79b2339bc9d66498e616573568126f15b6c0ebf050a5c3fc5ad3_chunk-HT4SYJC3.js","203","NOT_FOUND"
"chunk-HVH4ZMH4.js.br","33c9279f58a653595a6b8566d75f495d3837fe19015a150d71acef78b61963d8","orgs/6e9b9e3b-c6be-4991-b03b-cf1f1d2eab4a/apps/com.aaa.iphone.discounts.5fc6b2fe/delta/c1d60f657da4cc2a058e04dbfb256c04cfe7668cf1cca1a79a3eef5a15e32d39_chunk-HVH4ZMH4.js.br","17689","NOT_FOUND"
"chunk-HVKXQXL3.js","60278cb155850a74d5a2741bd6d1aeed6f0bd21651ca4e74f482baac07d5d065","orgs/6e9b9e3b-c6be-4991-b03b-cf1f1d2eab4a/apps/com.aaa.iphone.discounts.5fc6b2fe/delta/3fecef70a3a0e168f92db0328601e2ad086e7e916eee48e36bd93c17d2f8e687_chunk-HVKXQXL3.js","379","NOT_FOUND"
"chunk-HXVOSKUT.js","c2da0e37249b9781f0a417b92136c1ac0c43037774fa7c26f3ad6ab544d5b62d","orgs/6e9b9e3b-c6be-4991-b03b-cf1f1d2eab4a/apps/com.aaa.iphone.discounts.5fc6b2fe/delta/4614453c34a05bbd100e9583421cf6aae0fcd88b1b3b6477d36a32852fc8a637_chunk-HXVOSKUT.js","182","NOT_FOUND"
"chunk-HY2CVI2D.js","e8797157889134216f66e89e95bd2c2def1e1deecb4a04ff9c2874c3f6f35fde","orgs/6e9b9e3b-c6be-4991-b03b-cf1f1d2eab4a/apps/com.aaa.iphone.discounts.5fc6b2fe/delta/d0e8555b6ac1a76e0dfd3c765178fe8c042fb3784bcd6a325761953a00da3c32_chunk-HY2CVI2D.js","276","NOT_FOUND"
"chunk-HZD43ZRF.js","45fb7f04187d8245de84241a8eeade13769ef8d9246afedef5880327b07bee89","orgs/6e9b9e3b-c6be-4991-b03b-cf1f1d2eab4a/apps/com.aaa.iphone.discounts.5fc6b2fe/delta/0ab948c55edbece35d1733d216c0bf351e2d1ce8341118be2829a580322d12cf_chunk-HZD43ZRF.js","4265","NOT_FOUND"
"chunk-HZHAKMIV.js.br","31374b23399b8b29fffd162c0c249037fd048f1881e3191dc1e074d6bb5c5446","orgs/6e9b9e3b-c6be-4991-b03b-cf1f1d2eab4a/apps/com.aaa.iphone.discounts.5fc6b2fe/delta/ca3dc2df4f29efdcce44e53e728e0f04625b495bf454d08982aeb87d547743d3_chunk-HZHAKMIV.js.br","5609","NOT_FOUND"
"chunk-I4YO336S.js","a6e814ee4f7e68359969fdd517c8adafc9e5ff99546fb373b44f052c40fb9549","orgs/6e9b9e3b-c6be-4991-b03b-cf1f1d2eab4a/apps/com.aaa.iphone.discounts.5fc6b2fe/delta/fe691ad34593f9363753cbb0cd0f5fac75c0e37e4c080cdc338d7891086e8d32_chunk-I4YO336S.js","300","NOT_FOUND"
"chunk-IAH7UPHZ.js.br","51ef0a9da9b9e1234772845515427139e6f27180dc7eadfbce501597e94610e1","orgs/6e9b9e3b-c6be-4991-b03b-cf1f1d2eab4a/apps/com.aaa.iphone.discounts.5fc6b2fe/delta/2354cfdc4667e825e858540e54d789c2f5bb2060b3c83a97d5ab07b7a9ff5f01_chunk-IAH7UPHZ.js.br","7915","NOT_FOUND"
"chunk-ICSTP643.js","1b5e5ad34da6e31ae9e3620461d01ad39f05d9646f789a51ad912e50537b67ac","orgs/6e9b9e3b-c6be-4991-b03b-cf1f1d2eab4a/apps/com.aaa.iphone.discounts.5fc6b2fe/delta/04c3e63c2ee77186fd64a1b91d6224d36d77dd5264628445d76ac63d44575287_chunk-ICSTP643.js","7778","NOT_FOUND"
"chunk-IGNNOJY6.js","98ae8a83473bb9586c33c21fbf6cfcfee139a27ba03d8581f3e61fc5fd0a40d7","orgs/6e9b9e3b-c6be-4991-b03b-cf1f1d2eab4a/apps/com.aaa.iphone.discounts.5fc6b2fe/delta/c9556f7820a8c7b8e687fb5e7dd6002f1dda87dbde9d99bfb4f290964ed6b99d_chunk-IGNNOJY6.js","1103","NOT_FOUND"
"chunk-IL7SQSCE.js.br","6a583f9b1e5be2fb35b4fe49dd965d28e14c1ecc1c0ba9933fe55a293df8e2e1","orgs/6e9b9e3b-c6be-4991-b03b-cf1f1d2eab4a/apps/com.aaa.iphone.discounts.5fc6b2fe/delta/da8f41a8384c23e08ea5115cbc51f98d5371fb504bbd6fcc310cc6a52b8e2266_chunk-IL7SQSCE.js.br","1601","NOT_FOUND"
"chunk-INUVGGP3.js","ee5b72233c9e8da62772dda1d30d9fc5d801d7e1274333c1acc2475584b5c063","orgs/6e9b9e3b-c6be-4991-b03b-cf1f1d2eab4a/apps/com.aaa.iphone.discounts.5fc6b2fe/delta/8c078c3cee26199fa9da7d55790018fc79e8454bb4e60ffeb2c4cc735706109d_chunk-INUVGGP3.js","1815","NOT_FOUND"
"chunk-IOHOYWCV.js.br","3bc7042b769e43837ba10be72efea47ad63e87d709151ed98d30498a762a55f1","orgs/6e9b9e3b-c6be-4991-b03b-cf1f1d2eab4a/apps/com.aaa.iphone.discounts.5fc6b2fe/delta/c01d6555cefd8a4888d0801410266f2ee1db73ca69ade07a711ff80e16135b0e_chunk-IOHOYWCV.js.br","11892","NOT_FOUND"
"chunk-IOXRNXVD.js","c28d0e5f225c3054b4b2bc64c3bd658963eb44ddb34afaf876814817010cf2ab","orgs/6e9b9e3b-c6be-4991-b03b-cf1f1d2eab4a/apps/com.aaa.iphone.discounts.5fc6b2fe/delta/e31bd181bf303b85e51ed4806f00831dfe8e3be7427ada40eac009cb1538892a_chunk-IOXRNXVD.js","329","NOT_FOUND"
"chunk-IUAXK2RW.js","f52ce2773e6f5ee67ac25780f5379a6d716c7df1c73c8a1fee63bcc636efa995","orgs/6e9b9e3b-c6be-4991-b03b-cf1f1d2eab4a/apps/com.aaa.iphone.discounts.5fc6b2fe/delta/dfe9453f5b51f68e8858cab93a390933a9a0af3609e68c2e06a94619efb5ef33_chunk-IUAXK2RW.js","256","NOT_FOUND"
"chunk-JDVYSFMX.js","15029315f6c5fdc502cb0712a399d0395312a1816f9063cb45ab6594832a190e","orgs/6e9b9e3b-c6be-4991-b03b-cf1f1d2eab4a/apps/com.aaa.iphone.discounts.5fc6b2fe/delta/ec2b8facaf8d6070104d5ff515aabfed147e472419772c716ad7bcd717973e61_chunk-JDVYSFMX.js","2168","NOT_FOUND"
"chunk-JKFS75M6.js","96126e3dd9e2f4adc2c7ff9e302635e4f898a7cbd63c15d6b29b47b033e37141","orgs/6e9b9e3b-c6be-4991-b03b-cf1f1d2eab4a/apps/com.aaa.iphone.discounts.5fc6b2fe/delta/d4835181798aabcbec2c22f9231de9e5d9ba9a1d367388a0c1cb9c8948b5a48b_chunk-JKFS75M6.js","225","NOT_FOUND"
"chunk-JOKETGIC.js","eb0283ca690356dcf0b42bec3a81c14c72c79753b835dd64e250fbdc98bdf45c","orgs/6e9b9e3b-c6be-4991-b03b-cf1f1d2eab4a/apps/com.aaa.iphone.discounts.5fc6b2fe/delta/2507618b6ad1baeab091151f75fe5c0b0f3e6c3ee520702ebbd571b9df4b72c4_chunk-JOKETGIC.js","1574","NOT_FOUND"
"chunk-JRSZDBLC.js.br","2e6cefcc8343c950ea8dd921d9624967162b413c1b3039a8b40e545356cdcae1","orgs/6e9b9e3b-c6be-4991-b03b-cf1f1d2eab4a/apps/com.aaa.iphone.discounts.5fc6b2fe/delta/a4b321f3c21fc01610e58a514f5d4c129986503063ba277c2f5b5de4b2f0d782_chunk-JRSZDBLC.js.br","3497","NOT_FOUND"
"chunk-JUHAJXYM.js","64663f25fe11fe0bbb1af71caea64a1c14776b9e26cbf22e18fb9e4d00cc4c60","orgs/6e9b9e3b-c6be-4991-b03b-cf1f1d2eab4a/apps/com.aaa.iphone.discounts.5fc6b2fe/delta/71ba4a1146c2936cf9123eb37cf7fb485314d139561f4d6c2a30c7d7a089b649_chunk-JUHAJXYM.js","700","NOT_FOUND"
"chunk-JXB7HVZE.js.br","5dc93ac0f03254a6afd507b8dd8aafd04501f7aeafb5ae7abb59caa90f5d5b93","orgs/6e9b9e3b-c6be-4991-b03b-cf1f1d2eab4a/apps/com.aaa.iphone.discounts.5fc6b2fe/delta/e91c32da2ea76f7dec95d21c8d306c1458d1cb0e9628617ba27fde004c4b7912_chunk-JXB7HVZE.js.br","4617","NOT_FOUND"
"chunk-KCIIH5NY.js.br","c4510e446f39704b6088d0cf5c8e8aa95b951be31f98059a0b2ecec1ec09c246","orgs/6e9b9e3b-c6be-4991-b03b-cf1f1d2eab4a/apps/com.aaa.iphone.discounts.5fc6b2fe/delta/7c07789e8a9101da7395718059eeaa2f274d4f398e7f8469ee9ae43e5f787822_chunk-KCIIH5NY.js.br","5373","NOT_FOUND"
"chunk-KI2HV7K3.js","b466478e03ab18fbd28ef58acd1086c9e91258b2b6d33ba02e51e486df89d851","orgs/6e9b9e3b-c6be-4991-b03b-cf1f1d2eab4a/apps/com.aaa.iphone.discounts.5fc6b2fe/delta/a1f8fbe5eea3be055c608b4a7f2620452b48a01394c8f8f61bcdff7709749d82_chunk-KI2HV7K3.js","731","NOT_FOUND"
"chunk-KK4DZW7Q.js.br","281ea738ab1e46c8f8be70d3f704410aa202eb7f458ff72f899ffcce9812a78e","orgs/6e9b9e3b-c6be-4991-b03b-cf1f1d2eab4a/apps/com.aaa.iphone.discounts.5fc6b2fe/delta/e3234a0441ad76a408f5cc92666cbd5f3d1a43c5823c4d9a773ee1ca930f31f3_chunk-KK4DZW7Q.js.br","2811","NOT_FOUND"
"chunk-KO7DZ7SQ.js","24a3da8514b3ddb023cc8c5de1bb1359293c80a7b19779de178c164e59908760","orgs/6e9b9e3b-c6be-4991-b03b-cf1f1d2eab4a/apps/com.aaa.iphone.discounts.5fc6b2fe/delta/6e577d48b9c21eba54ad20706f1433a286622b168d1764176278f88ee0d1493c_chunk-KO7DZ7SQ.js","1501","NOT_FOUND"
"chunk-KQILE2RN.js","0e6b0befc8dd028579d1de913a1b7fd16d676aefa5d2f545063a28b47648b4be","orgs/6e9b9e3b-c6be-4991-b03b-cf1f1d2eab4a/apps/com.aaa.iphone.discounts.5fc6b2fe/delta/8432bff501c01a2d68ad9117e5c3c8a57896ee904fbb50aab799f305eb10b8b7_chunk-KQILE2RN.js","5569","NOT_FOUND"
"chunk-KSTLJ4US.js","0afadafe49e390731d14df9eb89d095018037e799de5ad4b0a3654a573397c8f","orgs/6e9b9e3b-c6be-4991-b03b-cf1f1d2eab4a/apps/com.aaa.iphone.discounts.5fc6b2fe/delta/4fd92caf3d6efe96595d6ad1182fbb9faa2ba36994714ed82331c79bdaf1cec0_chunk-KSTLJ4US.js","138","NOT_FOUND"
"chunk-KV4VGYZU.js.br","760093a141f2d5cdf8b6a35d12e3f59c0bb3d435101d04ed5d30a1fd4b804dd9","orgs/6e9b9e3b-c6be-4991-b03b-cf1f1d2eab4a/apps/com.aaa.iphone.discounts.5fc6b2fe/delta/8e9302a0339269f273d0157437690b3998f8a0b05d45835dc3dc44361de71eee_chunk-KV4VGYZU.js.br","2786","NOT_FOUND"
"chunk-KZLJACED.js","4e5eb4df15a83cd9194683b9e6e1c1674b0ee6ad90dc76d2ee363e5506c81800","orgs/6e9b9e3b-c6be-4991-b03b-cf1f1d2eab4a/apps/com.aaa.iphone.discounts.5fc6b2fe/delta/54a0e0b3212e47f26fa0933a3c5de60afe96f4decf19748cdac307af296f559e_chunk-KZLJACED.js","790","NOT_FOUND"
"chunk-LBPVEH3I.js.br","e1e64d44a21e3cfcd3a35b50942d32a7213f4080b76baecfc6b78d0888116b1c","orgs/6e9b9e3b-c6be-4991-b03b-cf1f1d2eab4a/apps/com.aaa.iphone.discounts.5fc6b2fe/delta/9d13e2c5f3350e639aa242dfb2938f6a8855ebccaa2b0819d0905db5d4affb4d_chunk-LBPVEH3I.js.br","15075","NOT_FOUND"
"chunk-LFD6XAC4.js","5ee379af8590d191043fa6d1d231f5e89f7b296fa39d5d0032fa64ce91383254","orgs/6e9b9e3b-c6be-4991-b03b-cf1f1d2eab4a/apps/com.aaa.iphone.discounts.5fc6b2fe/delta/f5d2af45f10ee2173f2f06a0dc964cdd3c8c0b1b57c6adfa8d9f1f6581ebb704_chunk-LFD6XAC4.js","7686","NOT_FOUND"
"chunk-LJ3EGVZQ.js","ad6cbbe0e9ce3a9f45706c61edf5450bdc6ca031cff139383e25dd85068718a7","orgs/6e9b9e3b-c6be-4991-b03b-cf1f1d2eab4a/apps/com.aaa.iphone.discounts.5fc6b2fe/delta/26b22307ea8c51a729dd84ba77c1b67ecbea6a6918da58bf1d7407272329e723_chunk-LJ3EGVZQ.js","1144","NOT_FOUND"
"chunk-LW5BOMVI.js.br","6112f0b4a03e3b370cf68f26fa5f2acb1fe8d192fc31b22c35904b230eb3946a","orgs/6e9b9e3b-c6be-4991-b03b-cf1f1d2eab4a/apps/com.aaa.iphone.discounts.5fc6b2fe/delta/533f758ea1e6a04dfce01db2b92530fbea6df9be01612189f5cb9393910e8502_chunk-LW5BOMVI.js.br","3347","NOT_FOUND"
"chunk-LWHQQKB4.js.br","bc545a4f562afcf959880b89bcdf6b3ffc5ec3b75a6d682e48dc113b9b3c53ce","orgs/6e9b9e3b-c6be-4991-b03b-cf1f1d2eab4a/apps/com.aaa.iphone.discounts.5fc6b2fe/delta/9ab9da3dedf1aa65c1c08f539a576efefc5ae8aac059a10b01d09831f200fb92_chunk-LWHQQKB4.js.br","6596","NOT_FOUND"
"chunk-M37VENI6.js.br","edb419accb48d60220697b8f630e36872d204624f52dbe329f609169a08e720c","orgs/6e9b9e3b-c6be-4991-b03b-cf1f1d2eab4a/apps/com.aaa.iphone.discounts.5fc6b2fe/delta/efe7472595431c0bb30d4e3e85c95791cda40ec7691205768954167fe7b99bf5_chunk-M37VENI6.js.br","243376","NOT_FOUND"
"chunk-M55RI2R4.js.br","4ebe80969a6c3c25210d3eb26d628bd21eaa7ba7fdb95e0338de66017666d640","orgs/6e9b9e3b-c6be-4991-b03b-cf1f1d2eab4a/apps/com.aaa.iphone.discounts.5fc6b2fe/delta/a5af92049ee9f0e64f930aade443d411a0965b5703d451135a9b5e86381c1c42_chunk-M55RI2R4.js.br","24424","NOT_FOUND"
"chunk-M66Z65XP.js","c1407aeb6715c295e4bd209af40ce80bc97018c9546f8509cefe64d595d5628a","orgs/6e9b9e3b-c6be-4991-b03b-cf1f1d2eab4a/apps/com.aaa.iphone.discounts.5fc6b2fe/delta/58d0ebb4ec0c1581107dc9cb80123741275a3e191838e12b1194a40247025fb0_chunk-M66Z65XP.js","1217","NOT_FOUND"
"chunk-M73HPZEX.js.br","43ac8ae0df4e53e43314ff953c794663e4c1c8a357c49128ce23f08417a36986","orgs/6e9b9e3b-c6be-4991-b03b-cf1f1d2eab4a/apps/com.aaa.iphone.discounts.5fc6b2fe/delta/b0aa53bde1c7434ca43ecd7c453eacdb70e8a53c94e5aa0ebc8080a708429484_chunk-M73HPZEX.js.br","2924","NOT_FOUND"
"chunk-MAKBJDL5.js.br","d59e1d32366b9b556e58a1ac651fa382ea7c4a77c8990a4f36fdb740fd85f49f","orgs/6e9b9e3b-c6be-4991-b03b-cf1f1d2eab4a/apps/com.aaa.iphone.discounts.5fc6b2fe/delta/a0d2e510ccfe33df615b1723d7a764af6d275968f13e5382878869c99f662dc0_chunk-MAKBJDL5.js.br","152020","NOT_FOUND"
"chunk-MAOSVHL2.js","2310cf4e295bcbdb973b22fdc62d63b8bb378b20aebbb9fc61ec50633b8d52be","orgs/6e9b9e3b-c6be-4991-b03b-cf1f1d2eab4a/apps/com.aaa.iphone.discounts.5fc6b2fe/delta/4545b74691eedde1a7bfc23bce09b4c994f4d92318ae7cdad71abda731185e94_chunk-MAOSVHL2.js","6326","NOT_FOUND"
"chunk-MG5WWZYV.js.br","8790e6154f78c5334a219a6fee74389333208488d8ed6f24c1d2a2370b912a8d","orgs/6e9b9e3b-c6be-4991-b03b-cf1f1d2eab4a/apps/com.aaa.iphone.discounts.5fc6b2fe/delta/ab87d75b175af0e93f2fa241e6f3c2d91178c4f5f48006556c1d346ae951b917_chunk-MG5WWZYV.js.br","13430","NOT_FOUND"
"chunk-MKBTM4EO.js.br","3dc68054d83335be97f9bb8605ac3065ae46cac0493178e2d9667296311124b0","orgs/6e9b9e3b-c6be-4991-b03b-cf1f1d2eab4a/apps/com.aaa.iphone.discounts.5fc6b2fe/delta/b8e10c7eff732c48bdb611d8150c0bbf088b688b930e676ab4530452ee604540_chunk-MKBTM4EO.js.br","3656","NOT_FOUND"
"chunk-MKF5753N.js.br","222deb2de9761b97c6454648c808df57fea799b4d6d6ac0744db21fa7cabfd10","orgs/6e9b9e3b-c6be-4991-b03b-cf1f1d2eab4a/apps/com.aaa.iphone.discounts.5fc6b2fe/delta/fc5bba8c29e1f5b3c3f1fdb96925d295e97f5f24d041e312b2aaa15996807c54_chunk-MKF5753N.js.br","3826","NOT_FOUND"
"chunk-MM6MUVBL.js.br","dc73fcf22f3b1e71025c8614579413b65775026da893939ef1b9ebedfe97c4cf","orgs/6e9b9e3b-c6be-4991-b03b-cf1f1d2eab4a/apps/com.aaa.iphone.discounts.5fc6b2fe/delta/84a3b5d58f8f44ee0eecf96921a61b43dfecc25dffc51a2f483be67faa4cc884_chunk-MM6MUVBL.js.br","3409","NOT_FOUND"
"chunk-MV74C7AZ.js","f98f70d9d1064e4622102d2740ab7977ff9a4aa4168a62a019a479a51716ad7b","orgs/6e9b9e3b-c6be-4991-b03b-cf1f1d2eab4a/apps/com.aaa.iphone.discounts.5fc6b2fe/delta/4ef856ea77694e0208abd986c3f879592bdae8c32089ff93ebe6077ea475f5c8_chunk-MV74C7AZ.js","170","NOT_FOUND"
"chunk-MWPSBCC2.js.br","f97e9c4ea1f92769b37832b218dfaf509b2f15170383a2fb201d82f892bfcc49","orgs/6e9b9e3b-c6be-4991-b03b-cf1f1d2eab4a/apps/com.aaa.iphone.discounts.5fc6b2fe/delta/6a6887502f1dc11ce224e0c823d97c8df48eb892439e2581dbc93f898a159a85_chunk-MWPSBCC2.js.br","3025","NOT_FOUND"
"chunk-MZOLBJZ5.js.br","94e0ce258d2d9c78f32090154694605d9f427d387d299265dad3128ed79929bc","orgs/6e9b9e3b-c6be-4991-b03b-cf1f1d2eab4a/apps/com.aaa.iphone.discounts.5fc6b2fe/delta/c546b188cb3736e4327000b03299a42663c2cc745fea47cc76847c52e5fad558_chunk-MZOLBJZ5.js.br","5856","NOT_FOUND"
"chunk-NBQJQKZZ.js","2e21eca7e7c8b7403f03a9cd9e6e296162800e0b68e003bb2f4594821af5ff99","orgs/6e9b9e3b-c6be-4991-b03b-cf1f1d2eab4a/apps/com.aaa.iphone.discounts.5fc6b2fe/delta/a8e3d3f2f2230ce4a3478228cbdb1d575c6f2c67f22065ed510e2e4ac71f5a4c_chunk-NBQJQKZZ.js","238","NOT_FOUND"
"chunk-NJIDRHSF.js.br","48fb65725cda707a8e839bcfacee9260e0e0e77ae18d14f1a3fd07f3c8dc2fb2","orgs/6e9b9e3b-c6be-4991-b03b-cf1f1d2eab4a/apps/com.aaa.iphone.discounts.5fc6b2fe/delta/e0f558aa84785dfa8e4360c3f3e623d8236ca3e6e255ee8e432de570edd41363_chunk-NJIDRHSF.js.br","5066","NOT_FOUND"
"chunk-NM47JGYB.js","e7cf3268fed458ea7d1139da4e3614811ae12b1c2ca5d05241b5dcc2945b2b92","orgs/6e9b9e3b-c6be-4991-b03b-cf1f1d2eab4a/apps/com.aaa.iphone.discounts.5fc6b2fe/delta/37d112365229cc2837a3a8ff338a8c0269de709d8c1e3df60957a3c1c8eed684_chunk-NM47JGYB.js","475","NOT_FOUND"
"chunk-NSX7RDYJ.js.br","5c5e6848ac23ec1d2478c6573ba5d025ad32e7a98a9d5f4584934805bc53964c","orgs/6e9b9e3b-c6be-4991-b03b-cf1f1d2eab4a/apps/com.aaa.iphone.discounts.5fc6b2fe/delta/f4d5d985ce2f6e042ac4b3409eff9429e2f37ad533c93248bb0862952f78a28f_chunk-NSX7RDYJ.js.br","2662","NOT_FOUND"
"chunk-NSYR5YDG.js","5ec6ceb7fd8a4b570b31a8184e3192315ff076b294759248b2449d8e162d5cf4","orgs/6e9b9e3b-c6be-4991-b03b-cf1f1d2eab4a/apps/com.aaa.iphone.discounts.5fc6b2fe/delta/f16cbbc0eff628c7d053f7e8d3ceb376bc40a499e75615f418b5d9cfb03f00f5_chunk-NSYR5YDG.js","3880","NOT_FOUND"
"chunk-NVQ6PRUQ.js.br","c1a2de700896b4f547bd1433d4594bb434e96e223c6710be2dde7904400d6872","orgs/6e9b9e3b-c6be-4991-b03b-cf1f1d2eab4a/apps/com.aaa.iphone.discounts.5fc6b2fe/delta/5cd427642d184f9d2e8252b802e49eec4cb53cc04808034d64efdf5cf7aee08c_chunk-NVQ6PRUQ.js.br","2627","NOT_FOUND"
"chunk-O5MT3YCZ.js","b415ebf5573a57050fa3c6af93d63abba5a9b23f90ffaf1b0be402b00436b96a","orgs/6e9b9e3b-c6be-4991-b03b-cf1f1d2eab4a/apps/com.aaa.iphone.discounts.5fc6b2fe/delta/7e2b77369775e4d5a070037edf08bf7f4351f2ee751aff62dcb126d66715ec3b_chunk-O5MT3YCZ.js","1258","NOT_FOUND"
"chunk-O6MTBGQS.js","bb694254d752d170bec73d759a8e14d854aecc0ef7811b5b1a619806b261f122","orgs/6e9b9e3b-c6be-4991-b03b-cf1f1d2eab4a/apps/com.aaa.iphone.discounts.5fc6b2fe/delta/47101727d8adc242e1ddd9cae5c6ea9024c939990213d3d2552c80d24f970519_chunk-O6MTBGQS.js","1198","NOT_FOUND"
"chunk-OCXOOJML.js.br","7a7e25464396a32f3ca22a6c011655baa92e921f3b2c65e5b67ea8dc914cee8a","orgs/6e9b9e3b-c6be-4991-b03b-cf1f1d2eab4a/apps/com.aaa.iphone.discounts.5fc6b2fe/delta/d484255a718423a6c3cb37248a714ea36245990c2876b2e7344801f36d149048_chunk-OCXOOJML.js.br","14777","NOT_FOUND"
"chunk-OPG2SLLL.js","5828c3518e4e8e32159a94017a7805b23080eb96abca1428ec31447e403e9673","orgs/6e9b9e3b-c6be-4991-b03b-cf1f1d2eab4a/apps/com.aaa.iphone.discounts.5fc6b2fe/delta/25d4b865e3d331df67c1d106e34a5a869919cc61ac6ea66d4104619783764451_chunk-OPG2SLLL.js","138","NOT_FOUND"
"chunk-OPGN6GTC.js","be8785cab0018b804e1a0ab493235348b2ab70acd9ad1c40979fbc91fe8fbcda","orgs/6e9b9e3b-c6be-4991-b03b-cf1f1d2eab4a/apps/com.aaa.iphone.discounts.5fc6b2fe/delta/a57b34c5b4571b6aeba50404260e9e05b265eebbe41d88d7127f05bd34f6a6eb_chunk-OPGN6GTC.js","282","NOT_FOUND"
"chunk-P5X6LKBL.js.br","ff8d0b3c39f7553d98a3985c109bf140272f1c382c2bb17a7a504162d5390bab","orgs/6e9b9e3b-c6be-4991-b03b-cf1f1d2eab4a/apps/com.aaa.iphone.discounts.5fc6b2fe/delta/2b94117a1765b031058f82d8daeee84a4c59ebe0c2a31ce6991840550fea6c98_chunk-P5X6LKBL.js.br","3208","NOT_FOUND"
"chunk-P62OVLDK.js","25abf17d4454cc0702d88d0d42e5175a1b3d3c7806601943ecc3fafa38ce7877","orgs/6e9b9e3b-c6be-4991-b03b-cf1f1d2eab4a/apps/com.aaa.iphone.discounts.5fc6b2fe/delta/0069348304a409dc81f31c70391e5023e8c3707fddbce9fdd7efe80688c64f03_chunk-P62OVLDK.js","5293","NOT_FOUND"
"chunk-PJWEKXMQ.js.br","ec5915946e287cbc9f941772e7b973694cbd3e06fa48f9d60c8354af8edaa19b","orgs/6e9b9e3b-c6be-4991-b03b-cf1f1d2eab4a/apps/com.aaa.iphone.discounts.5fc6b2fe/delta/4975100ee696abb95b6a4cba554ed7c5d2eddb5078fb7e5e565675af184351f9_chunk-PJWEKXMQ.js.br","3857","NOT_FOUND"
"chunk-PMJ3GTYA.js.br","2be8d91d8620b1a94a063240d9774aed5c1eb0f14fe68c910c1d889b128ecb98","orgs/6e9b9e3b-c6be-4991-b03b-cf1f1d2eab4a/apps/com.aaa.iphone.discounts.5fc6b2fe/delta/648a51f2b98ab4147ecd106a892019b9c442fe39db517d5bf962b88b10ace264_chunk-PMJ3GTYA.js.br","5651","NOT_FOUND"
"chunk-PMLPX4KN.js","0cd5b26f2e0781acb3f76d01e40cf687a91fb94152392a29838391e2a0dddd84","orgs/6e9b9e3b-c6be-4991-b03b-cf1f1d2eab4a/apps/com.aaa.iphone.discounts.5fc6b2fe/delta/2277fb58c60f8836c4c0b7db28869075c22371f3cb475e5e8450d087d250a5df_chunk-PMLPX4KN.js","1066","NOT_FOUND"
"chunk-PZHMOJB3.js","734be8bcac45c7a8f37c5566b9ce9d97c9803939f25b700a62fd3dcce6da5983","orgs/6e9b9e3b-c6be-4991-b03b-cf1f1d2eab4a/apps/com.aaa.iphone.discounts.5fc6b2fe/delta/05dca632f3636002c319bc7839d4528e4227cc9a458fbac1fadac93f1a933362_chunk-PZHMOJB3.js","1936","NOT_FOUND"
"chunk-Q2A2PCJ7.js","8d369960eb3fd9135687d40424466ab9b80b272c77382b948406f7d7fdba3781","orgs/6e9b9e3b-c6be-4991-b03b-cf1f1d2eab4a/apps/com.aaa.iphone.discounts.5fc6b2fe/delta/1ee50f1af81e1c78dbec66387b903b1606a4ae6bc96c2fa19e685a6ed4d0f1b5_chunk-Q2A2PCJ7.js","1733","NOT_FOUND"
"chunk-Q6RBTN6J.js","cb806c2f3d79105d7e5d7bb1862d991be16a676d328ab09c4559e9b77411d8e6","orgs/6e9b9e3b-c6be-4991-b03b-cf1f1d2eab4a/apps/com.aaa.iphone.discounts.5fc6b2fe/delta/d83beb9bbd3a9b1f9580c3550d9025d78c50d6cf57d4e708b8dff62a1435a9e4_chunk-Q6RBTN6J.js","1167","NOT_FOUND"
"chunk-Q76P5AAF.js","df2bab254af08d71607115df538ea86e8be07393ccdbbde0f1bc11356191bab7","orgs/6e9b9e3b-c6be-4991-b03b-cf1f1d2eab4a/apps/com.aaa.iphone.discounts.5fc6b2fe/delta/66ac0a003e2c89306363bcd2f92e5c6e7b11fa7bae718984d977be4a60c43c85_chunk-Q76P5AAF.js","4630","NOT_FOUND"
"chunk-QIAFEFDB.js","20ce1cf5cae5e932ff05623cb9f31afd865eb417685137b1c7081e8238e1c4c2","orgs/6e9b9e3b-c6be-4991-b03b-cf1f1d2eab4a/apps/com.aaa.iphone.discounts.5fc6b2fe/delta/8a6f6163c2e369716916a0292ed9215fdf64207e97832e214de687262208907e_chunk-QIAFEFDB.js","1419","NOT_FOUND"
"chunk-QKJXJLAE.js","552ec49d17ab3e2dd51cce6260b12683ee9182c5e4f6b07bcc24fabe1da1cf1a","orgs/6e9b9e3b-c6be-4991-b03b-cf1f1d2eab4a/apps/com.aaa.iphone.discounts.5fc6b2fe/delta/7528ea4aaccd4565d390f16b1eb3e92933bb7cbe59991d2196d44de2aba84403_chunk-QKJXJLAE.js","1941","NOT_FOUND"
"chunk-QXMNS76Z.js.br","d4b5051c86706cadd744aaaa720bf53a06fc2777087a4425e4ae1ddf903e31d5","orgs/6e9b9e3b-c6be-4991-b03b-cf1f1d2eab4a/apps/com.aaa.iphone.discounts.5fc6b2fe/delta/f6709ed19dd098ea5a18fc888ad7c66378f18dfb20d8c1c3a7a1d5799c46a799_chunk-QXMNS76Z.js.br","4778","NOT_FOUND"
"chunk-QYCQNAXE.js","be512e581517abae20ae7feabeb1ba9b9518a6615501bdd3b1eb74344bac9d72","orgs/6e9b9e3b-c6be-4991-b03b-cf1f1d2eab4a/apps/com.aaa.iphone.discounts.5fc6b2fe/delta/d6d5101f0f5ea5dff97ae539c7937f9ef7508ee02b7ea44cece2e8c497d019f8_chunk-QYCQNAXE.js","6917","NOT_FOUND"
"chunk-R7ODGLRP.js.br","242b58ce18739a311b45f8c29a57649cb2d0da9f8cebac5250322ac31c6675cf","orgs/6e9b9e3b-c6be-4991-b03b-cf1f1d2eab4a/apps/com.aaa.iphone.discounts.5fc6b2fe/delta/913a3f2b851020ab2e4acefc2967060cc08dbbdf112d68973cf83d56e3bcdf77_chunk-R7ODGLRP.js.br","3369","NOT_FOUND"
"chunk-RCS7GSP3.js","6647a8fcc4bb18eadebed46fb737d9b436d4158173181222efa149c02c24461e","orgs/6e9b9e3b-c6be-4991-b03b-cf1f1d2eab4a/apps/com.aaa.iphone.discounts.5fc6b2fe/delta/9edeca66c367741c32303f8604abc1e06b44b0fccc764d68ab9feadce45f81b3_chunk-RCS7GSP3.js","2207","NOT_FOUND"
"chunk-RPDNNLLZ.js","a83cc5e8b8ea280801b1c82f8f76c1b3ecbfa1f5a812df5a2f6991a4839f7633","orgs/6e9b9e3b-c6be-4991-b03b-cf1f1d2eab4a/apps/com.aaa.iphone.discounts.5fc6b2fe/delta/cc736e8f069e8960e389de2e48bd6fbdd005e7b74c0688b9f2157f0e9afa14d2_chunk-RPDNNLLZ.js","3375","NOT_FOUND"
"chunk-RXZD3CZC.js.br","d1864cdbca49c3bf6d01b06f796e5e56e6ea175f5193dfff338247925efdad8b","orgs/6e9b9e3b-c6be-4991-b03b-cf1f1d2eab4a/apps/com.aaa.iphone.discounts.5fc6b2fe/delta/af87e975e4b44be50433521872e30b53e9ce6992dcb24743b90e76f9fce2a9f0_chunk-RXZD3CZC.js.br","5342","NOT_FOUND"
"chunk-SDBLAOIZ.js","d877414e9986dbf948838d5341ffd524613cc30dc8b8c06a8e1178037438d79b","orgs/6e9b9e3b-c6be-4991-b03b-cf1f1d2eab4a/apps/com.aaa.iphone.discounts.5fc6b2fe/delta/10a17390ee2a457a31fe21992fb187705922490c97efb54b8ac0286aeabc7a35_chunk-SDBLAOIZ.js","853","NOT_FOUND"
"chunk-SEOBJ3C6.js.br","cd6c07ec894447ea7c46d6bbdbc026b69c9398d94cef0d67113a0513954e9b99","orgs/6e9b9e3b-c6be-4991-b03b-cf1f1d2eab4a/apps/com.aaa.iphone.discounts.5fc6b2fe/delta/7c2ca38f9e69f7a02da3397fd4cff7be81658613935186c442ee0667d4bca3a1_chunk-SEOBJ3C6.js.br","154167","NOT_FOUND"
"chunk-SEZPJU6R.js.br","45a25e5833bb40aea0e0b63475329c3e8ce8a8c4109a448551185821645f4a87","orgs/6e9b9e3b-c6be-4991-b03b-cf1f1d2eab4a/apps/com.aaa.iphone.discounts.5fc6b2fe/delta/d4c96f233e38a939ec2da7514c941b96b3d292e12472cf766e4a1719d80bf04d_chunk-SEZPJU6R.js.br","3655","NOT_FOUND"
"chunk-SFNWXTXF.js","4948161d38494a052dcd513c4ead537205b99f4cec9b1702800d08710b243c07","orgs/6e9b9e3b-c6be-4991-b03b-cf1f1d2eab4a/apps/com.aaa.iphone.discounts.5fc6b2fe/delta/b831bb3fcc38e64e2b193c68292a85f635a0ae72585e84d5c7dd55966bf79ebc_chunk-SFNWXTXF.js","893","NOT_FOUND"
"chunk-SPUZ6XLM.js","ea6d58cb658171ed354c40605ceea26981f502a4ed8c5b643c04a3a72e9875e5","orgs/6e9b9e3b-c6be-4991-b03b-cf1f1d2eab4a/apps/com.aaa.iphone.discounts.5fc6b2fe/delta/74068868de566457a24bbc9ba791864270fb14c00158a031b6c6692f603ba9a9_chunk-SPUZ6XLM.js","218","NOT_FOUND"
"chunk-SS7IL6EF.js.br","fe6cce63939e84b502b2364a299e4ccf77a51cd4144772b8e150abe52328409d","orgs/6e9b9e3b-c6be-4991-b03b-cf1f1d2eab4a/apps/com.aaa.iphone.discounts.5fc6b2fe/delta/17c9e4d22d4c695348110ddad25f14cda66dc325449800de02af36d57112a394_chunk-SS7IL6EF.js.br","3204","NOT_FOUND"
"chunk-SUNR2VOY.js","89d5d3e83b3f5ed8ce0135fe9dd6100513c70b04741ef9fdc352acdadd87ac12","orgs/6e9b9e3b-c6be-4991-b03b-cf1f1d2eab4a/apps/com.aaa.iphone.discounts.5fc6b2fe/delta/f7b7d32a8cf20b9784356eebace52a28fa4c1393652c81c05cf22ad58f49c496_chunk-SUNR2VOY.js","3346","NOT_FOUND"
"chunk-T673M3NM.js.br","c2cc38a7e9cf7cbc5631d60d67fa5524ae130ed263db568266a16c7782eaa6c9","orgs/6e9b9e3b-c6be-4991-b03b-cf1f1d2eab4a/apps/com.aaa.iphone.discounts.5fc6b2fe/delta/75ec7bb04bf34f035f6f3446fe6c9b477feb8ebb862bdcd0819ec71c651efcce_chunk-T673M3NM.js.br","3594","NOT_FOUND"
"chunk-T6UB5RMJ.js","84f7c8224b279044703b4ea6ffec802226497d713217fd061b3f84b4d5f85b95","orgs/6e9b9e3b-c6be-4991-b03b-cf1f1d2eab4a/apps/com.aaa.iphone.discounts.5fc6b2fe/delta/5da171bb139c12f1b61a12a087a4207d4453ba2826691f954d7b130ed45373dc_chunk-T6UB5RMJ.js","306","NOT_FOUND"
"chunk-TBPBQRCJ.js","08ecc65e5fe83f96abecce467816a5fc9b9ec8f75fae01cefe13e542e45a58b0","orgs/6e9b9e3b-c6be-4991-b03b-cf1f1d2eab4a/apps/com.aaa.iphone.discounts.5fc6b2fe/delta/99c8c66e4ceede14a30e4fb38aad0454cd9a9e32936cfe462ec7fb7d3cc24485_chunk-TBPBQRCJ.js","1864","NOT_FOUND"
"chunk-TH5PCNGK.js","7a18f57f991051aa4b42a0d9ed185afc7cc34cd5bfa97cf4699bd0c05e585874","orgs/6e9b9e3b-c6be-4991-b03b-cf1f1d2eab4a/apps/com.aaa.iphone.discounts.5fc6b2fe/delta/fc02b06c1f67658c040e429ceeb79e84be95d2166f1fe470eb0c40bc8a9c8516_chunk-TH5PCNGK.js","5713","NOT_FOUND"
"chunk-TNMQEUQY.js.br","a6c4cb973d3a8f40c200397cb3568a7c8ccd611ed94c4d75a195061d304341fd","orgs/6e9b9e3b-c6be-4991-b03b-cf1f1d2eab4a/apps/com.aaa.iphone.discounts.5fc6b2fe/delta/f19abf832f3352426eb0bd85131b479ef7f0a91c99766aeb812acedc5d92cae1_chunk-TNMQEUQY.js.br","9488","NOT_FOUND"
"chunk-TOY56RRM.js","7b0b2d9d0abdddae0c67df191640a6c543b6928d63ddd95fa8174fbfea110dfa","orgs/6e9b9e3b-c6be-4991-b03b-cf1f1d2eab4a/apps/com.aaa.iphone.discounts.5fc6b2fe/delta/44a0df12ba0cf5aab6051ad3c71fabddb9fa51daad873e8f002cf159a552832b_chunk-TOY56RRM.js","2551","NOT_FOUND"
"chunk-TW6QQVA2.js","23ecb127206bd5f9cd39752ae894422202a629042b701439bbc094e318322b46","orgs/6e9b9e3b-c6be-4991-b03b-cf1f1d2eab4a/apps/com.aaa.iphone.discounts.5fc6b2fe/delta/6b08bb06b499768f43049ddc0a12895c1a2075c9c17fdfb0a2d7fdbc54ad69e9_chunk-TW6QQVA2.js","2732","NOT_FOUND"
"chunk-TZOLPBRC.js","ad93c7465b46a3502f179f32138e06fb60441674e4d64ed84444751c489481d6","orgs/6e9b9e3b-c6be-4991-b03b-cf1f1d2eab4a/apps/com.aaa.iphone.discounts.5fc6b2fe/delta/0d1b5326a853eafbf6d1ed4c6e691ae9768b53440e546f1ecccbee03f0e7b979_chunk-TZOLPBRC.js","847","NOT_FOUND"
"chunk-U5DQEZCX.js.br","f9d3d27a3a5b8081a0da2086e4e2b67edfdfb1916bbf5fbf5b1c8912d3cf57e1","orgs/6e9b9e3b-c6be-4991-b03b-cf1f1d2eab4a/apps/com.aaa.iphone.discounts.5fc6b2fe/delta/60f3072288323ee7fb40c46f18423ff8e7ae5d526bf6414b9952829451209317_chunk-U5DQEZCX.js.br","4327","NOT_FOUND"
"chunk-UBZY77OO.js","27184c6e08031a114c1c838acf79bfbec5e5d2253d8f8e91bb76ad0195121af6","orgs/6e9b9e3b-c6be-4991-b03b-cf1f1d2eab4a/apps/com.aaa.iphone.discounts.5fc6b2fe/delta/31d35679a8ad64a62ccd96ef1c5e8bd354e3434bac9bc7b3839310fe3a9ceb99_chunk-UBZY77OO.js","980","NOT_FOUND"
"chunk-UCFJC2RQ.js","7b454df8781480702491256a27045567e575fa9eccb3dcff6cfe5bba3138c5d4","orgs/6e9b9e3b-c6be-4991-b03b-cf1f1d2eab4a/apps/com.aaa.iphone.discounts.5fc6b2fe/delta/3d12e7b5b40ca7e4745e9292614b8a00cd8976dad241e41a1c8c2060be8b1371_chunk-UCFJC2RQ.js","141","NOT_FOUND"
"chunk-UDUUXWU2.js","e9f2660054267666dfe446b6dbfaad762b96b6e247d7385f241ce43c3d482d09","orgs/6e9b9e3b-c6be-4991-b03b-cf1f1d2eab4a/apps/com.aaa.iphone.discounts.5fc6b2fe/delta/794e1368ce7fb070096d8bb4b5e9148fa195c2399c9b55f06dd65ea4b52cb8e5_chunk-UDUUXWU2.js","1156","NOT_FOUND"
"chunk-UIEMZDX3.js","db087da6225f9654a66e8d1da099892bec345ef23d15b91372227bb5b42b0198","orgs/6e9b9e3b-c6be-4991-b03b-cf1f1d2eab4a/apps/com.aaa.iphone.discounts.5fc6b2fe/delta/f413dc9f7dbdbc018faa4dceca82d49723809f8b99cdb8132483e7a7411af430_chunk-UIEMZDX3.js","1550","NOT_FOUND"
"chunk-UJJLRZ6R.js.br","a5fe9c91b88171b64f17b1f08c2f22671731c4ca0450a69ece32441ec9db5376","orgs/6e9b9e3b-c6be-4991-b03b-cf1f1d2eab4a/apps/com.aaa.iphone.discounts.5fc6b2fe/delta/f192c632895c90f8c5abb7cb3a4dcc96785a215ef2715d845f7c7d1f05d1f764_chunk-UJJLRZ6R.js.br","5928","NOT_FOUND"
"chunk-UKLTZOGN.js","2d7edfbe649153dfecb70754fa6f29c07eeb2971dd5c5607c50b86dbbc57ee96","orgs/6e9b9e3b-c6be-4991-b03b-cf1f1d2eab4a/apps/com.aaa.iphone.discounts.5fc6b2fe/delta/d408bda0273f74f8abc68d03fc2f42d9b0a3db18831c2c7af38e34ca4f7601a5_chunk-UKLTZOGN.js","336","NOT_FOUND"
"chunk-UMH3A3RG.js.br","67dc403f007526b8bd6000d967c77a91a5c9ff76c882a1c9491a11168d46624e","orgs/6e9b9e3b-c6be-4991-b03b-cf1f1d2eab4a/apps/com.aaa.iphone.discounts.5fc6b2fe/delta/a1d9d16f76d81d9269b7576c35bf33799353a7260c56f1447b934897035a8689_chunk-UMH3A3RG.js.br","111542","NOT_FOUND"
"chunk-UOUVADT5.js","4a2b47997a131d044fa9bf06dde7911d2f09fef5143151066455819efa9b59cd","orgs/6e9b9e3b-c6be-4991-b03b-cf1f1d2eab4a/apps/com.aaa.iphone.discounts.5fc6b2fe/delta/e9115e2d7fc94476cb2f8ce541a24ca12329a1e8a40618a30a5dee16f7ece77b_chunk-UOUVADT5.js","3739","NOT_FOUND"
"chunk-UR6XDTWD.js.br","a81715a58c3b580049320b3e6983ed0325b1dc8bfba4cac3dff9c18345e2c8dd","orgs/6e9b9e3b-c6be-4991-b03b-cf1f1d2eab4a/apps/com.aaa.iphone.discounts.5fc6b2fe/delta/dee47de0d0b3ca59f4f86c85f170953e101f6cd62f2cd08e40a5b92b22cb4278_chunk-UR6XDTWD.js.br","2303","NOT_FOUND"
"chunk-URIZMHY7.js","cacdddf07be55de350b6cad367a863cb36b91cc5e27f11ebf711c78edd1964e8","orgs/6e9b9e3b-c6be-4991-b03b-cf1f1d2eab4a/apps/com.aaa.iphone.discounts.5fc6b2fe/delta/ad43d6a2b33e4b4eede9b31c3b3e07fea2fd2dca145d94e9203c383cc04d1d53_chunk-URIZMHY7.js","1690","NOT_FOUND"
"chunk-UWXHDPXQ.js","ef41fb3ad2c617a4bd7b8f8104de109d9d4baaa347ca88168d2347707e4e9bec","orgs/6e9b9e3b-c6be-4991-b03b-cf1f1d2eab4a/apps/com.aaa.iphone.discounts.5fc6b2fe/delta/1708a483e132d954bad5a5106798b4dfa3be33561a014f499439938ae81479bc_chunk-UWXHDPXQ.js","2513","NOT_FOUND"
"chunk-UXTLAO5Q.js.br","55f502badae69b61f21735c4f0b0929e1af685c81949fc1de70312e9eddba527","orgs/6e9b9e3b-c6be-4991-b03b-cf1f1d2eab4a/apps/com.aaa.iphone.discounts.5fc6b2fe/delta/1674c158cb2f8035650df13063aced4cf1bde456bf3b6565153a203b414432bb_chunk-UXTLAO5Q.js.br","23620","NOT_FOUND"
"chunk-UXWWGNEW.js","9cc17897fc2117e9ea1c0e22e93e20415027bac631749d772f739290c3fec4a0","orgs/6e9b9e3b-c6be-4991-b03b-cf1f1d2eab4a/apps/com.aaa.iphone.discounts.5fc6b2fe/delta/99c7a4b5d267bd46b9b27dd6988a4c813d9b5dc3cd31d4b575bd87fd3b49a54c_chunk-UXWWGNEW.js","5328","NOT_FOUND"
"chunk-V4ZL64A5.js.br","80fe954553b9be5ce9ec04b400d0e645bb9becb49f588d1049ab93e1afcc90ff","orgs/6e9b9e3b-c6be-4991-b03b-cf1f1d2eab4a/apps/com.aaa.iphone.discounts.5fc6b2fe/delta/b5eff6fcd75e581816c6e1045226e76af5033eeebb7a4d135c1cb130330e3ad9_chunk-V4ZL64A5.js.br","5673","NOT_FOUND"
"chunk-V5QBO3LA.js.br","60f0ebae4a73d7f81aee791c7fbebf2517716c745e97a763bc1d8c274c70fc49","orgs/6e9b9e3b-c6be-4991-b03b-cf1f1d2eab4a/apps/com.aaa.iphone.discounts.5fc6b2fe/delta/bd1a021191cd6a686070c0788ca36d0ec2d98a691d28f4517f7b5279cb0a7a8e_chunk-V5QBO3LA.js.br","55635","NOT_FOUND"
"chunk-V75LETGP.js","edfc100789173413e3f4225e7cad68897126ca3c6af207a96eb4c2c9bf3b9123","orgs/6e9b9e3b-c6be-4991-b03b-cf1f1d2eab4a/apps/com.aaa.iphone.discounts.5fc6b2fe/delta/197ac5106ab8859bf2a94e6a51ed4fcbc598c00535f20ee6da42e41a62850a83_chunk-V75LETGP.js","768","NOT_FOUND"
"chunk-VNOQI43K.js","d3895ca85311cfa673f870a8b27f1faf42782dece3e7b2df2d57c07bb1569b19","orgs/6e9b9e3b-c6be-4991-b03b-cf1f1d2eab4a/apps/com.aaa.iphone.discounts.5fc6b2fe/delta/f60271b85ed2967d1054971b84f697e40e3287e36bb7d576843314fcddf018d8_chunk-VNOQI43K.js","3696","NOT_FOUND"
"chunk-VRQXFGXN.js.br","3028c9385ea46f4cf646111c11f9f7751f4a9a858ddebdd50d93ff06717e4a70","orgs/6e9b9e3b-c6be-4991-b03b-cf1f1d2eab4a/apps/com.aaa.iphone.discounts.5fc6b2fe/delta/9ec60926a067191728389b855ce9706f7206a466d1d171add80acff1f9518c81_chunk-VRQXFGXN.js.br","5858","NOT_FOUND"
"chunk-VV5SS7I2.js","0274055f8e0e69c76a5121d28d7e852497551073bf055aa892fb415ae2f4cf15","orgs/6e9b9e3b-c6be-4991-b03b-cf1f1d2eab4a/apps/com.aaa.iphone.discounts.5fc6b2fe/delta/5f141646375159e14daabf3f92504c68b8169535abc9dce68b77259658842c54_chunk-VV5SS7I2.js","3849","NOT_FOUND"
"chunk-VY6RDV54.js","75e8ced1204d82066c980c8a904ffcc8a87ff1ff5201554a7ce9ad0c5dc667d2","orgs/6e9b9e3b-c6be-4991-b03b-cf1f1d2eab4a/apps/com.aaa.iphone.discounts.5fc6b2fe/delta/a7f2f1b04a71aed815a0e7dbe12a26c270bd83102492a51bda08b93df7aceaa6_chunk-VY6RDV54.js","1849","NOT_FOUND"
"chunk-W3CVCG52.js","4f27169cce2af33b63d4a9a04a306d4cdd7f5a018b26a49e4b6d0903ebff68c5","orgs/6e9b9e3b-c6be-4991-b03b-cf1f1d2eab4a/apps/com.aaa.iphone.discounts.5fc6b2fe/delta/7e67b63af01cac4fdf95a4e8a96bd0ea4924efb997e8c2ce1e53d633fc745d43_chunk-W3CVCG52.js","1117","NOT_FOUND"
"chunk-W5AZIB6G.js.br","d337dea27b580c121762347295a12847a9beedf0428e80c726025f69833f6c1d","orgs/6e9b9e3b-c6be-4991-b03b-cf1f1d2eab4a/apps/com.aaa.iphone.discounts.5fc6b2fe/delta/3d69866573129dc9763f747b6d079679550cb81fb66d45c18149716b2774b7b8_chunk-W5AZIB6G.js.br","3572","NOT_FOUND"
"chunk-W6GTQZIG.js.br","bedcb8c6989ecbbf4c536901abddc0c2d97455e7897983bcc51aa501c377919f","orgs/6e9b9e3b-c6be-4991-b03b-cf1f1d2eab4a/apps/com.aaa.iphone.discounts.5fc6b2fe/delta/09256bdcfbdb27d3a0c8257e33a9743acd361c56c5cf003204621c345178ccd3_chunk-W6GTQZIG.js.br","2405","NOT_FOUND"
"chunk-WEYPUQSY.js.br","d4042055009a58c73d14516627a705d9ec62458a7292a5d2b76d8734a79b9079","orgs/6e9b9e3b-c6be-4991-b03b-cf1f1d2eab4a/apps/com.aaa.iphone.discounts.5fc6b2fe/delta/87d1fa2dfabe045d23f205ea1a55a5274ef658bde6369cba68fb1ed559cc3226_chunk-WEYPUQSY.js.br","1244","NOT_FOUND"
"chunk-WFANN642.js.br","9cfd789274e0491c739e4367fc5a42330a7bfff5e4714fca27131d10afc157d0","orgs/6e9b9e3b-c6be-4991-b03b-cf1f1d2eab4a/apps/com.aaa.iphone.discounts.5fc6b2fe/delta/b5ec1b7040abd6bcf90f30ce4acbb6fd4370b0c266f06a8015ab954bdc884ed7_chunk-WFANN642.js.br","5152","NOT_FOUND"
"chunk-WIJ4IR76.js.br","9bb8a67e6ed06aaa3306d428a8f6061c904a901cb74a9bb50c17263b88574cc2","orgs/6e9b9e3b-c6be-4991-b03b-cf1f1d2eab4a/apps/com.aaa.iphone.discounts.5fc6b2fe/delta/7e2a46a2e5544f603bfa43f1726f555030a61f672e6c35bd3f44327782d12734_chunk-WIJ4IR76.js.br","4970","NOT_FOUND"
"chunk-WNMMKM4N.js.br","ee5416c667463ac50ee299a0b75e70a87edf65ea62b8e1895be89d6dcdcaeb58","orgs/6e9b9e3b-c6be-4991-b03b-cf1f1d2eab4a/apps/com.aaa.iphone.discounts.5fc6b2fe/delta/b42707fc2f84d8a6f28ef97213e919fd988e8a32ee4506886542010eb50927a2_chunk-WNMMKM4N.js.br","9287","NOT_FOUND"
"chunk-WOXUHZES.js","90926ee1b6e257370b788a012d53a157beb6173d8e14a81d2d89556eac344cd8","orgs/6e9b9e3b-c6be-4991-b03b-cf1f1d2eab4a/apps/com.aaa.iphone.discounts.5fc6b2fe/delta/033e56aa0917796cdc6976a1baf626ec1ca1729ce0112c86c6c0392e9ae4e5ba_chunk-WOXUHZES.js","521","NOT_FOUND"
"chunk-WPXZCSYM.js","5740612bdd76c582fcea15b4f45a48354b1afae4825abe24cde1af4cb12780af","orgs/6e9b9e3b-c6be-4991-b03b-cf1f1d2eab4a/apps/com.aaa.iphone.discounts.5fc6b2fe/delta/841a1fbcfdea81f6bd055459254bd6d72501f1c2c78df6c0081137a78fb71a6a_chunk-WPXZCSYM.js","846","NOT_FOUND"
"chunk-WR3ZNUFM.js","2b0cba846b309a03b8c36914d9e61b1a3a4557076816e312a2a0bc231c32756f","orgs/6e9b9e3b-c6be-4991-b03b-cf1f1d2eab4a/apps/com.aaa.iphone.discounts.5fc6b2fe/delta/541dd200767392efd1ab2e6304cc7a30eef7bb0a5ab8e986870261992d98e936_chunk-WR3ZNUFM.js","297","NOT_FOUND"
"chunk-WRZY6VUP.js","efbd718522360ad3084d0342330ef81a894277e6461be79f9b2864f859962c2e","orgs/6e9b9e3b-c6be-4991-b03b-cf1f1d2eab4a/apps/com.aaa.iphone.discounts.5fc6b2fe/delta/0357be1a045508e0a2542fb1fe1ff3603ba2c3e037c1f25d7cd1256c5493e4d4_chunk-WRZY6VUP.js","608","NOT_FOUND"
"chunk-WTMRTXFT.js","28d67fb2dceee733d4babbe32dc5d919c8c29a7c29db1dfa6e3897322f955888","orgs/6e9b9e3b-c6be-4991-b03b-cf1f1d2eab4a/apps/com.aaa.iphone.discounts.5fc6b2fe/delta/d2a440e1da5b4216ac23f64954227ccddaba1364d5528441017339a8af9b3182_chunk-WTMRTXFT.js","292","NOT_FOUND"
"chunk-WXI2CBSE.js.br","c858f85425ef4fdaa75224242ff1c8f517f212b4adab46ddba8455b927eb3261","orgs/6e9b9e3b-c6be-4991-b03b-cf1f1d2eab4a/apps/com.aaa.iphone.discounts.5fc6b2fe/delta/06971cb834ef7420a5d64c260c460d6e5a214791c572c2446ec7e6b7211f89c1_chunk-WXI2CBSE.js.br","2216","NOT_FOUND"
"chunk-WYPCFIE6.js","082cdf3ed3760f209a7c3c43faaae6d8662c6c6f7d9cd5da97752466df6f59e2","orgs/6e9b9e3b-c6be-4991-b03b-cf1f1d2eab4a/apps/com.aaa.iphone.discounts.5fc6b2fe/delta/ae930686f95f181f513b80502affaaedcd7cab860f1a17fa9c622cb8d62ba866_chunk-WYPCFIE6.js","3774","NOT_FOUND"
"chunk-X7GNEJQC.js","8741c28be7d59903bf6acff712bbf4b46a816955a240e12ac67c2db7dcdfee5a","orgs/6e9b9e3b-c6be-4991-b03b-cf1f1d2eab4a/apps/com.aaa.iphone.discounts.5fc6b2fe/delta/97b6bb39a76893db013c2ed1875a54309cbd2537920916ee76775b57029c3aa8_chunk-X7GNEJQC.js","350","NOT_FOUND"
"chunk-XDYLLS26.js.br","f29dca9e34a3776a8ed9b1178fcbc5bb11b08f5990fb953a6c7358b5e578600c","orgs/6e9b9e3b-c6be-4991-b03b-cf1f1d2eab4a/apps/com.aaa.iphone.discounts.5fc6b2fe/delta/c79a600d42c18b1108350b769b9d3e1eb51d76d8808ee90e444347af523850a9_chunk-XDYLLS26.js.br","7333","NOT_FOUND"
"chunk-XEUI4QVZ.js","dc6fd98badcc2009a17bd727c46b43847973eebf12587ff5d62a256ca5cf6b16","orgs/6e9b9e3b-c6be-4991-b03b-cf1f1d2eab4a/apps/com.aaa.iphone.discounts.5fc6b2fe/delta/b09a32af4395356eac018240d2b188fad3479affa7d9d67b1cf325300f958e5f_chunk-XEUI4QVZ.js","262","NOT_FOUND"
"chunk-XGEGALWI.js.br","27b79cb1863df07d9896de08f05155b794bcb51c21f9ca2266db957ec9f7c037","orgs/6e9b9e3b-c6be-4991-b03b-cf1f1d2eab4a/apps/com.aaa.iphone.discounts.5fc6b2fe/delta/40c1c375cf772cb06d0a3e336506b20d35c18256033c7c81b6f14669d07f30c5_chunk-XGEGALWI.js.br","14456","NOT_FOUND"
"chunk-XHTNS3RW.js","87890ef48a7318c4c4d80843a8b0e19bb77cff53d4a66e13ce00e265c3db0ff6","orgs/6e9b9e3b-c6be-4991-b03b-cf1f1d2eab4a/apps/com.aaa.iphone.discounts.5fc6b2fe/delta/1da9a26eeb5dce643073c2704794c86c1e632338bab111af44559209c9adedc6_chunk-XHTNS3RW.js","739","NOT_FOUND"
"chunk-XJLSFM6M.js","f4bf2ff8ff91625a58ad5a3d78ff51a43a8ce4ed2930f9a6c3ddcfb5f73d6d9b","orgs/6e9b9e3b-c6be-4991-b03b-cf1f1d2eab4a/apps/com.aaa.iphone.discounts.5fc6b2fe/delta/016e478133d240e175c404bdcb89fc3f11c6b71d7dd355caaa3ddcfc11cd04a4_chunk-XJLSFM6M.js","210","NOT_FOUND"
"chunk-XLFYCLAW.js","4243eaedddaf689bc672331f11ff03f26cb916a188c0f8f49e20de8b03a2a66c","orgs/6e9b9e3b-c6be-4991-b03b-cf1f1d2eab4a/apps/com.aaa.iphone.discounts.5fc6b2fe/delta/d73e98bca3ef53a44af74b4fa8bb57949ae85b0acbc51b166efa935ea8561bfc_chunk-XLFYCLAW.js","208","NOT_FOUND"
"chunk-XS5YOEYP.js","5931028602479964637619c7d3efba81caa7356d064f2920730e7f7869cb8f83","orgs/6e9b9e3b-c6be-4991-b03b-cf1f1d2eab4a/apps/com.aaa.iphone.discounts.5fc6b2fe/delta/3b4259069e3a85788f73195cd585a39da9753118f7e34cb7a52912f6d3a7ffba_chunk-XS5YOEYP.js","4715","NOT_FOUND"
"chunk-XZBYNYX6.js","d9ff64630dfa3f9c5fa80fb472c326f4fc2b6d52d9501302f3c63d2164307af8","orgs/6e9b9e3b-c6be-4991-b03b-cf1f1d2eab4a/apps/com.aaa.iphone.discounts.5fc6b2fe/delta/76f632b15d8814d0360bf94ee81578ba2cb8c78ffdafcd19bd799c7f96014135_chunk-XZBYNYX6.js","282","NOT_FOUND"
"chunk-YBLTGR6L.js","99c816038e50dc8b241600fee4b24d17d49e3deb2f8c7b88280f16440c709cf9","orgs/6e9b9e3b-c6be-4991-b03b-cf1f1d2eab4a/apps/com.aaa.iphone.discounts.5fc6b2fe/delta/28a55a4e89fddd882e646f58c23eed6a27a85e892ef619b5b72f8a8bf036d462_chunk-YBLTGR6L.js","4749","NOT_FOUND"
"chunk-YCKYFJ32.js","3fda11095852ebb6cb32ac5b37cceb7a9d4cb1a187e5641e91792e0f474078e9","orgs/6e9b9e3b-c6be-4991-b03b-cf1f1d2eab4a/apps/com.aaa.iphone.discounts.5fc6b2fe/delta/0486cc9ae7de59afe9c01077aa3bdc0737e8046e9b87cfea9fb267aa05cdd356_chunk-YCKYFJ32.js","4866","NOT_FOUND"
"chunk-YDSZ677D.js.br","904624d393ceb52327b442b0b9637abe3864a41125d4c313242883c4efeb9045","orgs/6e9b9e3b-c6be-4991-b03b-cf1f1d2eab4a/apps/com.aaa.iphone.discounts.5fc6b2fe/delta/561e6d52e80dcf12277f2a9709f3f7bcd9a740833d9f5f0cdb97e571e07dd02e_chunk-YDSZ677D.js.br","1816","NOT_FOUND"
"chunk-YKRI6EKF.js.br","a97c3b64d30df27801e06f0aa4483483b0089a924cf1903b64dbe5de0983a427","orgs/6e9b9e3b-c6be-4991-b03b-cf1f1d2eab4a/apps/com.aaa.iphone.discounts.5fc6b2fe/delta/5e3a904d4d89a1e87bdad48c5a5c7ae6f1b853e4fa55e4d7010540c2ef73fd12_chunk-YKRI6EKF.js.br","34924","NOT_FOUND"
"chunk-YOWTGTCP.js","5167e060eb13176d3f614573c1a91f1c0d5cfe889040a5ac28cb8678837f2d31","orgs/6e9b9e3b-c6be-4991-b03b-cf1f1d2eab4a/apps/com.aaa.iphone.discounts.5fc6b2fe/delta/0fcd863e71c2e66b9c58f6dcb7354ea3ce1f3eaccad990d7828a4d4a03f7bfb8_chunk-YOWTGTCP.js","3489","NOT_FOUND"
"chunk-YQCOMNCH.js","7ebe72d4f0131d3f908bf3870a972e0c251d1839b8096658d5cb5b07e7907c77","orgs/6e9b9e3b-c6be-4991-b03b-cf1f1d2eab4a/apps/com.aaa.iphone.discounts.5fc6b2fe/delta/8c4665e6abae3558181187bb618a84a626809df9c239bfc7baa7ca6af3feee9c_chunk-YQCOMNCH.js","4311","NOT_FOUND"
"chunk-YUBNW3YH.js","fe2264ecd4b8aa446310195f35515062ac85cdbea5bbd438ef321a6b6c6fc33a","orgs/6e9b9e3b-c6be-4991-b03b-cf1f1d2eab4a/apps/com.aaa.iphone.discounts.5fc6b2fe/delta/21bbfcc2819708166f50e17776b160fc51becce510955888c303a59770e6953e_chunk-YUBNW3YH.js","4763","NOT_FOUND"
"chunk-Z462WAKV.js","3c546ae6c8c61b53592c98d101111413855fdfa07bae410a506bd2b5b8daa9e3","orgs/6e9b9e3b-c6be-4991-b03b-cf1f1d2eab4a/apps/com.aaa.iphone.discounts.5fc6b2fe/delta/7e79004ae451dadd7fe8c94e6097cf39727de96c8ff08d145c8308a665c04d62_chunk-Z462WAKV.js","3902","NOT_FOUND"
"chunk-Z5ZII6JE.js","ac3c8e6c0d9173baa3b17eb11cbbf3976407a1149563285d1a7a3732a506388e","orgs/6e9b9e3b-c6be-4991-b03b-cf1f1d2eab4a/apps/com.aaa.iphone.discounts.5fc6b2fe/delta/dc3b8d0e18053f935a579d60dee4e1374f68e161901b847186095b41d02def84_chunk-Z5ZII6JE.js","3508","NOT_FOUND"
"chunk-Z76ZC7OW.js.br","4a234ac8457e037ccb162e89fdf3cc8bad0bc512db9bfb721c4121b4380acb0a","orgs/6e9b9e3b-c6be-4991-b03b-cf1f1d2eab4a/apps/com.aaa.iphone.discounts.5fc6b2fe/delta/78267789cbe1f8f6cfa2bad00e6895a591680dfc0a35f7d259c14b327f95185a_chunk-Z76ZC7OW.js.br","3908","NOT_FOUND"
"chunk-Z7EUPVXN.js","f62020830f73bd73a92d3fc1cf4b9cbdedeaf0a209507cdd1f987cb6bfc0d790","orgs/6e9b9e3b-c6be-4991-b03b-cf1f1d2eab4a/apps/com.aaa.iphone.discounts.5fc6b2fe/delta/5883ed3137118bc1ca621d6b49ca80a7816754c07dc86692b382cd4b3c0bac5e_chunk-Z7EUPVXN.js","2151","NOT_FOUND"
"chunk-ZDFWGPDV.js","f06ba3eda6f12d69ad4013ca58a048f32caee15c84cfbfc8c88a67628c8bea04","orgs/6e9b9e3b-c6be-4991-b03b-cf1f1d2eab4a/apps/com.aaa.iphone.discounts.5fc6b2fe/delta/b7e101d104e415cd1e5ba5fef74752c3b992a3da57e727f8ac12db31ffb1762f_chunk-ZDFWGPDV.js","4992","NOT_FOUND"
"chunk-ZDKRBDHW.js","ee3e5638d70b2bbaeac14b1ee914fecee6ae34c397fd10614027d99682d93d65","orgs/6e9b9e3b-c6be-4991-b03b-cf1f1d2eab4a/apps/com.aaa.iphone.discounts.5fc6b2fe/delta/21cddd059af33f0e80eeed959b99a15355662fd1637fde54f9c5be98d28cb1cc_chunk-ZDKRBDHW.js","669","NOT_FOUND"
"chunk-ZNODUDC5.js","854870555c9ff832a07ce910ddbd8ce33c3b04aeaaa04b25932589827d7f77cd","orgs/6e9b9e3b-c6be-4991-b03b-cf1f1d2eab4a/apps/com.aaa.iphone.discounts.5fc6b2fe/delta/97867050aad57b13be06f886b0092e3da0f7680fa43a7a201414743f4c0a354e_chunk-ZNODUDC5.js","405","NOT_FOUND"
"chunk-ZNVYBORF.js","bcdb3dc56eacee52b18e4baa7d25ecc14f69b9e1006fa4daeae7b0a1a510e67d","orgs/6e9b9e3b-c6be-4991-b03b-cf1f1d2eab4a/apps/com.aaa.iphone.discounts.5fc6b2fe/delta/c7a7c858476f74abf49d42d604537967b9ac20f4eec92fa64a7cb28dbc37d112_chunk-ZNVYBORF.js","1181","NOT_FOUND"
"chunk-ZY6W5JI4.js","6a012a22ef3f6ad1beb3375e26eaf55dd17d02372859b6cb645710d28c7ec03b","orgs/6e9b9e3b-c6be-4991-b03b-cf1f1d2eab4a/apps/com.aaa.iphone.discounts.5fc6b2fe/delta/2481c1bf6cdc6303c6cf15d2def064cccec93b75fef05e7c1d1a939731f62e5d_chunk-ZY6W5JI4.js","1248","NOT_FOUND"
"index.html.br","a080856ea607d921bb4f50e038bbbe5660ebec562df052cda538123eb7aafd5a","orgs/6e9b9e3b-c6be-4991-b03b-cf1f1d2eab4a/apps/com.aaa.iphone.discounts.5fc6b2fe/delta/b07fb77aece266f3ce5760ee7f67a9e6eaf7b907397c913a606fe6d31667497c_index.html.br","7655","NOT_FOUND"
"live-update-manifest.json.br","734a98d3b12484fb0c28902678109d2236a6889e99c3a49853f9358f0f620370","orgs/6e9b9e3b-c6be-4991-b03b-cf1f1d2eab4a/apps/com.aaa.iphone.discounts.5fc6b2fe/delta/66853132d55d8d51e03365f513dc6e46b3ce6e5eafaac0dbde0dd8d2bb4e7927_live-update-manifest.json.br","68161","NOT_FOUND"
"main-TL7XEUTV.js.br","a310193ab34b8bd0d075bad6f20d05aeff5006b528bcf17eacebe74218d37e65","orgs/6e9b9e3b-c6be-4991-b03b-cf1f1d2eab4a/apps/com.aaa.iphone.discounts.5fc6b2fe/delta/d20bfd3657f1d90e70f1ee4cc19d226cca2602e13d4b98db598a2dced073a3c7_main-TL7XEUTV.js.br","43497","NOT_FOUND"
"polyfills-QUQJNKOB.js.br","56380c49008ba934e76220d3787d65a9b5c5a06ca17b40237aff8a052a3003a6","orgs/6e9b9e3b-c6be-4991-b03b-cf1f1d2eab4a/apps/com.aaa.iphone.discounts.5fc6b2fe/delta/89899d5c39ec6971c228decd15953a27ab641862866356e78452cf2faec06e3a_polyfills-QUQJNKOB.js.br","25481","NOT_FOUND"
"prerendered-routes.json","a79ddcc8a115190e9c19479ed36914741a7d1db74f0a1153529efc80725505fe","orgs/6e9b9e3b-c6be-4991-b03b-cf1f1d2eab4a/apps/com.aaa.iphone.discounts.5fc6b2fe/delta/d39b0769bb40130be31f4f6ff5dce44f44ac8a46e3888f34b1214f46b84183f6_prerendered-routes.json","18","NOT_FOUND"
"pro-manifest.json.br","e325526984297fea9b634a1894b6c69ad3ba2a34c747c20e1029f12eaecef7bd","orgs/6e9b9e3b-c6be-4991-b03b-cf1f1d2eab4a/apps/com.aaa.iphone.discounts.5fc6b2fe/delta/8b324829f0487dda9dd47f83125757957339d79ca50171fc63305257180e0505_pro-manifest.json.br","50904","NOT_FOUND"
"scripts-X5SCYVK7.js.br","66ee389e66ea9959481e49272295ab6d2a6e9fd864463f8ff7bf00a9a8c27a90","orgs/6e9b9e3b-c6be-4991-b03b-cf1f1d2eab4a/apps/com.aaa.iphone.discounts.5fc6b2fe/delta/6b710febf5c2574a6bbeebf671cc137f17747af1d68699bfebedcfbce8002f7b_scripts-X5SCYVK7.js.br","11162","NOT_FOUND"
"styles-GP54AJ4Z.css.br","a2faa5896ff4cb9cab92ee66a84680e1b4d66227979adfb9ddf594b5917f4b94","orgs/6e9b9e3b-c6be-4991-b03b-cf1f1d2eab4a/apps/com.aaa.iphone.discounts.5fc6b2fe/delta/435ca0a88106e51cb8a7c3244c24ee8c9896b4e5753917fea1f02a01ead85dee_styles-GP54AJ4Z.css.br","33500","NOT_FOUND"
"svg/add-circle-sharp.svg","0c75403470f93c208030fe4627f390903efe4740a752d448cb093f5810d39d11","orgs/6e9b9e3b-c6be-4991-b03b-cf1f1d2eab4a/apps/com.aaa.iphone.discounts.5fc6b2fe/delta/07f1eb13c88d5a5df6f5e97d4498af17ef2bb05c460e1bedb5c33168f8f2859b_svg/add-circle-sharp.svg","231","NOT_FOUND"
"svg/add-outline.svg","4b1e4a49e477345a3b4a0de1830c23c5fed52d4ea724e3734a8dc41d65d7d7d6","orgs/6e9b9e3b-c6be-4991-b03b-cf1f1d2eab4a/apps/com.aaa.iphone.discounts.5fc6b2fe/delta/8e5eece1760b67b5e2dba2587859887efced8dd6ba24d04d151f100c4dc3ea6e_svg/add-outline.svg","203","NOT_FOUND"
"svg/add.svg","9da39aabdaaba9aa1ed02f804a6b159501c32e18cf6088d37ca55792b128a693","orgs/6e9b9e3b-c6be-4991-b03b-cf1f1d2eab4a/apps/com.aaa.iphone.discounts.5fc6b2fe/delta/11a40fe71f263beaa3af0e1e8b0054c3cc1ceb1fa4e1a5d07ebbbc75567324cb_svg/add.svg","214","NOT_FOUND"
"svg/alert-circle-outline.svg","3ef79007e0ec6c7d549f6d94b02f80cbb064fe3dd48147f9a6271d60ba2c7c43","orgs/6e9b9e3b-c6be-4991-b03b-cf1f1d2eab4a/apps/com.aaa.iphone.discounts.5fc6b2fe/delta/000fb13e473439c47e2612520ec91126698581c38bff50bb47bbaf3333d87a08_svg/alert-circle-outline.svg","484","NOT_FOUND"
"svg/arrow-back-outline.svg","a9f6174339b43c2091ab8bbaa33c7d8d62d31e2fd7a1b4e19873beed7bba078b","orgs/6e9b9e3b-c6be-4991-b03b-cf1f1d2eab4a/apps/com.aaa.iphone.discounts.5fc6b2fe/delta/8b96cc06ef195d1be7f35d3ddc16a31dc779fdb5be15c16e49922e8cd0debaee_svg/arrow-back-outline.svg","223","NOT_FOUND"
"svg/at-outline.svg","f98a14cba5bcd6552bd957ecb1dac57383022e7f718bf7e28316ed06d91982b3","orgs/6e9b9e3b-c6be-4991-b03b-cf1f1d2eab4a/apps/com.aaa.iphone.discounts.5fc6b2fe/delta/87ac752b7929cbfa84f0b1703515137614b00d1d8704c3e8df78a6f2b7a8e79e_svg/at-outline.svg","590","NOT_FOUND"
"svg/briefcase-outline.svg","97fd2080b2fdfab76f3c55aed9ca09a16d23c09b6a04c37fa65786c85f07f053","orgs/6e9b9e3b-c6be-4991-b03b-cf1f1d2eab4a/apps/com.aaa.iphone.discounts.5fc6b2fe/delta/5c49a36ee1631928b5c4aea9c47436d3c500a675ae8c3f712001710b91248751_svg/briefcase-outline.svg","424","NOT_FOUND"
"svg/business-outline.svg","abff7f023d4126fc3fc5e5e5122676b540e38f7534520dcc868a171690b4195c","orgs/6e9b9e3b-c6be-4991-b03b-cf1f1d2eab4a/apps/com.aaa.iphone.discounts.5fc6b2fe/delta/59199ca1d2e612355acb77df8aa3d73f06ddc69d48f21aa8b3263451d6add0c9_svg/business-outline.svg","1459","NOT_FOUND"
"svg/calculator-outline.svg","1762a2d40579f437f83b433e6267d46f2d65bbcf3c92f2a13f1a85d0606e2115","orgs/6e9b9e3b-c6be-4991-b03b-cf1f1d2eab4a/apps/com.aaa.iphone.discounts.5fc6b2fe/delta/05bdc140aeaa8e0f60f8e00d8026e1756b3e2e384b0e9632d58c438f1a1d8035_svg/calculator-outline.svg","668","NOT_FOUND"
"svg/calendar-outline.svg","31e896acf102ed47a50285593ba025113dc14ee2c4da17175b5da14b6980ef98","orgs/6e9b9e3b-c6be-4991-b03b-cf1f1d2eab4a/apps/com.aaa.iphone.discounts.5fc6b2fe/delta/7d514f48cd79a4e30f3d583b734eb56cb4781e48fb6374ab7c3001a9acf4e5fb_svg/calendar-outline.svg","735","NOT_FOUND"
"svg/call-outline.svg","1071e43b8702b4a81ed881289b86a4894ee2d88857ef1bf2f29ff82c12c2b354","orgs/6e9b9e3b-c6be-4991-b03b-cf1f1d2eab4a/apps/com.aaa.iphone.discounts.5fc6b2fe/delta/31ca21231c1b34dc8739df43868ca49755a83746474789f6eca52c5ca513132c_svg/call-outline.svg","662","NOT_FOUND"
"svg/camera-outline.svg","840786a6c271b802102ed8c58372616d4f161e352c027b0a53116f7a56916c84","orgs/6e9b9e3b-c6be-4991-b03b-cf1f1d2eab4a/apps/com.aaa.iphone.discounts.5fc6b2fe/delta/53a9dae1d7cee5af564bb5bf8400d8ab12f05de3f13eb445cb3c086bfde6a167_svg/camera-outline.svg","674","NOT_FOUND"
"svg/car-outline.svg","95e8b4c7d3ac8829a595a47e783ff68ec3ed5640e2b602404b024e1323c7be83","orgs/6e9b9e3b-c6be-4991-b03b-cf1f1d2eab4a/apps/com.aaa.iphone.discounts.5fc6b2fe/delta/beda55fda560d35e4e6a92630a881158dffa240b7c7952ed2a2f48494fc30c71_svg/car-outline.svg","600","NOT_FOUND"
"svg/card-outline.svg","022aecaf2cd0eb160edc921f5d0f9eb59adf198df50d684ff76846b788c5070a","orgs/6e9b9e3b-c6be-4991-b03b-cf1f1d2eab4a/apps/com.aaa.iphone.discounts.5fc6b2fe/delta/418fc764bf3f1ce8a61d8b087b8c2b03fa574e2745c030b8a566932996b7dae0_svg/card-outline.svg","350","NOT_FOUND"
"svg/checkmark-done-circle-outline.svg","726b5f0785b2ff2442270c0fb16f65b3ac24cd97ab169c0485f113bfc2167064","orgs/6e9b9e3b-c6be-4991-b03b-cf1f1d2eab4a/apps/com.aaa.iphone.discounts.5fc6b2fe/delta/cfe1a23a1b4ad63e32555250a9bda95dad6b807396b70e42f2be0dcf6065ee58_svg/checkmark-done-circle-outline.svg","415","NOT_FOUND"
"svg/chevron-down-outline.svg","e4da000bcce5b95276fbad464b0efc2d219e57e664e60ad9037603d9e77d9009","orgs/6e9b9e3b-c6be-4991-b03b-cf1f1d2eab4a/apps/com.aaa.iphone.discounts.5fc6b2fe/delta/b2ec39fc389fde93a8a4987125ec9efcd752eb6a5f8f404539e23cba59e217ac_svg/chevron-down-outline.svg","219","NOT_FOUND"
"svg/chevron-forward-outline.svg","6a81ccfb11963c5d26db85b850a04c1ae8152b43305927849aa16b1049c932e8","orgs/6e9b9e3b-c6be-4991-b03b-cf1f1d2eab4a/apps/com.aaa.iphone.discounts.5fc6b2fe/delta/c6596a0e0069736c703dc5a85b6d792906e396220cb1ad44df126a21e5fec7cb_svg/chevron-forward-outline.svg","211","NOT_FOUND"
"svg/chevron-up-outline.svg","f283971630bb4c27b0c3348204f314fb40265984fe853578def26af9e97ea337","orgs/6e9b9e3b-c6be-4991-b03b-cf1f1d2eab4a/apps/com.aaa.iphone.discounts.5fc6b2fe/delta/f8fc6a0281b07120f6630ca961b064c8e5f599740b1c0e93964771115c8cc113_svg/chevron-up-outline.svg","219","NOT_FOUND"
"svg/close-outline.svg","e93373f5614e10b000fc398d2b02dd19c8bccae373d034c6cf30b0cb83db226c","orgs/6e9b9e3b-c6be-4991-b03b-cf1f1d2eab4a/apps/com.aaa.iphone.discounts.5fc6b2fe/delta/28ca8f45ea5a4249b7e015903d710f971499c2a876ba445e5e509f050f24f886_svg/close-outline.svg","222","NOT_FOUND"
"svg/cloud-offline-outline.svg","0b46c470fb4aeb22ee5523b169b19dd0ba5c69ef0348b53034f636bdb6106a69","orgs/6e9b9e3b-c6be-4991-b03b-cf1f1d2eab4a/apps/com.aaa.iphone.discounts.5fc6b2fe/delta/8d06505a5623a59f4bf1880844e99ad51280e9d26c898bf888bacd63f0ae3e3e_svg/cloud-offline-outline.svg","503","NOT_FOUND"
"svg/cloud-outline.svg","a7b887d100405d68042e62fca9106b4115b903f992ccecc29ebad9fd58c9e7e9","orgs/6e9b9e3b-c6be-4991-b03b-cf1f1d2eab4a/apps/com.aaa.iphone.discounts.5fc6b2fe/delta/0553dfcc33b8ebe02289208910a47f206e28f3a21244ce86c6761dad7e60ee98_svg/cloud-outline.svg","319","NOT_FOUND"
"svg/color-palette-outline.svg","58596f213e67195cdcb1666589503ff082913a5ef0ba81078091f22c1aef8d48","orgs/6e9b9e3b-c6be-4991-b03b-cf1f1d2eab4a/apps/com.aaa.iphone.discounts.5fc6b2fe/delta/f5348c14b592f2749cf4cbd1b31b6469c1a950474ebab7b7c2321fa63ff7c559_svg/color-palette-outline.svg","636","NOT_FOUND"
"svg/contrast-outline.svg","b7aeeafd4bc9db36958bea06180f8a6ace7cd4a3b2c94d419f7e059591194aef","orgs/6e9b9e3b-c6be-4991-b03b-cf1f1d2eab4a/apps/com.aaa.iphone.discounts.5fc6b2fe/delta/5b29c5cda31bfe8417da6d178a101d70411727556d649da0407dbb27512f5e12_svg/contrast-outline.svg","256","NOT_FOUND"
"svg/copy-outline.svg","5bb1bcadf79f20d2b3f06ebaee5fe4de0701041932c45996bb26bdf41c69e1f5","orgs/6e9b9e3b-c6be-4991-b03b-cf1f1d2eab4a/apps/com.aaa.iphone.discounts.5fc6b2fe/delta/361c89fb62b5b185883271c7240c52c1a078d830e646504a26d712c38fef16c8_svg/copy-outline.svg","430","NOT_FOUND"
"svg/create-outline.svg","d9175cfc0e102377cad86c6f16d4186b33ca540f5beda6538f0fb49b778138fd","orgs/6e9b9e3b-c6be-4991-b03b-cf1f1d2eab4a/apps/com.aaa.iphone.discounts.5fc6b2fe/delta/d9770542d1aa795ad7ffd3a9c5c12f432376e1a0d5159dbf37899eb03f0a6c77_svg/create-outline.svg","572","NOT_FOUND"
"svg/earth-outline.svg","e966a9497d4722a0f7c5568e816a61dd8b8048485d7f89babd58f58085c75a0d","orgs/6e9b9e3b-c6be-4991-b03b-cf1f1d2eab4a/apps/com.aaa.iphone.discounts.5fc6b2fe/delta/c6e1ee62f23388a9d557761c89e425d58ee31e65f8e2b1da96255ae2fe765b07_svg/earth-outline.svg","3496","NOT_FOUND"
"svg/ellipse-outline.svg","2b103df622421ae04223aaf9918b597145f40757cc2c5460321b040e604a23fa","orgs/6e9b9e3b-c6be-4991-b03b-cf1f1d2eab4a/apps/com.aaa.iphone.discounts.5fc6b2fe/delta/356ca1e3b92cd98961dabc578be3ff697e9a8e114be76659f3d5e07bd368d7e1_svg/ellipse-outline.svg","213","NOT_FOUND"
"svg/eye-off-outline.svg","6e5949330b15de19aa73e63bc3ae76cc9637528fff482e65ed8271c3be93b269","orgs/6e9b9e3b-c6be-4991-b03b-cf1f1d2eab4a/apps/com.aaa.iphone.discounts.5fc6b2fe/delta/449591c26e69a0334f1bd85506a9e8d8eee4be3c7914270821f996835cdc53b2_svg/eye-off-outline.svg","1148","NOT_FOUND"
"svg/eye-outline.svg","3cd0a2f443228f1a8d499fe0ed08d2326763cecabee741e2cbd6ee170c151e61","orgs/6e9b9e3b-c6be-4991-b03b-cf1f1d2eab4a/apps/com.aaa.iphone.discounts.5fc6b2fe/delta/7357e7af086d6f426b96cff703720de93d83338bca7a025126021f10b15bcd49_svg/eye-outline.svg","490","NOT_FOUND"
"svg/eye-sharp.svg","63cd656d1b0e85e0305feb01fba62bb8f7d03a92746e2500728cf7e4885a8b81","orgs/6e9b9e3b-c6be-4991-b03b-cf1f1d2eab4a/apps/com.aaa.iphone.discounts.5fc6b2fe/delta/09b7861a813a74b48b7c837cadd6cd4743b8127d4aabcd6e0fece2e24f299b11_svg/eye-sharp.svg","456","NOT_FOUND"
"svg/finger-print.svg","7f0f534efe65df7c1bb0370bf407d73b176cd256b4bbc1ac4911b5a58b08bf2c","orgs/6e9b9e3b-c6be-4991-b03b-cf1f1d2eab4a/apps/com.aaa.iphone.discounts.5fc6b2fe/delta/59d77f5edf7ab82ef5d939031db4d7b0e47383fa8064b5be3d9f935f11e9fda9_svg/finger-print.svg","2412","NOT_FOUND"
"svg/home-outline.svg","7c60215b34eb41031dbb8f700ebe522f8f1b63f2a743f17a09823f2e97f65258","orgs/6e9b9e3b-c6be-4991-b03b-cf1f1d2eab4a/apps/com.aaa.iphone.discounts.5fc6b2fe/delta/f9199f7e9cae82c53d083697a1ffccf07ae53aa1efcdf5299c63b2ca336d59eb_svg/home-outline.svg","456","NOT_FOUND"
"svg/information-circle-outline.svg","471a13b471d4ee7d17300c891f294ca0114627c6df7b570b779ec8a524c4d9c7","orgs/6e9b9e3b-c6be-4991-b03b-cf1f1d2eab4a/apps/com.aaa.iphone.discounts.5fc6b2fe/delta/6087c3d6befdcb94c7ea4cfb8cca385df2154b06a9f9f5ca7e0bd3a0d7659103_svg/information-circle-outline.svg","545","NOT_FOUND"
"svg/list-outline.svg","403c128e72733fc210f7a9500ae6fe70bf3a0d01bc45923200b2e3de2f5241e5","orgs/6e9b9e3b-c6be-4991-b03b-cf1f1d2eab4a/apps/com.aaa.iphone.discounts.5fc6b2fe/delta/e58070d6c0874868ba453eea79ec5a3957f0b210c57d5f7e40f4bfd3701772ad_svg/list-outline.svg","607","NOT_FOUND"
"svg/location-outline.svg","f6d0bd0ae740f418ec8037f25de41ccaf96ebb4465974ba6a30dec387b3e8591","orgs/6e9b9e3b-c6be-4991-b03b-cf1f1d2eab4a/apps/com.aaa.iphone.discounts.5fc6b2fe/delta/6dd490c46cc3dcbd3808467af4ac534075fbe1a9147f0ddc008f8c55796e563d_svg/location-outline.svg","459","NOT_FOUND"
"svg/mail-open-outline.svg","6faaa28e27f0748ce77dfcddd66309cc217b59d513e619676aed08d412524681","orgs/6e9b9e3b-c6be-4991-b03b-cf1f1d2eab4a/apps/com.aaa.iphone.discounts.5fc6b2fe/delta/9c698ba69ea450c4a26d3b986495fd34d07d77cbda899dff2d02417b7bf4ce24_svg/mail-open-outline.svg","565","NOT_FOUND"
"svg/mail-unread-outline.svg","a915861152caf63b7dc7367aa7c8bcacf9bf2cf5b04d48301c8710601bf1b732","orgs/6e9b9e3b-c6be-4991-b03b-cf1f1d2eab4a/apps/com.aaa.iphone.discounts.5fc6b2fe/delta/68aa99fb9735dd875e30d6b2a940de4dc68c604a1fbe06d59ab4ff1af0e37fac_svg/mail-unread-outline.svg","552","NOT_FOUND"
"svg/map-sharp.svg","2577966e1981822e648f285c95abf53208f4399afddafa1e96f0b2f8413e1fc0","orgs/6e9b9e3b-c6be-4991-b03b-cf1f1d2eab4a/apps/com.aaa.iphone.discounts.5fc6b2fe/delta/00a1146aad6a2b51cc950d6a1fc792807550a8e36e3a471d312ab00d8d716d79_svg/map-sharp.svg","188","NOT_FOUND"
"svg/open-outline.svg","b313ac89fcc5a8a958f534227ed3f4674be8f7e5c31d65fc6ab74538aa09e4ba","orgs/6e9b9e3b-c6be-4991-b03b-cf1f1d2eab4a/apps/com.aaa.iphone.discounts.5fc6b2fe/delta/75de66c36af9cb8723a2d12cd3b28bf8a5b8f62ec37c705403ef0d7402e6b905_svg/open-outline.svg","297","NOT_FOUND"
"svg/options-outline.svg","88b9e1e1e5af219397e9cc3473c4aabd309a4f6eba06c2b232bff76b8794bb28","orgs/6e9b9e3b-c6be-4991-b03b-cf1f1d2eab4a/apps/com.aaa.iphone.discounts.5fc6b2fe/delta/555c3209d0905914ec2d7a724b3673b7df03515db58f7a075694a7379803ee72_svg/options-outline.svg","379","NOT_FOUND"
"svg/phone-portrait-outline.svg","ea7711dfc1f0442c88ba0574aaf113ee6a964c9d5c2154390abd69663051bc84","orgs/6e9b9e3b-c6be-4991-b03b-cf1f1d2eab4a/apps/com.aaa.iphone.discounts.5fc6b2fe/delta/73c791326471cd56bc01dd2527d506783503f9087241e334d072682eadad410c_svg/phone-portrait-outline.svg","417","NOT_FOUND"
"svg/pricetag-outline.svg","a03f724cb3da8caefe92f03f7ecf2a305c859151761b10718d34c8148a044430","orgs/6e9b9e3b-c6be-4991-b03b-cf1f1d2eab4a/apps/com.aaa.iphone.discounts.5fc6b2fe/delta/bae76268e6224c5b5b79968048df77b6889df8685b617673149bae21d4101648_svg/pricetag-outline.svg","422","NOT_FOUND"
"svg/refresh-outline.svg","cb9336fe69fcd1331400dd52b6bca500ac969abb4eea3df9c64289d4e19921fa","orgs/6e9b9e3b-c6be-4991-b03b-cf1f1d2eab4a/apps/com.aaa.iphone.discounts.5fc6b2fe/delta/00cd0b7618deb4b5e726e9d8c0c4e317616ad5ee78b8c88586a7a739236bebc9_svg/refresh-outline.svg","357","NOT_FOUND"
"svg/school-outline.svg","3c30dc8e8f01fe736ac7dcb2501c9d694da77851d714d45a48f539f79694f4a4","orgs/6e9b9e3b-c6be-4991-b03b-cf1f1d2eab4a/apps/com.aaa.iphone.discounts.5fc6b2fe/delta/328996bbf2bee3347776b1edbca068e75a2256801e73b9e7ab929b741960defa_svg/school-outline.svg","382","NOT_FOUND"
"svg/timer-outline.svg","da4fdcac53994e69a7bd992aff2cd1af853f1b65a7898a77d9a43b5894825fa4","orgs/6e9b9e3b-c6be-4991-b03b-cf1f1d2eab4a/apps/com.aaa.iphone.discounts.5fc6b2fe/delta/e1202179532b7fac4be417dcd6a2887b481a685a5ddfa1bfec0fc3736a95029b_svg/timer-outline.svg","456","NOT_FOUND"
"svg/trash-outline.svg","5ef71371695ccd72b86406a6c7d76aa85f79ee518a055fb9d9022d98a0787cc8","orgs/6e9b9e3b-c6be-4991-b03b-cf1f1d2eab4a/apps/com.aaa.iphone.discounts.5fc6b2fe/delta/b5e4812d42aa693393335cf04fb830bde605ccc2ff0a2f800016f2795f25aaa4_svg/trash-outline.svg","576","NOT_FOUND"
"svg/warning-outline.svg","f6f2a81cf6a0201211ae12cc1db66a3d656c50e3142f45e25637fb450893a416","orgs/6e9b9e3b-c6be-4991-b03b-cf1f1d2eab4a/apps/com.aaa.iphone.discounts.5fc6b2fe/delta/2ebbe456da8e6d4ddd291ff43a8a10d23a80b23962ea91d16f7dd0bb93defcd2_svg/warning-outline.svg","561","NOT_FOUND"
